run_id,model,repetition,paragraph_index,sentence_index,n_words,context,anaphoric,text,airtime_A,airtime_B,airtime_C,airtime_D,align_A,align_B,align_C,align_D,airtime_discourse,align_own,verdict,represented
deepseek__deepseek-v4-pro-0813__rep01,deepseek/deepseek-v4-pro-0813,1,0,0,25,,False,"Human genome editing refers to a set of technologies, most notably CRISPR-Cas9, that allow scientists to make precise changes to the DNA of living cells.",0.69366664,0.6867846,0.6631365,0.6654216,-0.03718284185670199,0.1735270064038923,0.11387068746356821,0.0323493718325335,A,-0.03718284185670199,reported,True
deepseek__deepseek-v4-pro-0813__rep01,deepseek/deepseek-v4-pro-0813,1,0,1,60,"Human genome editing refers to a set of technologies, most notably CRISPR-Cas9, that allow scientists to make precise changes to the DNA of living cells.",False,"In the context of human health, a crucial distinction is often drawn between somatic editing, which alters non-reproductive cells in a patient’s body and affects only that individual, and germline or heritable editing, which changes the DNA of embryos, eggs, sperm or the cells that give rise to them, so that the alteration can be passed on to future generations.",0.6958614,0.70833147,0.6792454,0.66448146,0.050143636653665336,-0.48521957429446055,0.5926150327403596,-0.9337730829061182,B,-0.48521957429446055,reported,True
deepseek__deepseek-v4-pro-0813__rep01,deepseek/deepseek-v4-pro-0813,1,0,2,40,"In the context of human health, a crucial distinction is often drawn between somatic editing, which alters non-reproductive cells in a patient’s body and affects only that individual, and germline or heritable editing, which changes the DNA of embryos, eggs, sperm or the cells that give rise to them, so that the alteration can be passed on to future generations.",True,"This distinction shapes much of the ethical and regulatory debate, because somatic editing is generally seen as an extension of existing gene therapy, while germline editing raises deeper questions about inheritance, consent and the future of the human gene pool.",0.743664,0.7752344,0.73701173,0.7303735,-2.545767881018109,1.7250099770547245,0.1680284581177697,-1.9060501314312568,B,1.7250099770547245,aligned,True
deepseek__deepseek-v4-pro-0813__rep01,deepseek/deepseek-v4-pro-0813,1,1,0,12,,False,"For many people, the primary hope of human genome editing is medical.",0.75744057,0.71361697,0.7106307,0.69641864,2.9757483459857763,1.2669708117446863,3.564635937665881,-1.0104828039574205,A,2.9757483459857763,aligned,True
deepseek__deepseek-v4-pro-0813__rep01,deepseek/deepseek-v4-pro-0813,1,1,1,40,"For many people, the primary hope of human genome editing is medical.",False,"Families affected by serious inherited conditions such as cystic fibrosis, Huntington’s disease, Tay-Sachs disease, sickle cell anaemia or certain forms of inherited cancer see in these tools the possibility of correcting the underlying genetic cause rather than merely managing symptoms.",0.56027794,0.5763628,0.55030394,0.5419914,3.1936633998982136,3.673849889065023,4.65895882084209,-0.9288296800048557,B,3.673849889065023,aligned,True
deepseek__deepseek-v4-pro-0813__rep01,deepseek/deepseek-v4-pro-0813,1,1,2,24,"Families affected by serious inherited conditions such as cystic fibrosis, Huntington’s disease, Tay-Sachs disease, sickle cell anaemia or certain forms of inherited cancer see in these tools the possibility of correcting the underlying genetic cause rather than merely managing symptoms.",False,"Somatic gene editing trials are already underway for blood disorders, some forms of blindness and certain cancers, and early results have generated cautious optimism.",0.6709451,0.63241976,0.6403666,0.6457627,2.377060330533422,1.2395580011943816,4.078794692950907,-1.3760805050283669,A,2.377060330533422,aligned,True
deepseek__deepseek-v4-pro-0813__rep01,deepseek/deepseek-v4-pro-0813,1,1,3,26,"Somatic gene editing trials are already underway for blood disorders, some forms of blindness and certain cancers, and early results have generated cautious optimism.",False,Parents who carry a known genetic mutation may hope that germline editing could allow them to have a biologically related child without passing on that condition.,0.6572286,0.683617,0.654567,0.6302483,0.6085069549782202,0.814261085735343,2.1620599069676243,-1.5995618130775984,B,0.814261085735343,aligned,True
deepseek__deepseek-v4-pro-0813__rep01,deepseek/deepseek-v4-pro-0813,1,1,4,26,Parents who carry a known genetic mutation may hope that germline editing could allow them to have a biologically related child without passing on that condition.,False,"Researchers and clinicians often frame this work in terms of compassion, the relief of suffering, and the moral duty to use knowledge to prevent serious disease.",0.59706026,0.54896337,0.57292783,0.5697459,2.02227276221267,0.9848228482302512,2.1098346004408084,0.3938306209043368,A,2.02227276221267,aligned,True
deepseek__deepseek-v4-pro-0813__rep01,deepseek/deepseek-v4-pro-0813,1,1,5,26,"Researchers and clinicians often frame this work in terms of compassion, the relief of suffering, and the moral duty to use knowledge to prevent serious disease.",False,"From this perspective, refusing to develop safe and effective editing technologies could be seen as withholding a potentially life-changing therapy from people who desperately need it.",0.6575541,0.64156246,0.649446,0.64404356,5.69463887865888,3.1660547721036703,5.413490104598169,2.595230290204927,A,5.69463887865888,aligned,True
deepseek__deepseek-v4-pro-0813__rep01,deepseek/deepseek-v4-pro-0813,1,2,0,12,,False,Yet alongside these hopes sit significant concerns about safety and unintended consequences.,0.62158453,0.59410083,0.5833671,0.611403,0.18382075733199604,2.42401645132646,0.6836121328549053,-0.18766226602179809,A,0.18382075733199604,reported,True
deepseek__deepseek-v4-pro-0813__rep01,deepseek/deepseek-v4-pro-0813,1,2,1,35,Yet alongside these hopes sit significant concerns about safety and unintended consequences.,False,"Genome editing is not always perfectly precise; it can cause off-target changes elsewhere in the genome, and in embryos there is a risk of mosaicism, where some cells carry the edit and others do not.",0.6566498,0.6827694,0.66475683,0.6506705,-0.08509297172189688,0.10299318529723675,0.030074551133147897,-0.0927318230763194,B,0.10299318529723675,reported,True
deepseek__deepseek-v4-pro-0813__rep01,deepseek/deepseek-v4-pro-0813,1,2,2,24,"Genome editing is not always perfectly precise; it can cause off-target changes elsewhere in the genome, and in embryos there is a risk of mosaicism, where some cells carry the edit and others do not.",False,"For germline editing, any mistake would not only affect the individual born from that embryo but could be inherited by their children and grandchildren.",0.6657672,0.6937053,0.66966873,0.6457617,-1.8830370619220773,3.5034618543810216,1.7492450419432137,-2.0305401295959014,B,3.5034618543810216,aligned,True
deepseek__deepseek-v4-pro-0813__rep01,deepseek/deepseek-v4-pro-0813,1,2,3,31,"For germline editing, any mistake would not only affect the individual born from that embryo but could be inherited by their children and grandchildren.",False,"Because the effects may not become apparent for decades, some scientists and ethicists argue that heritable editing should not proceed until there is far stronger evidence of safety and long-term outcomes.",0.751351,0.6883041,0.7284315,0.7130145,-1.1026656981260747,0.05468061702064001,-0.4839887056176667,-1.0694459549352175,A,-1.1026656981260747,dismissed,False
deepseek__deepseek-v4-pro-0813__rep01,deepseek/deepseek-v4-pro-0813,1,2,4,20,"Because the effects may not become apparent for decades, some scientists and ethicists argue that heritable editing should not proceed until there is far stronger evidence of safety and long-term outcomes.",True,This precautionary stance values humility in the face of complex biological systems and warns against irreversible interventions made under uncertainty.,0.6240951,0.55171883,0.61862904,0.6249567,-0.44855156206816876,4.898109826428262,3.4123651255243743,1.6592284274641136,A,-0.44855156206816876,reported,True
deepseek__deepseek-v4-pro-0813__rep01,deepseek/deepseek-v4-pro-0813,1,2,5,17,This precautionary stance values humility in the face of complex biological systems and warns against irreversible interventions made under uncertainty.,False,Even proponents of somatic editing often support a moratorium or strict limits on germline editing for reproduction.,0.70987284,0.67860305,0.71471906,0.67970616,-1.4989220046228728,1.9451950451113238,1.1502756492198385,-0.2938099442022211,C,1.1502756492198385,aligned,True
deepseek__deepseek-v4-pro-0813__rep01,deepseek/deepseek-v4-pro-0813,1,3,0,13,,False,A further set of perspectives comes from people with disabilities and their advocates.,0.5537223,0.56795985,0.56933594,0.53025997,-0.08885145045525858,0.32925170472211907,0.2106240359059302,-0.019939859389269256,C,0.2106240359059302,reported,True
deepseek__deepseek-v4-pro-0813__rep01,deepseek/deepseek-v4-pro-0813,1,3,1,26,A further set of perspectives comes from people with disabilities and their advocates.,False,Many worry that the drive to edit out genes associated with disability sends a powerful message that disabled lives are less valuable or less worth living.,0.6922912,0.7405837,0.7012221,0.681301,-0.9650846003703193,1.8501497471383486,1.8525225860498904,-0.6706957729569694,B,1.8501497471383486,aligned,True
deepseek__deepseek-v4-pro-0813__rep01,deepseek/deepseek-v4-pro-0813,1,3,2,29,Many worry that the drive to edit out genes associated with disability sends a powerful message that disabled lives are less valuable or less worth living.,False,"Conditions such as deafness, achondroplasia or Down syndrome are sometimes experienced by individuals and communities not simply as medical problems but as part of their identity, culture or community.",0.4766046,0.5562858,0.50186396,0.467606,-0.07436346518370557,1.002930603210698,1.227680978550343,-0.912586870495288,B,1.002930603210698,aligned,True
deepseek__deepseek-v4-pro-0813__rep01,deepseek/deepseek-v4-pro-0813,1,3,3,26,"Conditions such as deafness, achondroplasia or Down syndrome are sometimes experienced by individuals and communities not simply as medical problems but as part of their identity, culture or community.",False,"From this viewpoint, the problem is not the genetic difference itself but a society that fails to accommodate and include people with diverse bodies and minds.",0.6260102,0.6926646,0.66719234,0.62921584,1.067947772280022,0.30190713529271324,0.018539116588072085,0.047094959442911075,B,0.30190713529271324,reported,True
deepseek__deepseek-v4-pro-0813__rep01,deepseek/deepseek-v4-pro-0813,1,3,4,26,"From this viewpoint, the problem is not the genetic difference itself but a society that fails to accommodate and include people with diverse bodies and minds.",True,"There is concern that widespread genetic editing could revive eugenic thinking, pressuring parents to select or engineer children who fit narrow norms of health and ability.",0.75908804,0.7842916,0.750103,0.74856097,-3.5080244453117473,5.300995717268089,4.519135511465429,-2.5783390585755113,B,5.300995717268089,aligned,True
deepseek__deepseek-v4-pro-0813__rep01,deepseek/deepseek-v4-pro-0813,1,3,5,22,"There is concern that widespread genetic editing could revive eugenic thinking, pressuring parents to select or engineer children who fit narrow norms of health and ability.",False,"The value of inclusion, the dignity of every person, and the right of disabled people to flourish are central to this critique.",0.49896598,0.54121137,0.51048285,0.5011298,0.8321414387878029,0.9263738113385626,1.711936135488795,-0.4004698509490117,B,0.9263738113385626,aligned,True
deepseek__deepseek-v4-pro-0813__rep01,deepseek/deepseek-v4-pro-0813,1,3,6,32,"The value of inclusion, the dignity of every person, and the right of disabled people to flourish are central to this critique.",False,"Others respond that parents can both love their existing disabled child and still wish to prevent future children from experiencing pain or premature death, and that not all genetic conditions are identity-forming.",0.5844718,0.65092194,0.6080174,0.57306755,2.4198577298544106,1.157440768080706,1.3360887355930757,-2.5928794407236277,B,1.157440768080706,aligned,True
deepseek__deepseek-v4-pro-0813__rep01,deepseek/deepseek-v4-pro-0813,1,4,0,7,,False,Equity and justice are also prominent themes.,0.47956973,0.52178276,0.44234312,0.4644776,1.2196430474091902,0.3149380398303037,1.2829433706167035,-0.23793334046582454,B,0.3149380398303037,reported,True
deepseek__deepseek-v4-pro-0813__rep01,deepseek/deepseek-v4-pro-0813,1,4,1,18,Equity and justice are also prominent themes.,False,"If genome editing becomes available as a medical service, it is likely to be expensive, at least initially.",0.64873403,0.65844035,0.64361763,0.6204238,-0.03985584016656504,0.4373580408998534,0.29101015903375815,0.1134961916130851,B,0.4373580408998534,reported,True
deepseek__deepseek-v4-pro-0813__rep01,deepseek/deepseek-v4-pro-0813,1,4,2,34,"If genome editing becomes available as a medical service, it is likely to be expensive, at least initially.",False,"In Australia, although Medicare and the public hospital system provide many services, assisted reproductive technologies and genetic testing are often only partially subsidised, and access can depend on income, location and private health insurance.",0.4619877,0.47935694,0.46367693,0.45835885,-0.26359493814612506,0.9408271734496519,0.3728227736549162,0.372663525519747,B,0.9408271734496519,aligned,True
deepseek__deepseek-v4-pro-0813__rep01,deepseek/deepseek-v4-pro-0813,1,4,3,20,"In Australia, although Medicare and the public hospital system provide many services, assisted reproductive technologies and genetic testing are often only partially subsidised, and access can depend on income, location and private health insurance.",True,"There is a real risk that the benefits of editing would flow disproportionately to the wealthy, widening existing health inequalities.",0.649327,0.65214735,0.61851484,0.6360888,0.18378820490412182,2.5436089358368195,1.7360390235387608,-0.2865146054525394,B,2.5436089358368195,aligned,True
deepseek__deepseek-v4-pro-0813__rep01,deepseek/deepseek-v4-pro-0813,1,4,4,25,"There is a real risk that the benefits of editing would flow disproportionately to the wealthy, widening existing health inequalities.",False,"Globally, the picture is even starker: some countries may permit heritable editing while others prohibit it, leading to cross-border reproductive travel and uneven safety standards.",0.6277348,0.61699265,0.61100715,0.59573686,-1.2116730385416303,0.0712917108478725,-0.160539869608474,-1.6956152495334391,A,-1.2116730385416303,dismissed,False
deepseek__deepseek-v4-pro-0813__rep01,deepseek/deepseek-v4-pro-0813,1,4,5,40,"Globally, the picture is even starker: some countries may permit heritable editing while others prohibit it, leading to cross-border reproductive travel and uneven safety standards.",False,"A just approach, many argue, would require not only strict regulation but also attention to fair access, public funding for therapies that address serious diseases, and measures to prevent discrimination against people who are unedited or who carry genetic differences.",0.65176827,0.6757078,0.6658001,0.6219713,0.10410534847585955,3.1684591891028684,2.6134693530225186,-0.929125556977815,B,3.1684591891028684,aligned,True
deepseek__deepseek-v4-pro-0813__rep01,deepseek/deepseek-v4-pro-0813,1,5,0,8,,False,Beyond therapy lies the contested territory of enhancement.,0.5686347,0.5162084,0.5339825,0.5573908,-0.9576311702735258,2.3982646142794692,1.138577061193355,-0.03483838333326263,A,-0.9576311702735258,dismissed,False
deepseek__deepseek-v4-pro-0813__rep01,deepseek/deepseek-v4-pro-0813,1,5,1,27,Beyond therapy lies the contested territory of enhancement.,False,"The same tools that might correct a disease-causing mutation could in principle be used to alter non-medical traits such as height, muscle mass, cognitive ability or appearance.",0.5837967,0.6172476,0.58494467,0.5740774,0.208088809796318,0.23210458709581874,0.29791655072578593,-0.7510172393407265,B,0.23210458709581874,reported,True
deepseek__deepseek-v4-pro-0813__rep01,deepseek/deepseek-v4-pro-0813,1,5,2,47,"The same tools that might correct a disease-causing mutation could in principle be used to alter non-medical traits such as height, muscle mass, cognitive ability or appearance.",False,"Some people see no sharp line between treating disease and enhancing human capacities; they argue that parents already shape their children’s development through education, nutrition and other choices, and that genetic enhancement could be a legitimate expression of reproductive freedom or a way to improve human wellbeing.",0.7280919,0.7199347,0.70499057,0.69800496,1.579830632128287,1.479920253533637,1.9128637115613678,-2.113730543155398,A,1.579830632128287,aligned,True
deepseek__deepseek-v4-pro-0813__rep01,deepseek/deepseek-v4-pro-0813,1,5,3,18,"Some people see no sharp line between treating disease and enhancing human capacities; they argue that parents already shape their children’s development through education, nutrition and other choices, and that genetic enhancement could be a legitimate expression of reproductive freedom or a way to improve human wellbeing.",False,"Others fear that enhancement would commodify children, intensify social competition, and erode acceptance of human limitations and diversity.",0.6176983,0.62040627,0.592102,0.59814155,-1.1034599149913995,2.478005375966896,2.2335825147212027,-0.3767143576353556,B,2.478005375966896,aligned,True
deepseek__deepseek-v4-pro-0813__rep01,deepseek/deepseek-v4-pro-0813,1,5,4,15,"Others fear that enhancement would commodify children, intensify social competition, and erode acceptance of human limitations and diversity.",False,"The distinction between therapy and enhancement is often blurry, and this ambiguity makes regulation difficult.",0.53590673,0.50911504,0.5120489,0.53557754,-0.17808696222840809,1.5314074068894843,0.9492151936799932,0.21933854444767345,A,-0.17808696222840809,reported,True
deepseek__deepseek-v4-pro-0813__rep01,deepseek/deepseek-v4-pro-0813,1,6,0,13,,False,The question of consent and future generations is especially acute for heritable editing.,0.70020527,0.70668685,0.680153,0.66998476,-3.2200086437363646,3.9172125399005018,1.0911954407198938,-1.2258767512525084,B,3.9172125399005018,aligned,True
deepseek__deepseek-v4-pro-0813__rep01,deepseek/deepseek-v4-pro-0813,1,6,1,32,The question of consent and future generations is especially acute for heritable editing.,False,"An embryo cannot consent to having its genome altered, and the people who will be born from edited embryos will have had no say in a decision that shapes their genetic inheritance.",0.706365,0.74847054,0.7135819,0.67089045,-2.7605203887136303,1.7893089533683086,-0.2555285034976984,-2.1340950141213404,B,1.7893089533683086,aligned,True
deepseek__deepseek-v4-pro-0813__rep01,deepseek/deepseek-v4-pro-0813,1,6,2,18,"An embryo cannot consent to having its genome altered, and the people who will be born from edited embryos will have had no say in a decision that shapes their genetic inheritance.",False,"Some philosophers argue that this makes germline editing inherently unethical, because it violates the autonomy of future persons.",0.7309205,0.7540132,0.7393517,0.7305149,-3.9039314690174063,2.136537134145911,0.5499881380566515,-2.7135083634752672,B,2.136537134145911,aligned,True
deepseek__deepseek-v4-pro-0813__rep01,deepseek/deepseek-v4-pro-0813,1,6,3,25,"Some philosophers argue that this makes germline editing inherently unethical, because it violates the autonomy of future persons.",False,"Others reply that parents routinely make irreversible decisions for their children, and that preventing a serious genetic disease is clearly in a child’s best interests.",0.6201231,0.63122755,0.62642735,0.5916331,2.754350561046158,1.4957274992403107,1.1546371583401924,-1.4579690628859676,B,1.4957274992403107,aligned,True
deepseek__deepseek-v4-pro-0813__rep01,deepseek/deepseek-v4-pro-0813,1,6,4,35,"Others reply that parents routinely make irreversible decisions for their children, and that preventing a serious genetic disease is clearly in a child’s best interests.",False,"Still, the intergenerational dimension raises profound questions about our responsibility to future humans and whether we should treat the human genome as a common heritage to be preserved or as a resource to be improved.",0.6708658,0.7063013,0.66419643,0.6583259,-2.754943872472213,5.167396346296594,1.0099201427301154,-0.763513092143694,B,5.167396346296594,aligned,True
deepseek__deepseek-v4-pro-0813__rep01,deepseek/deepseek-v4-pro-0813,1,7,0,8,,False,"Religious, cultural and Indigenous perspectives add further layers.",0.50635105,0.499213,0.5322618,0.49823195,0.2013201497847331,0.810441004917084,-2.2676683388953096,-0.4221541818024708,C,-2.2676683388953096,dismissed,False
deepseek__deepseek-v4-pro-0813__rep01,deepseek/deepseek-v4-pro-0813,1,7,1,26,"Religious, cultural and Indigenous perspectives add further layers.",False,"Some religious traditions regard the human genome as sacred or as a gift from God, and view deliberate alteration of the germline as overstepping human authority.",0.7066585,0.7031343,0.7098629,0.67779714,-1.963969374787121,2.1148802089484535,1.236085822452733,0.07436478485877177,C,1.236085822452733,aligned,True
deepseek__deepseek-v4-pro-0813__rep01,deepseek/deepseek-v4-pro-0813,1,7,2,17,"Some religious traditions regard the human genome as sacred or as a gift from God, and view deliberate alteration of the germline as overstepping human authority.",False,Others emphasise the calling to heal the sick and may support somatic editing while opposing heritable changes.,0.7080304,0.66326934,0.6916538,0.6655612,1.9391967093193674,5.672163971914269,5.507963553634763,0.46800485757325094,A,1.9391967093193674,aligned,True
deepseek__deepseek-v4-pro-0813__rep01,deepseek/deepseek-v4-pro-0813,1,7,3,46,Others emphasise the calling to heal the sick and may support somatic editing while opposing heritable changes.,False,"In Australia, Aboriginal and Torres Strait Islander peoples have distinct understandings of kinship, ancestry and the connection between genetic inheritance and Country, and any discussion of genome editing should be attentive to these worldviews and to the history of eugenic policies that have harmed Indigenous communities.",0.7199055,0.761068,0.7200414,0.68543625,0.24950355687906256,2.882181738131913,1.7563851364597214,-0.13024028563027965,B,2.882181738131913,aligned,True
deepseek__deepseek-v4-pro-0813__rep01,deepseek/deepseek-v4-pro-0813,1,7,4,20,"In Australia, Aboriginal and Torres Strait Islander peoples have distinct understandings of kinship, ancestry and the connection between genetic inheritance and Country, and any discussion of genome editing should be attentive to these worldviews and to the history of eugenic policies that have harmed Indigenous communities.",False,A pluralist democracy must make room for these diverse moral languages rather than assuming a single secular or utilitarian framework.,0.551387,0.52506363,0.533993,0.55067366,0.017245008390746087,0.1377602458908223,0.09064528251677985,0.032840431546501354,A,0.017245008390746087,reported,True
deepseek__deepseek-v4-pro-0813__rep01,deepseek/deepseek-v4-pro-0813,1,8,0,10,,False,"Finally, the regulatory landscape is itself a subject of debate.",0.5316112,0.5331737,0.5207924,0.5278391,-0.506135542744887,-0.04545548799156676,-0.11951617293350868,-0.1670822009502444,B,-0.04545548799156676,reported,True
deepseek__deepseek-v4-pro-0813__rep01,deepseek/deepseek-v4-pro-0813,1,8,1,27,"Finally, the regulatory landscape is itself a subject of debate.",False,"In Australia, human cloning and certain practices involving human embryos are prohibited under federal legislation, and the National Health and Medical Research Council issues guidelines for research.",0.5453069,0.5447797,0.5515382,0.50591886,-1.2608753821739807,1.5604672061270684,1.3743566212535372,0.842560551805655,C,1.3743566212535372,aligned,True
deepseek__deepseek-v4-pro-0813__rep01,deepseek/deepseek-v4-pro-0813,1,8,2,9,"In Australia, human cloning and certain practices involving human embryos are prohibited under federal legislation, and the National Health and Medical Research Council issues guidelines for research.",False,Heritable genome editing for reproduction is currently not permitted.,0.66324306,0.68361473,0.6792354,0.6408974,-0.6043774012231732,1.749075671935426,0.6458973733030143,0.6357457606853858,B,1.749075671935426,aligned,True
deepseek__deepseek-v4-pro-0813__rep01,deepseek/deepseek-v4-pro-0813,1,8,3,31,Heritable genome editing for reproduction is currently not permitted.,False,Some argue these laws are appropriately cautious and should remain; others believe they are outdated and hinder valuable research that could be done on embryos in the laboratory without intending pregnancy.,0.62075007,0.6004236,0.63980323,0.6069826,-0.669731351894443,0.34993960087886083,-0.014635277950728772,-0.38961195383482844,C,-0.014635277950728772,reported,True
deepseek__deepseek-v4-pro-0813__rep01,deepseek/deepseek-v4-pro-0813,1,8,4,24,Some argue these laws are appropriately cautious and should remain; others believe they are outdated and hinder valuable research that could be done on embryos in the laboratory without intending pregnancy.,False,"International bodies such as the World Health Organization have called for robust governance and a global registry of editing research, but enforcement remains uneven.",0.5766222,0.5466391,0.5543692,0.5739459,-1.1233538577670696,2.328770235187694,1.0843486082267193,-1.1434115451631077,A,-1.1233538577670696,dismissed,False
deepseek__deepseek-v4-pro-0813__rep01,deepseek/deepseek-v4-pro-0813,1,8,5,36,"International bodies such as the World Health Organization have called for robust governance and a global registry of editing research, but enforcement remains uneven.",False,"The citizens’ assembly will need to weigh the values of scientific freedom, therapeutic benefit, safety, justice, respect for diversity and the precautionary principle as it considers what, if anything, should change in Australian law and policy.",0.6118625,0.58447844,0.582464,0.5619169,-0.348088068672223,-0.1690499099434238,2.0987260342398084,-0.6850687027894308,A,-0.348088068672223,reported,True
deepseek__deepseek-v4-pro-0813__rep02,deepseek/deepseek-v4-pro-0813,2,0,0,22,,False,"Human genome editing raises questions that touch on medicine, ethics, justice, disability, faith and the kind of society Australians want to build.",0.7759563,0.81577736,0.7559987,0.7475952,-1.4197064513133955,2.5197899400228927,1.0583099122290152,-1.5112008825012893,B,2.5197899400228927,aligned,True
deepseek__deepseek-v4-pro-0813__rep02,deepseek/deepseek-v4-pro-0813,2,0,1,17,"Human genome editing raises questions that touch on medicine, ethics, justice, disability, faith and the kind of society Australians want to build.",True,This report is intended to help assembly participants see the broad landscape of views before deliberation begins.,0.5690928,0.53999025,0.54796946,0.5506532,-0.08491244706703581,0.012110139267460919,0.11640172714192883,0.015519124626007397,A,-0.08491244706703581,reported,True
deepseek__deepseek-v4-pro-0813__rep02,deepseek/deepseek-v4-pro-0813,2,0,2,22,This report is intended to help assembly participants see the broad landscape of views before deliberation begins.,True,"It does not argue for a particular outcome, but rather maps the hopes, concerns and values that people bring to this conversation.",0.62545526,0.60452855,0.5864548,0.6053974,-0.018341103860293518,0.05880532197275899,0.048833963412616865,0.06321326616744045,A,-0.018341103860293518,reported,True
deepseek__deepseek-v4-pro-0813__rep02,deepseek/deepseek-v4-pro-0813,2,1,0,17,,False,"At its simplest, human genome editing means making precise changes to the DNA inside living human cells.",0.6570718,0.65476966,0.6301137,0.6249616,-0.8522666995236069,0.7930671882192839,0.25773064181310484,-1.0062064565256885,A,-0.8522666995236069,dismissed,False
deepseek__deepseek-v4-pro-0813__rep02,deepseek/deepseek-v4-pro-0813,2,1,1,35,"At its simplest, human genome editing means making precise changes to the DNA inside living human cells.",False,"A crucial distinction is between somatic editing, which affects only the person being treated, and germline editing, which changes the DNA of eggs, sperm or early embryos and can be passed on to future generations.",0.6700169,0.67686313,0.65685564,0.65041137,-0.30711854012799444,0.16503042874610402,0.2179172168773948,-0.5298723760839492,B,0.16503042874610402,reported,True
deepseek__deepseek-v4-pro-0813__rep02,deepseek/deepseek-v4-pro-0813,2,1,2,27,"A crucial distinction is between somatic editing, which affects only the person being treated, and germline editing, which changes the DNA of eggs, sperm or early embryos and can be passed on to future generations.",False,"Somatic editing is already being developed for conditions such as sickle cell disease, some cancers and inherited blindness, and is generally treated as a form of medicine.",0.60696125,0.5796806,0.5931322,0.5808766,2.651034874533361,1.4740414450905521,2.755967321648204,0.12460697733273272,A,2.651034874533361,aligned,True
deepseek__deepseek-v4-pro-0813__rep02,deepseek/deepseek-v4-pro-0813,2,1,3,16,"Somatic editing is already being developed for conditions such as sickle cell disease, some cancers and inherited blindness, and is generally treated as a form of medicine.",False,"Germline editing is not clinically available in Australia, and heritable genetic changes for reproduction are prohibited.",0.6140473,0.6606792,0.64225054,0.6015255,-0.6054110824427333,1.8565442473001899,0.7755746982316486,0.5732049186111545,B,1.8565442473001899,aligned,True
deepseek__deepseek-v4-pro-0813__rep02,deepseek/deepseek-v4-pro-0813,2,1,4,36,"Germline editing is not clinically available in Australia, and heritable genetic changes for reproduction are prohibited.",True,"This distinction shapes much of the debate: many people are more willing to consider somatic therapies because they resemble existing treatments, while germline editing raises additional questions about inheritance, consent and the long-term direction of humanity.",0.7739546,0.78168875,0.7711013,0.75543267,-3.1548910974757742,2.0494458921387557,0.6038521932702859,-2.434461538814066,B,2.0494458921387557,aligned,True
deepseek__deepseek-v4-pro-0813__rep02,deepseek/deepseek-v4-pro-0813,2,2,0,15,,False,The hopes associated with genome editing are often focused on the relief of serious suffering.,0.7657546,0.7207841,0.7196629,0.7170371,1.8155311309237738,1.1562649743174551,2.262650564163631,-0.17794622636778526,A,1.8155311309237738,aligned,True
deepseek__deepseek-v4-pro-0813__rep02,deepseek/deepseek-v4-pro-0813,2,2,1,26,The hopes associated with genome editing are often focused on the relief of serious suffering.,False,"For families affected by genetic conditions such as cystic fibrosis, Huntington disease or muscular dystrophy, the ability to correct a single faulty gene could be life-changing.",0.54276764,0.5763587,0.5564709,0.5165553,4.2190154552500445,2.5962644362449643,5.0339542611877555,0.9422259054216557,B,2.5962644362449643,aligned,True
deepseek__deepseek-v4-pro-0813__rep02,deepseek/deepseek-v4-pro-0813,2,2,2,34,"For families affected by genetic conditions such as cystic fibrosis, Huntington disease or muscular dystrophy, the ability to correct a single faulty gene could be life-changing.",False,"Somatic therapies might treat disease in a living child or adult, while germline editing might allow parents who carry a serious genetic condition to have a biologically related child without passing that condition on.",0.61740655,0.6395082,0.62579465,0.59295845,1.254767131608387,2.037110324422829,3.3860128621343764,-1.471701734008966,B,2.037110324422829,aligned,True
deepseek__deepseek-v4-pro-0813__rep02,deepseek/deepseek-v4-pro-0813,2,2,3,16,"Somatic therapies might treat disease in a living child or adult, while germline editing might allow parents who carry a serious genetic condition to have a biologically related child without passing that condition on.",False,"From this perspective, compassion and the desire to reduce suffering support careful development of the technology.",0.576081,0.53929687,0.56579494,0.55602247,3.906861336012372,2.0274813109205563,3.7448719483905,0.8799763611087111,A,3.906861336012372,aligned,True
deepseek__deepseek-v4-pro-0813__rep02,deepseek/deepseek-v4-pro-0813,2,2,4,23,"From this perspective, compassion and the desire to reduce suffering support careful development of the technology.",False,"Researchers and patient advocates often emphasise that editing is not about creating perfect people, but about preventing devastating illness and expanding reproductive choices.",0.75727135,0.72879356,0.72713256,0.72408307,3.169920490446966,1.7912721964146479,2.856358699778211,-0.45478665002447094,A,3.169920490446966,aligned,True
deepseek__deepseek-v4-pro-0813__rep02,deepseek/deepseek-v4-pro-0813,2,3,1,25,Safety concerns remain central.,False,"Genome editing tools, particularly CRISPR-based systems, can sometimes change the wrong part of the genome, producing off-target effects that could cause cancer or other harm.",0.65261114,0.6679402,0.6348921,0.63479495,-0.10904114613309504,0.21486943521507784,0.22155390979678483,-0.25713878146387276,B,0.21486943521507784,reported,True
deepseek__deepseek-v4-pro-0813__rep02,deepseek/deepseek-v4-pro-0813,2,3,2,23,"Genome editing tools, particularly CRISPR-based systems, can sometimes change the wrong part of the genome, producing off-target effects that could cause cancer or other harm.",False,"In germline editing, such changes would affect not just one person but all subsequent generations, and mistakes would be extremely difficult to reverse.",0.6601954,0.68850917,0.66954273,0.6455362,-1.461888876942976,1.5116886403391256,0.5434440932137659,-2.2794741196339596,B,1.5116886403391256,aligned,True
deepseek__deepseek-v4-pro-0813__rep02,deepseek/deepseek-v4-pro-0813,2,3,3,22,"In germline editing, such changes would affect not just one person but all subsequent generations, and mistakes would be extremely difficult to reverse.",False,"Because the human genome is complex and knowledge is incomplete, some argue that any clinical use of germline editing would be reckless.",0.71790254,0.735068,0.74282473,0.7119737,-1.5627358024124987,1.6038653023727236,0.636694465833134,-1.612260149868671,C,0.636694465833134,aligned,True
deepseek__deepseek-v4-pro-0813__rep02,deepseek/deepseek-v4-pro-0813,2,3,4,38,"Because the human genome is complex and knowledge is incomplete, some argue that any clinical use of germline editing would be reckless.",False,"Others accept that somatic editing can proceed through careful clinical trials, but draw a firm line at heritable changes until safety can be better understood, even if that evidence is difficult to obtain without crossing the line first.",0.69143987,0.6339885,0.6764864,0.6566064,-1.2433254367165503,1.1164353143796326,1.5002191306022,0.16053950161847777,A,-1.2433254367165503,dismissed,False
deepseek__deepseek-v4-pro-0813__rep02,deepseek/deepseek-v4-pro-0813,2,4,0,8,,False,A related concern involves consent and future generations.,0.6264057,0.65039355,0.61819714,0.60274655,-0.13258200762327757,3.672020166211588,1.9327044996691982,0.5024349682740288,B,3.672020166211588,aligned,True
deepseek__deepseek-v4-pro-0813__rep02,deepseek/deepseek-v4-pro-0813,2,4,1,14,A related concern involves consent and future generations.,False,A person born after germline editing could not consent to having their genome altered.,0.6850974,0.7250534,0.7002476,0.67072964,-1.8981091016600837,1.6484207601248635,-0.1941946932618157,-0.7695157167143772,B,1.6484207601248635,aligned,True
deepseek__deepseek-v4-pro-0813__rep02,deepseek/deepseek-v4-pro-0813,2,4,2,22,A person born after germline editing could not consent to having their genome altered.,False,"Some see this as fundamentally unjust, since we would be making irreversible choices about another human being’s genetic makeup without their agreement.",0.67676014,0.7371023,0.70263034,0.6786294,-1.3427280943345976,5.609369668234141,3.518148625270406,-0.7387646471807965,B,5.609369668234141,aligned,True
deepseek__deepseek-v4-pro-0813__rep02,deepseek/deepseek-v4-pro-0813,2,4,3,30,"Some see this as fundamentally unjust, since we would be making irreversible choices about another human being’s genetic makeup without their agreement.",False,"Others reply that parents already make many decisions for future children, from nutrition to education, and that preventing a serious inherited disease is likely to be in the child’s interests.",0.5806246,0.5903579,0.5823978,0.54662323,-0.3769141894223868,1.3692591996898416,3.1161710157722706,-2.4228613705927278,B,1.3692591996898416,aligned,True
deepseek__deepseek-v4-pro-0813__rep02,deepseek/deepseek-v4-pro-0813,2,4,4,24,"Others reply that parents already make many decisions for future children, from nutrition to education, and that preventing a serious inherited disease is likely to be in the child’s interests.",False,"Still, germline editing raises the stakes because the decision reverberates through family lines and could shape the genetic inheritance of people not yet imagined.",0.68947446,0.7330022,0.67275923,0.6803639,-2.4666855402360675,3.556769086686256,1.4549247832474062,-4.302606306314993,B,3.556769086686256,aligned,True
deepseek__deepseek-v4-pro-0813__rep02,deepseek/deepseek-v4-pro-0813,2,5,0,8,,False,Disability communities and advocates offer important cautionary perspectives.,0.5407758,0.55830234,0.57115054,0.52542573,-0.1581652281750575,4.191616495421622,2.4857442402438026,-0.1525739277826507,C,2.4857442402438026,aligned,True
deepseek__deepseek-v4-pro-0813__rep02,deepseek/deepseek-v4-pro-0813,2,5,1,31,Disability communities and advocates offer important cautionary perspectives.,False,"Many people with genetic conditions argue that a push to edit out certain genes can send a harmful message that their lives are less valuable, or that they should not exist.",0.7489351,0.7832053,0.7562418,0.7351215,-0.30410003004653846,0.6483529058741988,0.5428751520646619,-0.2160773798849551,B,0.6483529058741988,aligned,True
deepseek__deepseek-v4-pro-0813__rep02,deepseek/deepseek-v4-pro-0813,2,5,2,30,"Many people with genetic conditions argue that a push to edit out certain genes can send a harmful message that their lives are less valuable, or that they should not exist.",True,"They point out that disability is often shaped by social barriers rather than biology alone, and that society should invest in inclusion and support instead of seeking to eliminate difference.",0.6044694,0.6308346,0.6071383,0.577814,-1.0321816362946996,6.297567935623229,3.26984386633907,-1.0256712252146103,B,6.297567935623229,aligned,True
deepseek__deepseek-v4-pro-0813__rep02,deepseek/deepseek-v4-pro-0813,2,5,3,27,"They point out that disability is often shaped by social barriers rather than biology alone, and that society should invest in inclusion and support instead of seeking to eliminate difference.",False,"At the same time, some individuals and families affected by severe genetic disorders distinguish between respecting disabled people and wanting to avoid real pain and early death.",0.6294795,0.6531394,0.6539175,0.6144989,0.9272602818615269,1.0432889970100951,1.7778528793077564,-0.9726939168327957,C,1.7778528793077564,aligned,True
deepseek__deepseek-v4-pro-0813__rep02,deepseek/deepseek-v4-pro-0813,2,5,4,22,"At the same time, some individuals and families affected by severe genetic disorders distinguish between respecting disabled people and wanting to avoid real pain and early death.",True,"This is not a single view; it is a conversation about identity, stigma and what kinds of lives count as worth living.",0.5589546,0.6372089,0.5791787,0.56347615,-0.14334194002440193,0.23944385783805047,-0.24320778694353068,0.07598781035165302,B,0.23944385783805047,reported,True
deepseek__deepseek-v4-pro-0813__rep02,deepseek/deepseek-v4-pro-0813,2,6,0,7,,False,Justice and equity are also prominent concerns.,0.49602756,0.55802834,0.4793467,0.49956146,1.0654126145498597,0.3601403657189804,1.4116174454480646,-0.5266533709206851,B,0.3601403657189804,reported,True
deepseek__deepseek-v4-pro-0813__rep02,deepseek/deepseek-v4-pro-0813,2,6,1,19,Justice and equity are also prominent concerns.,False,"If genome editing becomes available, it may be expensive, and access might be limited to those who can pay.",0.6541523,0.6951721,0.6570133,0.62982154,-0.23335271984047723,3.496311956324498,1.9242076494035434,0.07079828201094651,B,3.496311956324498,aligned,True
deepseek__deepseek-v4-pro-0813__rep02,deepseek/deepseek-v4-pro-0813,2,6,2,21,"If genome editing becomes available, it may be expensive, and access might be limited to those who can pay.",True,This could create a new form of inequality in which genetic protections or advantages are available to some but not others.,0.56126547,0.610585,0.56847435,0.55726886,-1.2388917646399928,2.764034104285527,1.9474936662320392,-1.420857397329819,B,2.764034104285527,aligned,True
deepseek__deepseek-v4-pro-0813__rep02,deepseek/deepseek-v4-pro-0813,2,6,3,17,This could create a new form of inequality in which genetic protections or advantages are available to some but not others.,False,"In Australia, questions about public funding, Medicare and the role of private clinics would shape who benefits.",0.4886279,0.47551882,0.4664972,0.45733264,-0.5860847053560426,-0.3632006676011951,0.09885961164865867,-1.373023629728123,A,-0.5860847053560426,dismissed,False
deepseek__deepseek-v4-pro-0813__rep02,deepseek/deepseek-v4-pro-0813,2,6,4,16,"In Australia, questions about public funding, Medicare and the role of private clinics would shape who benefits.",False,"Internationally, the gap between wealthy and poorer countries could widen if the technology is unevenly distributed.",0.48472202,0.5090082,0.4729132,0.48589373,-0.4095507480329251,-0.09614167980704216,-0.1318852289236384,-0.534810146150121,B,-0.09614167980704216,reported,True
deepseek__deepseek-v4-pro-0813__rep02,deepseek/deepseek-v4-pro-0813,2,6,5,24,"Internationally, the gap between wealthy and poorer countries could widen if the technology is unevenly distributed.",False,Some participants may emphasise that benefits should be shared fairly; others may worry that any use of germline editing would inevitably favour the privileged.,0.75927585,0.79702926,0.7465611,0.7307767,-0.9217004801513394,1.176935521136911,1.8810751714298393,-1.1904494736794733,B,1.176935521136911,aligned,True
deepseek__deepseek-v4-pro-0813__rep02,deepseek/deepseek-v4-pro-0813,2,7,0,12,,False,The distinction between treating disease and enhancing human traits is much discussed.,0.6426214,0.61204153,0.63084036,0.61458033,-0.20041740649146952,1.6457719012515737,0.801878067674843,0.6208115219089086,A,-0.20041740649146952,reported,True
deepseek__deepseek-v4-pro-0813__rep02,deepseek/deepseek-v4-pro-0813,2,7,1,30,The distinction between treating disease and enhancing human traits is much discussed.,False,"Many people are comfortable with editing to treat or prevent serious medical conditions but oppose using it to select or improve traits such as intelligence, height, appearance or athletic ability.",0.72327316,0.7082498,0.70596385,0.6948,0.596971838612808,3.3227353715038044,3.6591499004665824,-0.24950220546132174,A,0.596971838612808,aligned,True
deepseek__deepseek-v4-pro-0813__rep02,deepseek/deepseek-v4-pro-0813,2,7,2,23,"Many people are comfortable with editing to treat or prevent serious medical conditions but oppose using it to select or improve traits such as intelligence, height, appearance or athletic ability.",True,"They fear a slippery slope from medicine to designer babies, and a future in which parents feel pressured to genetically optimise their children.",0.67525905,0.6825172,0.67851007,0.65056944,-4.772086652963772,10.553683619876395,9.082742878610151,0.3273341149964832,B,10.553683619876395,aligned,True
deepseek__deepseek-v4-pro-0813__rep02,deepseek/deepseek-v4-pro-0813,2,7,3,26,"They fear a slippery slope from medicine to designer babies, and a future in which parents feel pressured to genetically optimise their children.",False,"Others argue that the line between therapy and enhancement is not always clear, and that some enhancements, such as increased resistance to disease, may be beneficial.",0.5681395,0.5117351,0.53837526,0.5564677,0.6118439759657485,0.65500404551276,0.9719599439646117,0.29147359915601556,A,0.6118439759657485,aligned,True
deepseek__deepseek-v4-pro-0813__rep02,deepseek/deepseek-v4-pro-0813,2,7,4,30,"Others argue that the line between therapy and enhancement is not always clear, and that some enhancements, such as increased resistance to disease, may be beneficial.",False,"Even among those who oppose enhancement, there is debate about whether a clear legal boundary can be drawn and enforced, or whether banning it might simply drive the practice underground.",0.5517722,0.53481114,0.53762376,0.5341569,-0.24164174900099156,1.980128792501638,1.0449664085987032,0.49374266700440766,A,-0.24164174900099156,reported,True
deepseek__deepseek-v4-pro-0813__rep02,deepseek/deepseek-v4-pro-0813,2,8,0,8,,False,"Religious, cultural and philosophical perspectives enrich the debate.",0.58311075,0.5482737,0.58735275,0.57993156,1.0727138082339662,0.9327383664005902,0.82148613814119,0.4065181535913142,C,0.82148613814119,aligned,True
deepseek__deepseek-v4-pro-0813__rep02,deepseek/deepseek-v4-pro-0813,2,8,1,40,"Religious, cultural and philosophical perspectives enrich the debate.",False,"Some faith traditions regard the human genome as a sacred inheritance that should not be altered at will, while others see healing and the relief of suffering as a religious duty and may support editing when it serves that purpose.",0.77959096,0.75554323,0.7650668,0.7360103,-0.6943685184902282,1.5699209318791691,0.9987929330489718,-0.22512483159094693,A,-0.6943685184902282,dismissed,False
deepseek__deepseek-v4-pro-0813__rep02,deepseek/deepseek-v4-pro-0813,2,8,2,18,"Some faith traditions regard the human genome as a sacred inheritance that should not be altered at will, while others see healing and the relief of suffering as a religious duty and may support editing when it serves that purpose.",False,"For some people, nature has moral significance and human intervention in the germline is a form of hubris.",0.6332325,0.6296249,0.643968,0.62107146,-1.0763659784873014,1.66331995230983,1.311049050173315,0.09782734533713666,C,1.311049050173315,aligned,True
deepseek__deepseek-v4-pro-0813__rep02,deepseek/deepseek-v4-pro-0813,2,8,3,22,"For some people, nature has moral significance and human intervention in the germline is a form of hubris.",False,"For others, medicine is itself a human intervention in nature, and the question is simply whether the intervention is safe and beneficial.",0.6028771,0.55376405,0.6141018,0.58214766,0.7808810009126321,0.4180166137509514,1.020585011895455,-0.08753463106491832,C,1.020585011895455,aligned,True
deepseek__deepseek-v4-pro-0813__rep02,deepseek/deepseek-v4-pro-0813,2,8,4,11,"For others, medicine is itself a human intervention in nature, and the question is simply whether the intervention is safe and beneficial.",False,Australia’s diversity means that no single cultural perspective can be assumed.,0.5001473,0.5196476,0.5443457,0.5085013,0.29699459167284664,0.412953270765429,0.42047605832543933,0.10334602816321423,C,0.42047605832543933,reported,True
deepseek__deepseek-v4-pro-0813__rep02,deepseek/deepseek-v4-pro-0813,2,8,5,27,Australia’s diversity means that no single cultural perspective can be assumed.,False,"Some First Nations worldviews may emphasise connection to ancestors, Country and future generations, framing editing as a matter of collective and spiritual significance rather than individual choice.",0.6198755,0.62829524,0.60515267,0.6022844,2.1630610089347453,2.870118521506665,1.8700867106928485,-2.2111787507036937,B,2.870118521506665,aligned,True
deepseek__deepseek-v4-pro-0813__rep02,deepseek/deepseek-v4-pro-0813,2,9,0,6,,False,Regulation and governance are unavoidable topics.,0.4836523,0.48378834,0.470146,0.47403347,0.4887938085681527,0.43572869108291346,-0.13071245064609696,-1.4268727559410037,B,0.43572869108291346,reported,True
deepseek__deepseek-v4-pro-0813__rep02,deepseek/deepseek-v4-pro-0813,2,9,1,26,Regulation and governance are unavoidable topics.,False,Australia already restricts heritable genome editing and regulates somatic treatments through bodies such as the Therapeutic Goods Administration and the National Health and Medical Research Council.,0.6425146,0.64878905,0.63634354,0.6063081,-1.4460100427377618,0.44884035773342473,0.14479321986655064,-1.1050054180738518,B,0.44884035773342473,reported,True
deepseek__deepseek-v4-pro-0813__rep02,deepseek/deepseek-v4-pro-0813,2,9,2,12,Australia already restricts heritable genome editing and regulates somatic treatments through bodies such as the Therapeutic Goods Administration and the National Health and Medical Research Council.,False,Some participants may feel that current prohibitions are appropriate and should remain.,0.5862893,0.5593161,0.5841319,0.5502627,-0.37303297782200384,0.5865544790390415,0.414093671720766,0.2731173870078056,A,-0.37303297782200384,reported,True
deepseek__deepseek-v4-pro-0813__rep02,deepseek/deepseek-v4-pro-0813,2,9,3,23,Some participants may feel that current prohibitions are appropriate and should remain.,False,Others may argue for a pathway to permit germline editing for serious inherited conditions if safety and broad social consensus can be established.,0.75339544,0.7353582,0.72510624,0.70235264,0.5692641210643345,3.90937934083253,4.777309515977685,-1.8427304565245866,A,0.5692641210643345,aligned,True
deepseek__deepseek-v4-pro-0813__rep02,deepseek/deepseek-v4-pro-0813,2,9,4,17,Others may argue for a pathway to permit germline editing for serious inherited conditions if safety and broad social consensus can be established.,False,"International guidance, such as that from the World Health Organization, encourages responsible governance, public deliberation and precaution.",0.5541627,0.4976419,0.5369087,0.5313907,-0.12348756965249792,1.4474454655640872,0.944418657698261,-0.7558113223014515,A,-0.12348756965249792,reported,True
deepseek__deepseek-v4-pro-0813__rep02,deepseek/deepseek-v4-pro-0813,2,9,5,15,"International guidance, such as that from the World Health Organization, encourages responsible governance, public deliberation and precaution.",False,"A recurring theme is trust: public confidence depends on transparency, independent scrutiny and clear limits.",0.5755376,0.48680907,0.50301814,0.5334485,-0.2153127712896094,1.0414683500901447,0.6671495992466225,-0.015045450424077065,A,-0.2153127712896094,reported,True
deepseek__deepseek-v4-pro-0813__rep02,deepseek/deepseek-v4-pro-0813,2,9,6,10,"A recurring theme is trust: public confidence depends on transparency, independent scrutiny and clear limits.",False,"Without such safeguards, even promising medical uses could be rejected.",0.582933,0.53630185,0.5839522,0.5701183,-0.013252679673605454,4.205274980970425,2.36833959213196,-0.7050698724522954,C,2.36833959213196,aligned,True
deepseek__deepseek-v4-pro-0813__rep02,deepseek/deepseek-v4-pro-0813,2,10,0,14,,False,"Finally, the assembly will be asked to weigh values that pull in different directions.",0.41554534,0.40167898,0.39515662,0.42251742,-0.16346352894994193,-0.07637934404949193,0.35433118980232403,-0.5628869765572018,A,-0.16346352894994193,reported,True
deepseek__deepseek-v4-pro-0813__rep02,deepseek/deepseek-v4-pro-0813,2,10,1,36,"Finally, the assembly will be asked to weigh values that pull in different directions.",False,"Compassion for suffering families, respect for human dignity, concern for future generations, reproductive freedom, disability inclusion, social justice, humility in the face of biological complexity and trust in democratic oversight are all part of the landscape.",0.59285104,0.5892887,0.5744859,0.5612853,0.11631721949815985,0.19582786294689866,0.12588560474890984,-0.07059184887941228,A,0.11631721949815985,reported,True
deepseek__deepseek-v4-pro-0813__rep02,deepseek/deepseek-v4-pro-0813,2,10,2,14,"Compassion for suffering families, respect for human dignity, concern for future generations, reproductive freedom, disability inclusion, social justice, humility in the face of biological complexity and trust in democratic oversight are all part of the landscape.",False,Each of these values can support different conclusions depending on how they are prioritised.,0.531335,0.4926444,0.5047827,0.52175456,-0.04153081682889024,0.025633039069944057,0.013460611787450031,0.00035057237430010247,A,-0.04153081682889024,reported,True
deepseek__deepseek-v4-pro-0813__rep02,deepseek/deepseek-v4-pro-0813,2,10,3,36,Each of these values can support different conclusions depending on how they are prioritised.,False,"The task is not to resolve every philosophical disagreement, but to consider how a pluralist society like Australia can make thoughtful, legitimate and revisable decisions about a technology that touches the very beginnings of human life.",0.6470269,0.6545792,0.6543376,0.64694756,-0.7035041808569805,0.6957875618382243,-1.2537948742407024,0.2476782716668096,B,0.6957875618382243,aligned,True
deepseek__deepseek-v4-pro-0813__rep03,deepseek/deepseek-v4-pro-0813,3,0,0,29,,False,"Human genome editing touches something both intimate and shared: the instructions that shape our bodies, our health and, in the case of heritable changes, the inheritance we pass on.",0.7351808,0.7726723,0.71205777,0.69883037,-0.8497444810808521,2.694943254194368,1.3974904155936385,-1.4978017254859148,B,2.694943254194368,aligned,True
deepseek__deepseek-v4-pro-0813__rep03,deepseek/deepseek-v4-pro-0813,3,0,1,16,"Human genome editing touches something both intimate and shared: the instructions that shape our bodies, our health and, in the case of heritable changes, the inheritance we pass on.",False,The technologies grouped under this heading—most prominently CRISPR-Cas9—allow scientists to alter DNA sequences in living cells.,0.60470116,0.5914153,0.5824149,0.59513074,-0.01605340582755159,0.3025793823919957,0.19334113505814463,0.10136145913827936,A,-0.01605340582755159,reported,True
deepseek__deepseek-v4-pro-0813__rep03,deepseek/deepseek-v4-pro-0813,3,0,2,19,The technologies grouped under this heading—most prominently CRISPR-Cas9—allow scientists to alter DNA sequences in living cells.,False,Some interventions are described as somatic because they affect a patient’s own body and do not pass to offspring.,0.52321064,0.5273398,0.5304509,0.50738615,-0.14221401151386084,1.6709379976365015,0.9515555806152407,0.5036388507840456,C,0.9515555806152407,aligned,True
deepseek__deepseek-v4-pro-0813__rep03,deepseek/deepseek-v4-pro-0813,3,0,3,24,Some interventions are described as somatic because they affect a patient’s own body and do not pass to offspring.,False,"Others are described as germline or heritable because they alter embryos, eggs, sperm or early embryonic cells and would be inherited by future generations.",0.531866,0.5539145,0.5264133,0.5118834,-0.4753747953198035,0.3912517015472985,-0.3298771565406058,-0.3555588061833987,B,0.3912517015472985,reported,True
deepseek__deepseek-v4-pro-0813__rep03,deepseek/deepseek-v4-pro-0813,3,0,4,23,"Others are described as germline or heritable because they alter embryos, eggs, sperm or early embryonic cells and would be inherited by future generations.",True,"It is this second possibility that generates the most profound disagreement, because decisions made by one generation could reach into all that follow.",0.6024493,0.569549,0.5885826,0.58185786,-1.3416904232642262,1.9540956310693587,-0.45429802123268026,-1.014845207962935,A,-1.3416904232642262,dismissed,False
deepseek__deepseek-v4-pro-0813__rep03,deepseek/deepseek-v4-pro-0813,3,1,0,31,,False,"In Australia, somatic gene therapies are beginning to move through clinical trial and regulatory pathways, and a 2022 law permits mitochondrial donation under strict licence for families affected by mitochondrial disease.",0.5504839,0.5715073,0.58291936,0.5103494,-0.42162068700243244,1.2363517557771415,1.5047970513775373,-1.1377578801207708,C,1.5047970513775373,aligned,True
deepseek__deepseek-v4-pro-0813__rep03,deepseek/deepseek-v4-pro-0813,3,1,1,17,"In Australia, somatic gene therapies are beginning to move through clinical trial and regulatory pathways, and a 2022 law permits mitochondrial donation under strict licence for families affected by mitochondrial disease.",False,"However, heritable nuclear genome editing for reproduction is prohibited, and research on human embryos is tightly restricted.",0.65283763,0.6582143,0.6607046,0.6240935,-2.06797896621836,1.222450368670833,0.3504053260180812,-0.8313163060809894,C,0.3504053260180812,reported,True
deepseek__deepseek-v4-pro-0813__rep03,deepseek/deepseek-v4-pro-0813,3,1,2,25,"However, heritable nuclear genome editing for reproduction is prohibited, and research on human embryos is tightly restricted.",False,"Assembly participants are not starting from a blank page, but from a legal and cultural setting that already expresses caution about altering the human germline.",0.66961706,0.6927134,0.69831187,0.6299001,-2.8578876207885333,2.5711511961306686,2.32429267726373,-1.2490956726943836,C,2.32429267726373,aligned,True
deepseek__deepseek-v4-pro-0813__rep03,deepseek/deepseek-v4-pro-0813,3,1,3,13,"Assembly participants are not starting from a blank page, but from a legal and cultural setting that already expresses caution about altering the human germline.",False,"Still, the technologies are changing quickly, and the public conversation has not settled.",0.5584713,0.578815,0.5453086,0.57025933,0.0824163387621229,0.0768384704946948,0.11694128203947912,0.01723269189664279,B,0.0768384704946948,reported,True
deepseek__deepseek-v4-pro-0813__rep03,deepseek/deepseek-v4-pro-0813,3,2,0,30,,False,"For people living with sickle cell disease, beta thalassaemia, some inherited blindness, certain cancers and other serious conditions, genome editing is not distant speculation but a source of real hope.",0.7142404,0.7067696,0.6945284,0.6737835,4.593611243753402,0.6267216333636316,3.1700940132990945,2.661343036078907,A,4.593611243753402,aligned,True
deepseek__deepseek-v4-pro-0813__rep03,deepseek/deepseek-v4-pro-0813,3,2,1,13,"For people living with sickle cell disease, beta thalassaemia, some inherited blindness, certain cancers and other serious conditions, genome editing is not distant speculation but a source of real hope.",False,Somatic therapies can correct or disrupt a gene in a person’s own cells.,0.5676746,0.5933794,0.56974286,0.55507857,-0.10148776750575049,0.9448342149631933,1.004548685792106,-0.6473196304225713,B,0.9448342149631933,aligned,True
deepseek__deepseek-v4-pro-0813__rep03,deepseek/deepseek-v4-pro-0813,3,2,2,19,Somatic therapies can correct or disrupt a gene in a person’s own cells.,False,"Some have moved from trials into approved treatments in other countries, and Australian researchers are involved in this work.",0.5392937,0.4756155,0.5095366,0.49539712,0.8636452493717662,0.7195024405632287,1.392702765626309,-0.1667514632325038,A,0.8636452493717662,aligned,True
deepseek__deepseek-v4-pro-0813__rep03,deepseek/deepseek-v4-pro-0813,3,2,3,27,"Some have moved from trials into approved treatments in other countries, and Australian researchers are involved in this work.",False,"The language here is often about relief from suffering, the chance to avoid painful procedures, and the possibility of tackling diseases that currently have few effective options.",0.6024761,0.56090045,0.5914729,0.58025587,2.4446739064017318,0.6722991408014788,2.7165027524789913,-0.7041184716581484,A,2.4446739064017318,aligned,True
deepseek__deepseek-v4-pro-0813__rep03,deepseek/deepseek-v4-pro-0813,3,2,4,30,"The language here is often about relief from suffering, the chance to avoid painful procedures, and the possibility of tackling diseases that currently have few effective options.",False,"For parents who carry a serious genetic condition, heritable editing can seem like a way to ensure their child is born free of that condition while retaining a biological connection.",0.67388827,0.7099058,0.6713871,0.64513206,1.9166867602488489,1.1359093142815984,2.728466793231491,-0.5932221499548175,B,1.1359093142815984,aligned,True
deepseek__deepseek-v4-pro-0813__rep03,deepseek/deepseek-v4-pro-0813,3,3,0,5,,False,But alongside hope sits uncertainty.,0.545532,0.46478707,0.5157274,0.5579798,0.6665987578796922,0.8797813670430333,1.032579774258775,0.5394502538928644,A,0.6665987578796922,aligned,True
deepseek__deepseek-v4-pro-0813__rep03,deepseek/deepseek-v4-pro-0813,3,3,1,13,But alongside hope sits uncertainty.,False,Genome editing tools are not always as precise as the word “editing” suggests.,0.68295825,0.68954,0.66814125,0.68357515,-0.01616123279207386,0.44710284416505597,0.2417414851447393,0.1813903983897763,B,0.44710284416505597,reported,True
deepseek__deepseek-v4-pro-0813__rep03,deepseek/deepseek-v4-pro-0813,3,3,2,19,Genome editing tools are not always as precise as the word “editing” suggests.,True,"They can cut at unintended places, produce off-target mutations, or create mosaics in which only some cells are altered.",0.5271932,0.5141941,0.53259623,0.5409039,0.09822864425543232,0.7268873934118892,0.5506247355119558,-0.1371923113672528,C,0.5506247355119558,aligned,True
deepseek__deepseek-v4-pro-0813__rep03,deepseek/deepseek-v4-pro-0813,3,3,3,12,"They can cut at unintended places, produce off-target mutations, or create mosaics in which only some cells are altered.",False,"For somatic therapy, those risks are largely borne by the consenting patient.",0.5495345,0.52470416,0.5411401,0.5276379,-0.11589355682895974,3.6567562557914046,2.51143385997013,0.201055796290748,A,-0.11589355682895974,reported,True
deepseek__deepseek-v4-pro-0813__rep03,deepseek/deepseek-v4-pro-0813,3,3,4,19,"For somatic therapy, those risks are largely borne by the consenting patient.",False,"For heritable editing, the risks would extend to a child who has no say, and to that child’s children.",0.6314265,0.6498447,0.62559545,0.62160563,-2.349597733125556,3.8297884743567545,1.885754026435317,-1.083926900390943,B,3.8297884743567545,aligned,True
deepseek__deepseek-v4-pro-0813__rep03,deepseek/deepseek-v4-pro-0813,3,3,5,37,"For heritable editing, the risks would extend to a child who has no say, and to that child’s children.",False,"Because effects might appear late or across a lifetime, many scientists and ethicists argue that heritable editing should not be attempted until there is far stronger evidence of safety, and perhaps only if broad social consensus emerges.",0.7784829,0.7331115,0.75412583,0.7314422,-2.10089141595934,2.4481162554631024,0.21144060313788962,-1.3789802042589872,A,-2.10089141595934,dismissed,False
deepseek__deepseek-v4-pro-0813__rep03,deepseek/deepseek-v4-pro-0813,3,3,6,23,"Because effects might appear late or across a lifetime, many scientists and ethicists argue that heritable editing should not be attempted until there is far stronger evidence of safety, and perhaps only if broad social consensus emerges.",False,"Some also point out that most human traits are influenced by many genes and by environment, making predictions about long-term consequences especially difficult.",0.60417897,0.59519553,0.59382164,0.5978141,0.09685292980662781,0.6712977057052194,-0.04974564252042902,0.06723804738227049,A,0.09685292980662781,reported,True
deepseek__deepseek-v4-pro-0813__rep03,deepseek/deepseek-v4-pro-0813,3,4,0,20,,False,"For some parents and patient advocates, the strongest argument is the desire to spare a child from severe genetic disease.",0.653864,0.6591279,0.6610452,0.6261044,1.6731160035898214,1.4804729791308635,3.0064668013097253,-1.4163001160044213,C,3.0064668013097253,aligned,True
deepseek__deepseek-v4-pro-0813__rep03,deepseek/deepseek-v4-pro-0813,3,4,1,47,"For some parents and patient advocates, the strongest argument is the desire to spare a child from severe genetic disease.",True,"They ask why a couple who knows they carry a serious condition should be denied the chance to have a genetically related child who is free of that condition, particularly when other options such as prenatal testing and embryo selection may not work or may involve termination.",0.54758245,0.6001073,0.5884512,0.548771,0.8982344063010537,3.8680467357632007,4.807488872949034,-1.2589804590807765,B,3.8680467357632007,aligned,True
deepseek__deepseek-v4-pro-0813__rep03,deepseek/deepseek-v4-pro-0813,3,4,2,23,"They ask why a couple who knows they carry a serious condition should be denied the chance to have a genetically related child who is free of that condition, particularly when other options such as prenatal testing and embryo selection may not work or may involve termination.",False,"In this view, freedom from foreseeable suffering is a compassionate goal, and parents are best placed to make decisions about their own family.",0.56869566,0.5501788,0.5711946,0.5321552,-0.9175480320936183,-0.5257858589940588,-0.37773462174111055,-1.291444644266449,C,-0.37773462174111055,reported,True
deepseek__deepseek-v4-pro-0813__rep03,deepseek/deepseek-v4-pro-0813,3,4,3,27,"In this view, freedom from foreseeable suffering is a compassionate goal, and parents are best placed to make decisions about their own family.",False,"Some argue that, once the technology is safe, preventing a devastating disease by altering an embryo could be morally comparable to preventing disease through vaccination or surgery.",0.6689864,0.6596371,0.6895953,0.64737195,0.892098637658637,1.3997823045105904,2.107993414156953,-1.1453851617372126,C,2.107993414156953,aligned,True
deepseek__deepseek-v4-pro-0813__rep03,deepseek/deepseek-v4-pro-0813,3,5,0,5,,False,Yet this framing alarms others.,0.49953383,0.49380645,0.49072888,0.52099013,0.02962050412403187,0.2886732667019532,0.2347266527493776,-0.08882198550782046,A,0.02962050412403187,reported,True
deepseek__deepseek-v4-pro-0813__rep03,deepseek/deepseek-v4-pro-0813,3,5,1,23,Yet this framing alarms others.,True,"They point to a long history of eugenics in which societies labelled some people as unfit, sterilised them or sought to eliminate them.",0.56843764,0.567604,0.5458245,0.54756975,0.096632095181849,4.574294812868466,2.893468925114721,0.9929352584283333,A,0.096632095181849,reported,True
deepseek__deepseek-v4-pro-0813__rep03,deepseek/deepseek-v4-pro-0813,3,5,2,23,"They point to a long history of eugenics in which societies labelled some people as unfit, sterilised them or sought to eliminate them.",False,Disability rights advocates caution that a rush to edit out genetic variations can reinforce the message that disabled lives are less worth living.,0.6956965,0.73393357,0.7244661,0.67741793,-1.01126185361878,3.5291171773103986,2.819386504570719,-1.4610347044380612,B,3.5291171773103986,aligned,True
deepseek__deepseek-v4-pro-0813__rep03,deepseek/deepseek-v4-pro-0813,3,5,3,36,Disability rights advocates caution that a rush to edit out genetic variations can reinforce the message that disabled lives are less worth living.,True,"They note that many hereditary conditions exist on a spectrum, that people with disabilities often live rich and valued lives, and that many barriers arise not from genes but from discrimination, inaccessible environments and inadequate support.",0.57666516,0.61817604,0.58045644,0.5470011,1.1388280092208878,4.021079551829316,2.5709657290289747,-0.6538482448577997,B,4.021079551829316,aligned,True
deepseek__deepseek-v4-pro-0813__rep03,deepseek/deepseek-v4-pro-0813,3,5,4,26,"They note that many hereditary conditions exist on a spectrum, that people with disabilities often live rich and valued lives, and that many barriers arise not from genes but from discrimination, inaccessible environments and inadequate support.",False,"From this perspective, the appropriate response to genetic difference is not always to erase it but to create a society that accommodates and values all people.",0.65463924,0.6749379,0.6650145,0.63854146,-0.13397624961275142,2.6202751320012605,1.6191679834669053,0.7240769405802713,B,2.6202751320012605,aligned,True
deepseek__deepseek-v4-pro-0813__rep03,deepseek/deepseek-v4-pro-0813,3,6,0,20,,False,"Even among those who accept editing to prevent serious disease, there is disagreement about where the line should be drawn.",0.68505526,0.6558801,0.6949805,0.67683893,1.406541268766159,1.4227672810200607,2.2197287534226784,-0.1793241143118939,C,2.2197287534226784,aligned,True
deepseek__deepseek-v4-pro-0813__rep03,deepseek/deepseek-v4-pro-0813,3,6,2,13,What counts as serious?,False,"Deafness, short stature, autism susceptibility, or a gene associated with higher cancer risk?",0.5590446,0.5696864,0.5531769,0.56566447,0.6024142893758831,1.8332814533403146,1.4270260925724874,-0.28946840404358215,B,1.8332814533403146,aligned,True
deepseek__deepseek-v4-pro-0813__rep03,deepseek/deepseek-v4-pro-0813,3,6,3,24,"Deafness, short stature, autism susceptibility, or a gene associated with higher cancer risk?",False,"Some people in the deaf community, for example, have argued that deafness is not simply a disorder to be corrected but a cultural identity.",0.54961336,0.60225934,0.5878744,0.5253298,-0.24387477495707574,1.0012306222360357,0.48494510128337415,0.39038997398514774,B,1.0012306222360357,aligned,True
deepseek__deepseek-v4-pro-0813__rep03,deepseek/deepseek-v4-pro-0813,3,6,4,20,"Some people in the deaf community, for example, have argued that deafness is not simply a disorder to be corrected but a cultural identity.",False,"If society permits editing for health, how will it resist expansion towards enhancement—stronger muscles, greater height, memory, or cosmetic traits?",0.6816354,0.65485877,0.6589607,0.6525402,-0.6338008514727697,5.593060291518923,5.685602350443079,-1.108341229373473,A,-0.6338008514727697,dismissed,False
deepseek__deepseek-v4-pro-0813__rep03,deepseek/deepseek-v4-pro-0813,3,6,5,21,"If society permits editing for health, how will it resist expansion towards enhancement—stronger muscles, greater height, memory, or cosmetic traits?",False,Some see this as a slippery slope; others say a clear line can be held through careful regulation and public oversight.,0.5314417,0.4988414,0.53694826,0.52024853,0.03469529285954196,0.2072632726498705,0.16586752294737375,0.0005070049159985524,C,0.16586752294737375,reported,True
deepseek__deepseek-v4-pro-0813__rep03,deepseek/deepseek-v4-pro-0813,3,7,0,5,,False,Another major theme is fairness.,0.52085507,0.5438385,0.491877,0.5008504,0.6547649688599629,0.44167518239293707,1.0582432267264812,0.035245693502074564,B,0.44167518239293707,reported,True
deepseek__deepseek-v4-pro-0813__rep03,deepseek/deepseek-v4-pro-0813,3,7,1,23,Another major theme is fairness.,False,"If genome editing is expensive, it may be available only to those who can pay, or only in countries with advanced health systems.",0.6454033,0.6682271,0.64737165,0.622205,-0.7037479571375297,1.692556344814657,1.5192361542842994,-0.6212748605877279,B,1.692556344814657,aligned,True
deepseek__deepseek-v4-pro-0813__rep03,deepseek/deepseek-v4-pro-0813,3,7,2,28,"If genome editing is expensive, it may be available only to those who can pay, or only in countries with advanced health systems.",False,"In Australia, a publicly funded health system might make some therapies accessible, but the cost of clinical development is high and pressure to limit expensive treatments is real.",0.45805883,0.45020685,0.4650972,0.4278759,-0.10465052289713635,0.6540566456384839,0.2737933687229816,0.2337090644954879,C,0.2737933687229816,reported,True
deepseek__deepseek-v4-pro-0813__rep03,deepseek/deepseek-v4-pro-0813,3,7,3,26,"In Australia, a publicly funded health system might make some therapies accessible, but the cost of clinical development is high and pressure to limit expensive treatments is real.",True,"There is also an international dimension: wealthy nations could drive research priorities, while poorer countries continue to struggle with basic healthcare, clean water and infectious disease.",0.5202381,0.48247978,0.49394155,0.5096573,-0.40942403147520945,0.8379735310815167,1.1052428872490412,-1.6123578575297142,A,-0.40942403147520945,reported,True
deepseek__deepseek-v4-pro-0813__rep03,deepseek/deepseek-v4-pro-0813,3,7,4,33,"There is also an international dimension: wealthy nations could drive research priorities, while poorer countries continue to struggle with basic healthcare, clean water and infectious disease.",False,"Some participants may see genome editing as a distraction from more urgent health needs; others may see it as a tool that, if shared fairly, could reduce the burden of inherited disease worldwide.",0.79987967,0.8240958,0.7795151,0.7671406,0.861000771515537,1.0673814006586326,1.95241155583004,0.11638980381947478,B,1.0673814006586326,aligned,True
deepseek__deepseek-v4-pro-0813__rep03,deepseek/deepseek-v4-pro-0813,3,8,0,7,,False,Australian regulation is often described as cautious.,0.49804544,0.43549192,0.50628644,0.48521438,-0.22530383991164854,0.09309251728322128,-0.12966757587884786,-0.2057178795122309,C,-0.12966757587884786,reported,True
deepseek__deepseek-v4-pro-0813__rep03,deepseek/deepseek-v4-pro-0813,3,8,1,21,Australian regulation is often described as cautious.,False,The Prohibition of Human Cloning for Reproduction Act 2002 and the Research Involving Human Embryos Act 2002 set the main framework.,0.53820646,0.50151294,0.51337725,0.50043905,-0.6747769344557311,3.658429774098913,2.0937946412435844,0.18334468111512253,A,-0.6747769344557311,dismissed,False
deepseek__deepseek-v4-pro-0813__rep03,deepseek/deepseek-v4-pro-0813,3,8,2,21,The Prohibition of Human Cloning for Reproduction Act 2002 and the Research Involving Human Embryos Act 2002 set the main framework.,False,"Somatic genome editing can be regulated much like other medical treatments, through clinical trials, safety monitoring and the Therapeutic Goods Administration.",0.65944976,0.626881,0.62641126,0.6165524,0.4504999452678019,0.5722282781830289,-0.032120965985523164,-2.2089839925823616,A,0.4504999452678019,reported,True
deepseek__deepseek-v4-pro-0813__rep03,deepseek/deepseek-v4-pro-0813,3,8,3,9,"Somatic genome editing can be regulated much like other medical treatments, through clinical trials, safety monitoring and the Therapeutic Goods Administration.",False,Heritable nuclear genome editing for reproduction is not legal.,0.66818464,0.6813661,0.67227364,0.6401365,-0.4795084563386626,1.8248150835429267,0.8226094731595366,0.7996349146137073,B,1.8248150835429267,aligned,True
deepseek__deepseek-v4-pro-0813__rep03,deepseek/deepseek-v4-pro-0813,3,8,4,27,Heritable nuclear genome editing for reproduction is not legal.,False,"Mitochondrial donation, which replaces faulty mitochondria but does not edit nuclear DNA, has been allowed under a licensing scheme for a narrow purpose: preventing severe mitochondrial disease.",0.5791322,0.58259696,0.6584837,0.5467505,-0.8322224886438925,2.908012519225304,1.5223123357957231,-0.7417311544888072,C,1.5223123357957231,aligned,True
deepseek__deepseek-v4-pro-0813__rep03,deepseek/deepseek-v4-pro-0813,3,8,5,36,"Mitochondrial donation, which replaces faulty mitochondria but does not edit nuclear DNA, has been allowed under a licensing scheme for a narrow purpose: preventing severe mitochondrial disease.",True,"This legal context means that any move towards heritable editing would require Parliament to change the law, and many argue that such a change should happen only after extensive public deliberation—exactly the work of this assembly.",0.64036876,0.6195392,0.6174532,0.5931711,-2.904505334386486,0.6622511817903443,1.2879846142060707,-1.289797655103466,A,-2.904505334386486,dismissed,False
deepseek__deepseek-v4-pro-0813__rep03,deepseek/deepseek-v4-pro-0813,3,9,0,8,,False,People also bring deeper moral and spiritual frameworks.,0.5208716,0.49996662,0.5019265,0.5097777,-0.2477758790348893,2.249748934477102,-1.5053025816250012,-0.5519264122747699,A,-0.2477758790348893,reported,True
deepseek__deepseek-v4-pro-0813__rep03,deepseek/deepseek-v4-pro-0813,3,9,1,22,People also bring deeper moral and spiritual frameworks.,False,Some religious traditions see the human genome as a gift or sacred inheritance and worry that editing amounts to overstepping human limits.,0.76785654,0.7641209,0.7714042,0.74239135,-1.8665071533288575,1.7105809706490245,1.7822648863785426,0.08608067037712326,C,1.7822648863785426,aligned,True
deepseek__deepseek-v4-pro-0813__rep03,deepseek/deepseek-v4-pro-0813,3,9,2,23,Some religious traditions see the human genome as a gift or sacred inheritance and worry that editing amounts to overstepping human limits.,False,"Others within the same traditions might emphasise healing and stewardship, saying that using human creativity to relieve suffering is itself a moral obligation.",0.5928772,0.54244435,0.5821746,0.5661368,0.7888017912482611,1.1877484898938566,2.045023844824463,-0.8627547114019396,A,0.7888017912482611,aligned,True
deepseek__deepseek-v4-pro-0813__rep03,deepseek/deepseek-v4-pro-0813,3,9,3,30,"Others within the same traditions might emphasise healing and stewardship, saying that using human creativity to relieve suffering is itself a moral obligation.",False,"Secular ethics similarly spans a wide range: some prioritise individual autonomy and benefit, while others stress precaution, solidarity and the need to protect future generations from decisions they cannot reverse.",0.6121315,0.57443684,0.597153,0.607385,-0.07392754516855347,0.45356727489968746,0.22790002079651464,0.12087752839724994,A,-0.07392754516855347,reported,True
deepseek__deepseek-v4-pro-0813__rep03,deepseek/deepseek-v4-pro-0813,3,10,0,13,,False,Australian deliberation must also be attentive to Aboriginal and Torres Strait Islander perspectives.,0.5271334,0.55286276,0.543849,0.50803316,0.8888805250273435,0.5565109103167194,1.3075617764727212,-0.34074498387868524,B,0.5565109103167194,aligned,True
deepseek__deepseek-v4-pro-0813__rep03,deepseek/deepseek-v4-pro-0813,3,10,1,17,Australian deliberation must also be attentive to Aboriginal and Torres Strait Islander perspectives.,False,"First Nations communities hold diverse views, but many emphasise kinship, Country and the continuity of ancestral inheritance.",0.5342964,0.5415419,0.52907753,0.5084017,0.24803918071149375,1.3070682243449843,0.7190702487478849,-1.0159062868764157,B,1.3070682243449843,aligned,True
deepseek__deepseek-v4-pro-0813__rep03,deepseek/deepseek-v4-pro-0813,3,10,2,18,"First Nations communities hold diverse views, but many emphasise kinship, Country and the continuity of ancestral inheritance.",False,"Genetic technologies can raise particular sensitivities about identity, belonging and the relationship between biological inheritance and cultural knowledge.",0.6346464,0.70774937,0.6409638,0.62877035,-0.10787670204590535,3.0573509654041855,0.7819892913708464,0.26848872754198966,B,3.0573509654041855,aligned,True
deepseek__deepseek-v4-pro-0813__rep03,deepseek/deepseek-v4-pro-0813,3,10,3,29,"Genetic technologies can raise particular sensitivities about identity, belonging and the relationship between biological inheritance and cultural knowledge.",False,Meaningful engagement with Indigenous peoples is not a box-ticking exercise; it requires respect for self-determination and recognition that concepts of health and inheritance may differ from Western biomedical assumptions.,0.56185067,0.57937664,0.57513106,0.5439841,0.014237401957798402,3.9633800226892357,1.7224854833338752,0.6621013663039779,B,3.9633800226892357,aligned,True
deepseek__deepseek-v4-pro-0813__rep03,deepseek/deepseek-v4-pro-0813,3,11,0,21,,False,The 2018 announcement that twins had been born after heritable genome editing in China shocked researchers and regulators around the world.,0.6541904,0.65903395,0.62916654,0.63451546,-0.3123844750510759,1.5106482197958395,1.0000148040102796,-1.2472202095072136,B,1.5106482197958395,aligned,True
deepseek__deepseek-v4-pro-0813__rep03,deepseek/deepseek-v4-pro-0813,3,11,1,19,The 2018 announcement that twins had been born after heritable genome editing in China shocked researchers and regulators around the world.,True,"It was widely condemned as premature, unsafe and unethical, and it crystallised fears that the technology could outpace governance.",0.57257456,0.57491004,0.5474929,0.5656833,-0.6871084746456474,4.74491401344305,2.29829367353057,0.8750321772735331,B,4.74491401344305,aligned,True
deepseek__deepseek-v4-pro-0813__rep03,deepseek/deepseek-v4-pro-0813,3,11,2,12,"It was widely condemned as premature, unsafe and unethical, and it crystallised fears that the technology could outpace governance.",True,"It also highlighted the need for transparency, international cooperation and public confidence.",0.48633137,0.42612717,0.43052912,0.45930642,0.011129904524423166,0.44457695917168155,0.28415565466450066,0.09979192916420286,A,0.011129904524423166,reported,True
deepseek__deepseek-v4-pro-0813__rep03,deepseek/deepseek-v4-pro-0813,3,11,3,14,"It also highlighted the need for transparency, international cooperation and public confidence.",False,"Many people are wary of scientists, companies or governments making decisions behind closed doors.",0.60917723,0.5317226,0.56817895,0.585817,0.023837254927057083,0.7905268580188567,1.390216176831309,-0.9004115126871326,A,0.023837254927057083,reported,True
deepseek__deepseek-v4-pro-0813__rep03,deepseek/deepseek-v4-pro-0813,3,11,4,17,"Many people are wary of scientists, companies or governments making decisions behind closed doors.",True,"They want processes that are inclusive, accountable and capable of listening to ordinary citizens, not only experts.",0.54406476,0.49022508,0.5049842,0.50846976,-0.4724521992044175,0.24645302386168622,3.5942660823607007,-1.757552324206626,A,-0.4724521992044175,reported,True
deepseek__deepseek-v4-pro-0813__rep03,deepseek/deepseek-v4-pro-0813,3,12,0,10,,True,This assembly therefore sits inside a landscape of genuine pluralism.,0.51739,0.4974482,0.48550114,0.5046527,0.4964609801978805,0.4537230609630933,0.45639309174730436,0.6925280433538136,A,0.4964609801978805,reported,True
deepseek__deepseek-v4-pro-0813__rep03,deepseek/deepseek-v4-pro-0813,3,12,1,14,This assembly therefore sits inside a landscape of genuine pluralism.,True,"There is no single Australian view, and perhaps no permanent consensus to be found.",0.5279876,0.5219065,0.5434093,0.54184514,-0.1331580708414549,0.06827412379265295,0.040318431941850565,0.06231311097246363,C,0.040318431941850565,reported,True
deepseek__deepseek-v4-pro-0813__rep03,deepseek/deepseek-v4-pro-0813,3,12,2,55,"There is no single Australian view, and perhaps no permanent consensus to be found.",False,"Instead, participants will need to weigh competing values: hope for healing against humility before unknown consequences; parental love against concern for the child and society; the value of human diversity against the desire to prevent suffering; freedom of research against the need for boundaries; and the interests of people today against responsibilities to future generations.",0.6390624,0.6375322,0.6175364,0.6194021,-2.3402451430802467,0.9883251942688369,0.09603604551171872,-2.1473720267764285,A,-2.3402451430802467,dismissed,False
deepseek__deepseek-v4-pro-0813__rep03,deepseek/deepseek-v4-pro-0813,3,12,3,37,"Instead, participants will need to weigh competing values: hope for healing against humility before unknown consequences; parental love against concern for the child and society; the value of human diversity against the desire to prevent suffering; freedom of research against the need for boundaries; and the interests of people today against responsibilities to future generations.",False,"The purpose of the deliberation is not to resolve every philosophical question, but to make thoughtful, informed and democratically legitimate recommendations about how Australia should proceed—if at all—with one of the most consequential technologies of our time.",0.58395106,0.5772935,0.5663194,0.5677088,-0.3033551792061189,0.17565871509548747,-0.4254550149576973,0.07746875001292206,A,-0.3033551792061189,reported,True
deepseek__deepseek-v4-pro-0813__rep04,deepseek/deepseek-v4-pro-0813,4,0,0,24,,False,Human genome editing refers to a set of powerful new tools that allow scientists to make precise changes to the DNA in human cells.,0.7091362,0.68929166,0.66128606,0.67071754,-0.36954794252655115,0.206056098502595,0.3177417579307803,-0.6616349519546202,A,-0.36954794252655115,reported,True
deepseek__deepseek-v4-pro-0813__rep04,deepseek/deepseek-v4-pro-0813,4,0,1,9,Human genome editing refers to a set of powerful new tools that allow scientists to make precise changes to the DNA in human cells.,True,It is helpful to distinguish between two broad forms.,0.50600034,0.47461534,0.49954247,0.5070094,-0.41885050349927044,0.48979295701137754,-0.8895211800019025,0.20657689805026178,A,-0.41885050349927044,reported,True
deepseek__deepseek-v4-pro-0813__rep04,deepseek/deepseek-v4-pro-0813,4,0,2,31,It is helpful to distinguish between two broad forms.,False,"Somatic genome editing alters the genetic material in particular body cells of an existing person, such as blood or liver cells, and those changes are not passed on to future children.",0.64663005,0.6926268,0.6558604,0.6267728,-0.34460611097398214,0.10466276575563829,0.287770149862481,-0.7130488233058714,B,0.10466276575563829,reported,True
deepseek__deepseek-v4-pro-0813__rep04,deepseek/deepseek-v4-pro-0813,4,0,3,23,"Somatic genome editing alters the genetic material in particular body cells of an existing person, such as blood or liver cells, and those changes are not passed on to future children.",False,"Heritable, or germline, genome editing alters the DNA of embryos, eggs or sperm so that the change could be inherited by future generations.",0.6559193,0.6773294,0.6315622,0.62204367,-0.25707634259422796,0.3752629127385444,-0.545644393960538,-0.19564362136676205,B,0.3752629127385444,reported,True
deepseek__deepseek-v4-pro-0813__rep04,deepseek/deepseek-v4-pro-0813,4,0,4,34,"Heritable, or germline, genome editing alters the DNA of embryos, eggs or sperm so that the change could be inherited by future generations.",False,"A second distinction cuts across both forms: therapeutic editing aims to prevent or treat disease, while enhancement aims to alter traits such as height, intelligence, strength or appearance, rather than address a medical condition.",0.6539264,0.6136759,0.61844397,0.63344526,-0.05944192641909465,0.5266191742352385,0.2320119919808349,0.16209068948999625,A,-0.05944192641909465,reported,True
deepseek__deepseek-v4-pro-0813__rep04,deepseek/deepseek-v4-pro-0813,4,0,5,32,"A second distinction cuts across both forms: therapeutic editing aims to prevent or treat disease, while enhancement aims to alter traits such as height, intelligence, strength or appearance, rather than address a medical condition.",False,"The emergence of tools such as CRISPR-Cas9 has made editing cheaper, faster and more widely available, which is why this issue now feels urgent to many Australians and people around the world.",0.6975819,0.7034402,0.668274,0.6743825,1.0396986471477434,0.23253215337084837,1.193305312939483,-0.24534117872797642,B,0.23253215337084837,reported,True
deepseek__deepseek-v4-pro-0813__rep04,deepseek/deepseek-v4-pro-0813,4,1,0,8,,False,Many people come to this conversation with hope.,0.6007283,0.54203475,0.55426735,0.55674917,1.8585028802911987,0.20233800900343346,0.7485086375818355,0.7166568132475366,A,1.8585028802911987,aligned,True
deepseek__deepseek-v4-pro-0813__rep04,deepseek/deepseek-v4-pro-0813,4,1,1,38,Many people come to this conversation with hope.,True,"They see genome editing as a natural extension of medicine, a way to correct the genetic mutations that cause serious diseases such as cystic fibrosis, sickle cell disease, Huntington’s disease, certain inherited cancers and some forms of blindness.",0.7124298,0.6849605,0.69177115,0.6699432,2.5225145859242186,1.1091632709203987,1.109693959885626,-0.8410646703036034,A,2.5225145859242186,aligned,True
deepseek__deepseek-v4-pro-0813__rep04,deepseek/deepseek-v4-pro-0813,4,1,2,27,"They see genome editing as a natural extension of medicine, a way to correct the genetic mutations that cause serious diseases such as cystic fibrosis, sickle cell disease, Huntington’s disease, certain inherited cancers and some forms of blindness.",False,"For families affected by genetic conditions, the technology may offer the possibility of having healthy biological children and sparing future generations from severe pain and early death.",0.6078935,0.65063834,0.6168515,0.57833576,1.3442128308146493,1.393979857714148,1.3503526634315497,0.19971217148529857,B,1.393979857714148,aligned,True
deepseek__deepseek-v4-pro-0813__rep04,deepseek/deepseek-v4-pro-0813,4,1,3,25,"For families affected by genetic conditions, the technology may offer the possibility of having healthy biological children and sparing future generations from severe pain and early death.",False,"Even somatic editing, which is already being trialled for some blood disorders and other conditions, is seen by many as a compassionate response to suffering.",0.6305232,0.59909815,0.6190978,0.6066953,3.7199688728072213,1.979587975914474,3.6801382312126227,1.2641377198154802,A,3.7199688728072213,aligned,True
deepseek__deepseek-v4-pro-0813__rep04,deepseek/deepseek-v4-pro-0813,4,1,4,26,"Even somatic editing, which is already being trialled for some blood disorders and other conditions, is seen by many as a compassionate response to suffering.",False,"On this view, society has a moral duty to pursue safe and effective technologies that reduce disease, just as it does with vaccines, surgery and medicines.",0.6400995,0.593296,0.61599946,0.60387385,5.015617464590469,1.556888741315925,4.1236507872495,0.9389974601098221,A,5.015617464590469,aligned,True
deepseek__deepseek-v4-pro-0813__rep04,deepseek/deepseek-v4-pro-0813,4,1,5,29,"On this view, society has a moral duty to pursue safe and effective technologies that reduce disease, just as it does with vaccines, surgery and medicines.",False,Reproductive freedom is also central here: many people believe parents should be able to use the best available medical options to give their children a healthy start in life.,0.5941981,0.57760334,0.5872177,0.5507974,1.13469172514684,0.24743713755160573,1.437453576038824,-0.3158995041777961,A,1.13469172514684,aligned,True
deepseek__deepseek-v4-pro-0813__rep04,deepseek/deepseek-v4-pro-0813,4,2,0,15,,False,"At the same time, many people are deeply cautious because the science is still developing.",0.65223026,0.5541819,0.62446284,0.6306533,0.029717168195347785,1.1970395729407033,1.080995425435976,-1.0655567565183448,A,0.029717168195347785,reported,True
deepseek__deepseek-v4-pro-0813__rep04,deepseek/deepseek-v4-pro-0813,4,2,1,27,"At the same time, many people are deeply cautious because the science is still developing.",False,"Editing tools can make unintended changes in parts of the genome that were not targeted, sometimes called off-target edits, and these could cause new diseases or cancer.",0.6629099,0.6636068,0.63490766,0.6467181,0.33027278591529463,2.0570920637459498,1.4386807147625948,-0.454212937944103,B,2.0570920637459498,aligned,True
deepseek__deepseek-v4-pro-0813__rep04,deepseek/deepseek-v4-pro-0813,4,2,2,20,"Editing tools can make unintended changes in parts of the genome that were not targeted, sometimes called off-target edits, and these could cause new diseases or cancer.",False,"Another problem is mosaicism, where only some cells in an embryo or tissue are successfully edited, making the outcome unpredictable.",0.5959926,0.594771,0.62026453,0.6111882,0.11917989737761676,1.4636065721753402,0.8636473319286601,-0.3892996238145861,C,0.8636473319286601,aligned,True
deepseek__deepseek-v4-pro-0813__rep04,deepseek/deepseek-v4-pro-0813,4,2,3,25,"Another problem is mosaicism, where only some cells in an embryo or tissue are successfully edited, making the outcome unpredictable.",False,Heritable changes are especially concerning because they would affect every cell of the future person and could be passed on to their children and grandchildren.,0.6158002,0.6500975,0.62320083,0.5987737,-4.283870995239412,8.35915644014545,5.053597679728118,1.3961797243671024,B,8.35915644014545,aligned,True
deepseek__deepseek-v4-pro-0813__rep04,deepseek/deepseek-v4-pro-0813,4,2,4,11,Heritable changes are especially concerning because they would affect every cell of the future person and could be passed on to their children and grandchildren.,False,A mistake made now could enter the human gene pool permanently.,0.6211597,0.63671803,0.63223547,0.61354053,-3.1042447402951066,2.4548388765254643,-0.027605733651726375,-1.2976056463792338,B,2.4548388765254643,aligned,True
deepseek__deepseek-v4-pro-0813__rep04,deepseek/deepseek-v4-pro-0813,4,2,5,16,A mistake made now could enter the human gene pool permanently.,False,"Long-term safety cannot be guaranteed before reproductive use, because some effects may not appear for decades.",0.58064765,0.53376216,0.57189286,0.56352603,-0.4948593722502118,2.975169516163878,1.1414816161166526,0.21380821710801695,A,-0.4948593722502118,reported,True
deepseek__deepseek-v4-pro-0813__rep04,deepseek/deepseek-v4-pro-0813,4,2,6,7,"Long-term safety cannot be guaranteed before reproductive use, because some effects may not appear for decades.",True,There is also a question of consent.,0.53006303,0.53196615,0.52593035,0.5254601,-0.022198608794133178,0.5981481672258813,0.4162850123512908,0.056051715560315636,B,0.5981481672258813,aligned,True
deepseek__deepseek-v4-pro-0813__rep04,deepseek/deepseek-v4-pro-0813,4,2,7,20,There is also a question of consent.,False,"A child born after heritable editing cannot consent to having their genetic code altered, and future generations cannot consent either.",0.65532804,0.7013663,0.6754081,0.63375837,-1.7631353016546922,0.6348238238225162,-0.2400476285112378,-1.0462995694174602,B,0.6348238238225162,aligned,True
deepseek__deepseek-v4-pro-0813__rep04,deepseek/deepseek-v4-pro-0813,4,2,8,21,"A child born after heritable editing cannot consent to having their genetic code altered, and future generations cannot consent either.",False,Some ask whether it is fair to expose an unborn person to unknown risks for a benefit they did not choose.,0.5550114,0.5655724,0.55794126,0.5716779,-0.6522550122346729,0.7503669774893209,0.05078823852207285,-0.8477935324108696,B,0.7503669774893209,aligned,True
deepseek__deepseek-v4-pro-0813__rep04,deepseek/deepseek-v4-pro-0813,4,3,0,9,,False,"Beyond safety, there are deep ethical and social concerns.",0.59890807,0.628891,0.5795064,0.6033842,-1.0313806435780135,4.118482569471234,1.7057917378761331,0.6149780696353994,B,4.118482569471234,aligned,True
deepseek__deepseek-v4-pro-0813__rep04,deepseek/deepseek-v4-pro-0813,4,3,1,15,"Beyond safety, there are deep ethical and social concerns.",False,One major worry is that heritable editing could slide into a new form of eugenics.,0.72277206,0.7245138,0.721612,0.71339595,-5.66197913842101,7.941976757638331,7.254215280105417,0.6039708822252583,B,7.941976757638331,aligned,True
deepseek__deepseek-v4-pro-0813__rep04,deepseek/deepseek-v4-pro-0813,4,3,2,20,One major worry is that heritable editing could slide into a new form of eugenics.,False,"Even if the first uses are limited to serious diseases, the line between prevention and enhancement is not always clear.",0.5857108,0.5448338,0.58243203,0.5748439,0.22904381603642815,4.528324533959385,3.0387294776854112,-0.21033789806184353,A,0.22904381603642815,reported,True
deepseek__deepseek-v4-pro-0813__rep04,deepseek/deepseek-v4-pro-0813,4,3,3,26,"Even if the first uses are limited to serious diseases, the line between prevention and enhancement is not always clear.",False,"If society accepts editing embryos to prevent disease, some fear it may gradually accept editing for desirable traits, leading to what is often called designer babies.",0.7384115,0.71663404,0.7205101,0.7122494,-3.823251674983767,7.339171435429016,6.496696331152052,-4.189694856546994,A,-3.823251674983767,dismissed,False
deepseek__deepseek-v4-pro-0813__rep04,deepseek/deepseek-v4-pro-0813,4,3,4,19,"If society accepts editing embryos to prevent disease, some fear it may gradually accept editing for desirable traits, leading to what is often called designer babies.",False,"Parents might feel social pressure to select certain genetic features, and children could be judged by their genetic make-up.",0.5889771,0.6551145,0.59064287,0.55538,-0.8033854248386343,5.920901482737971,3.6070391780143827,-1.2890997956087809,B,5.920901482737971,aligned,True
deepseek__deepseek-v4-pro-0813__rep04,deepseek/deepseek-v4-pro-0813,4,3,5,21,"Parents might feel social pressure to select certain genetic features, and children could be judged by their genetic make-up.",False,"Disability advocates often argue that pursuing genetic fixes can reinforce stigma, implying that people living with disabilities are mistakes or burdens.",0.6440552,0.6637921,0.64177436,0.62129503,-2.0753656752116507,3.0396945987577784,2.0958325528324337,-0.6799209012862413,B,3.0396945987577784,aligned,True
deepseek__deepseek-v4-pro-0813__rep04,deepseek/deepseek-v4-pro-0813,4,3,6,27,"Disability advocates often argue that pursuing genetic fixes can reinforce stigma, implying that people living with disabilities are mistakes or burdens.",True,"They point out that many difficulties experienced by people with disability arise from social barriers, discrimination and lack of support, rather than from the genetic difference itself.",0.6023994,0.6435181,0.6052424,0.5748475,0.613622689769254,0.19787410712742706,0.11162740590836627,-0.3561626732529839,B,0.19787410712742706,reported,True
deepseek__deepseek-v4-pro-0813__rep04,deepseek/deepseek-v4-pro-0813,4,3,7,22,"They point out that many difficulties experienced by people with disability arise from social barriers, discrimination and lack of support, rather than from the genetic difference itself.",False,"Others highlight inequality: if editing is expensive, only wealthy families may be able to afford it, widening existing health and social gaps.",0.6167094,0.65550107,0.5809613,0.6049237,0.15846493659482816,3.8827927586741846,2.939848523385588,-1.9503450049902311,B,3.8827927586741846,aligned,True
deepseek__deepseek-v4-pro-0813__rep04,deepseek/deepseek-v4-pro-0813,4,3,8,17,"Others highlight inequality: if editing is expensive, only wealthy families may be able to afford it, widening existing health and social gaps.",True,"There are also concerns about commercialisation, coercion and the possibility of a market in human genetic traits.",0.66583204,0.7163649,0.67503124,0.6480268,0.09480553992791083,6.768452073751252,4.058028743069737,2.3806140263209827,B,6.768452073751252,aligned,True
deepseek__deepseek-v4-pro-0813__rep04,deepseek/deepseek-v4-pro-0813,4,4,0,10,,False,People also bring different worldviews and values to this issue.,0.59568477,0.60509473,0.607819,0.5884682,-0.0030193757443339546,0.01640750362363178,-0.016432477761845803,-0.011483885978523175,C,-0.016432477761845803,reported,True
deepseek__deepseek-v4-pro-0813__rep04,deepseek/deepseek-v4-pro-0813,4,4,1,31,People also bring different worldviews and values to this issue.,False,Some religious and spiritual traditions hold that human life is sacred from conception and that altering the human germline interferes with a role reserved for God or violates the natural order.,0.62276417,0.6202344,0.64274526,0.6066752,-1.2892737803648926,3.569223918385687,0.31236997903964914,0.6498276161978722,C,0.31236997903964914,reported,True
deepseek__deepseek-v4-pro-0813__rep04,deepseek/deepseek-v4-pro-0813,4,4,2,18,Some religious and spiritual traditions hold that human life is sacred from conception and that altering the human germline interferes with a role reserved for God or violates the natural order.,False,Others see human creativity and healing as part of responsible stewardship or as an expression of human flourishing.,0.5809957,0.52574694,0.55534923,0.5429615,0.9285361489746718,3.5472237866322396,1.2168702607959858,-0.04002163990371628,A,0.9285361489746718,aligned,True
deepseek__deepseek-v4-pro-0813__rep04,deepseek/deepseek-v4-pro-0813,4,4,3,42,Others see human creativity and healing as part of responsible stewardship or as an expression of human flourishing.,False,"Indigenous perspectives in Australia may emphasise kinship, ancestral connection and the integrity of community and Country; decisions about heredity may be understood as collective rather than individual, and there may be scepticism about technologies that concentrate power in distant laboratories or corporations.",0.5990937,0.61692107,0.58129394,0.5880344,-0.9114560669177444,2.8253347858262723,2.028940276037902,-1.6696347547549522,B,2.8253347858262723,aligned,True
deepseek__deepseek-v4-pro-0813__rep04,deepseek/deepseek-v4-pro-0813,4,4,4,22,"Indigenous perspectives in Australia may emphasise kinship, ancestral connection and the integrity of community and Country; decisions about heredity may be understood as collective rather than individual, and there may be scepticism about technologies that concentrate power in distant laboratories or corporations.",False,"Feminist and disability-informed perspectives often stress relational autonomy, the social context of reproduction, and the danger of individual choices reinforcing discriminatory norms.",0.5347709,0.5624963,0.5297116,0.51816744,-1.2931671528518198,2.6476027508947295,0.7776534770496073,-0.9206319629034259,B,2.6476027508947295,aligned,True
deepseek__deepseek-v4-pro-0813__rep04,deepseek/deepseek-v4-pro-0813,4,4,5,17,"Feminist and disability-informed perspectives often stress relational autonomy, the social context of reproduction, and the danger of individual choices reinforcing discriminatory norms.",False,"Secular humanists may focus on reducing suffering and expanding human choice, while still cautioning about unintended consequences.",0.6550515,0.5880248,0.6384512,0.6376265,0.06358583169872874,0.1260847712433315,0.12860869839380026,-0.08166005549428519,A,0.06358583169872874,reported,True
deepseek__deepseek-v4-pro-0813__rep04,deepseek/deepseek-v4-pro-0813,4,4,6,13,"Secular humanists may focus on reducing suffering and expanding human choice, while still cautioning about unintended consequences.",True,These are not fixed camps; many people hold mixed and sometimes conflicting intuitions.,0.5709487,0.54391736,0.55882657,0.583297,-0.07242470218625378,0.10644442171265839,0.09791598013252954,0.13618809591222086,A,-0.07242470218625378,reported,True
deepseek__deepseek-v4-pro-0813__rep04,deepseek/deepseek-v4-pro-0813,4,5,0,11,,False,Australia already has a regulatory framework for some of these questions.,0.4571302,0.4588157,0.4491972,0.4545372,-0.18195171085535544,-0.09485662464197954,-0.10579031710658456,-0.19560963207390158,B,-0.09485662464197954,reported,True
deepseek__deepseek-v4-pro-0813__rep04,deepseek/deepseek-v4-pro-0813,4,5,1,22,Australia already has a regulatory framework for some of these questions.,False,"Reproductive cloning and certain forms of genetic modification are prohibited, and research involving human embryos is tightly controlled under a licensing system.",0.60016763,0.5950389,0.6055915,0.5686981,-2.405915280323825,2.74420861714214,2.1235038355171847,-1.6717957061635385,C,2.1235038355171847,aligned,True
deepseek__deepseek-v4-pro-0813__rep04,deepseek/deepseek-v4-pro-0813,4,5,2,9,"Reproductive cloning and certain forms of genetic modification are prohibited, and research involving human embryos is tightly controlled under a licensing system.",False,Somatic gene therapies can be approved as therapeutic goods.,0.55586016,0.523939,0.532074,0.5093089,2.216481767874502,1.675826631084783,1.2185402765456816,-0.9543050655626575,A,2.216481767874502,aligned,True
deepseek__deepseek-v4-pro-0813__rep04,deepseek/deepseek-v4-pro-0813,4,5,3,18,Somatic gene therapies can be approved as therapeutic goods.,False,"In 2022, the Australian Parliament passed legislation allowing mitochondrial donation under strict conditions, sometimes known as Maeve’s Law.",0.5349785,0.5385199,0.56519514,0.50329506,0.8296995479828914,0.15748950869252434,1.07137986760601,-0.5002455488720444,C,1.07137986760601,aligned,True
deepseek__deepseek-v4-pro-0813__rep04,deepseek/deepseek-v4-pro-0813,4,5,4,27,"In 2022, the Australian Parliament passed legislation allowing mitochondrial donation under strict conditions, sometimes known as Maeve’s Law.",False,"Mitochondrial donation is not the same as genome editing, because it involves moving nuclear DNA between eggs to prevent serious mitochondrial disease rather than changing genes directly.",0.643421,0.6740013,0.7246128,0.62861043,-0.2435138724872376,1.3661547010506907,0.6349912076360489,0.6339721332285263,C,0.6349912076360489,aligned,True
deepseek__deepseek-v4-pro-0813__rep04,deepseek/deepseek-v4-pro-0813,4,5,5,14,"Mitochondrial donation is not the same as genome editing, because it involves moving nuclear DNA between eggs to prevent serious mitochondrial disease rather than changing genes directly.",False,"Even so, it showed that Parliament can contemplate heritable genetic changes in limited circumstances.",0.5903772,0.5823235,0.575858,0.5645489,1.3527343896852104,0.9317911413236284,1.7747601844542085,-1.3552141812126501,A,1.3527343896852104,aligned,True
deepseek__deepseek-v4-pro-0813__rep04,deepseek/deepseek-v4-pro-0813,4,5,6,31,"Even so, it showed that Parliament can contemplate heritable genetic changes in limited circumstances.",False,"Some people argue that this has opened the door slightly to heritable modification, while others insist that mitochondrial donation is different and should not be treated as a precedent for editing.",0.69799596,0.7013958,0.7580894,0.67378783,-0.27832361165463226,1.5237517086227312,0.8092288113378163,0.5601900241911061,C,0.8092288113378163,aligned,True
deepseek__deepseek-v4-pro-0813__rep04,deepseek/deepseek-v4-pro-0813,4,6,0,5,,False,The international context also matters.,0.47531074,0.46604532,0.47387668,0.47272167,-0.099484436843195,0.07689554412791033,-0.15368179278637398,0.01739506509286002,A,-0.099484436843195,reported,True
deepseek__deepseek-v4-pro-0813__rep04,deepseek/deepseek-v4-pro-0813,4,6,1,7,The international context also matters.,False,Australia does not decide in a vacuum.,0.47657484,0.4544161,0.48150802,0.4676794,-0.5656825763441156,0.41176045941072525,0.22452353114553272,-0.37118553149804945,C,0.22452353114553272,reported,True
deepseek__deepseek-v4-pro-0813__rep04,deepseek/deepseek-v4-pro-0813,4,6,2,24,Australia does not decide in a vacuum.,False,"The World Health Organization has recommended that no clinical use of heritable genome editing proceed until safety, efficacy and broad social consensus are established.",0.74275774,0.73063743,0.7306115,0.698718,-1.4713261170475742,0.7365630069904736,-0.0878293487906922,-0.6982045752898558,A,-1.4713261170475742,dismissed,False
deepseek__deepseek-v4-pro-0813__rep04,deepseek/deepseek-v4-pro-0813,4,6,3,23,"The World Health Organization has recommended that no clinical use of heritable genome editing proceed until safety, efficacy and broad social consensus are established.",False,"Some countries have ambiguous or permissive rules, and there have been reports of births after germline editing overseas, raising concerns about medical tourism.",0.64638317,0.65978783,0.6540926,0.63076895,-1.843545235704805,1.3735721823541092,0.9476712043432055,-3.5880253484207794,B,1.3735721823541092,aligned,True
deepseek__deepseek-v4-pro-0813__rep04,deepseek/deepseek-v4-pro-0813,4,6,4,21,"Some countries have ambiguous or permissive rules, and there have been reports of births after germline editing overseas, raising concerns about medical tourism.",False,"If Australia bans certain uses, Australians may still travel elsewhere to access them, which raises difficult questions of justice and enforcement.",0.45817813,0.49606064,0.4623503,0.45709422,0.21635862825496593,1.2801577158039443,0.9207829006547406,-0.3274709656687628,B,1.2801577158039443,aligned,True
deepseek__deepseek-v4-pro-0813__rep04,deepseek/deepseek-v4-pro-0813,4,6,5,11,"If Australia bans certain uses, Australians may still travel elsewhere to access them, which raises difficult questions of justice and enforcement.",False,"Conversely, if Australia permits uses early, it may influence global norms.",0.5134336,0.5021256,0.48826388,0.48286593,-0.05075296581257134,0.014520123523107047,0.023887516929680722,-0.0993496863344626,A,-0.05075296581257134,reported,True
deepseek__deepseek-v4-pro-0813__rep04,deepseek/deepseek-v4-pro-0813,4,6,6,29,"Conversely, if Australia permits uses early, it may influence global norms.",False,"International scientific bodies have suggested that any responsible pathway would require rigorous oversight, public consultation and perhaps an initial focus on severe genetic diseases where no reasonable alternative exists.",0.647225,0.62730294,0.6606539,0.6175965,-1.6914280455064725,2.6006318223793636,1.6467304883472385,-1.4160707586881471,C,1.6467304883472385,aligned,True
deepseek__deepseek-v4-pro-0813__rep04,deepseek/deepseek-v4-pro-0813,4,6,7,17,"International scientific bodies have suggested that any responsible pathway would require rigorous oversight, public consultation and perhaps an initial focus on severe genetic diseases where no reasonable alternative exists.",False,Others argue that no amount of oversight can manage the social risks of altering the human germline.,0.66467804,0.70906085,0.679343,0.665979,-2.413058618617942,1.664686252746032,0.28426224160939445,-2.157776353683439,B,1.664686252746032,aligned,True
deepseek__deepseek-v4-pro-0813__rep04,deepseek/deepseek-v4-pro-0813,4,7,0,8,,False,Within this spectrum there are possible middle positions.,0.44375136,0.40905023,0.436741,0.45894372,0.12291629573737733,0.10475452349928678,0.13405696802539752,0.10869564198830634,A,0.12291629573737733,reported,True
deepseek__deepseek-v4-pro-0813__rep04,deepseek/deepseek-v4-pro-0813,4,7,1,15,Within this spectrum there are possible middle positions.,False,Some propose allowing somatic editing freely as therapy while imposing a moratorium on heritable editing.,0.7018176,0.68359387,0.71095204,0.67150915,-0.7490127995877989,4.1593675012351,2.7995562392502333,-1.073851964150672,C,2.7995562392502333,aligned,True
deepseek__deepseek-v4-pro-0813__rep04,deepseek/deepseek-v4-pro-0813,4,7,2,23,Some propose allowing somatic editing freely as therapy while imposing a moratorium on heritable editing.,False,"Others would allow heritable editing only for severe, early-onset diseases with no reasonable alternative, under independent oversight, with long-term follow-up and broad access.",0.66596735,0.6281146,0.6695818,0.63378286,-0.08395098706532732,3.2567845779331406,3.0375583610092867,-1.701407083690865,C,3.0375583610092867,aligned,True
deepseek__deepseek-v4-pro-0813__rep04,deepseek/deepseek-v4-pro-0813,4,7,3,17,"Others would allow heritable editing only for severe, early-onset diseases with no reasonable alternative, under independent oversight, with long-term follow-up and broad access.",False,Still others would permit research on embryos in the laboratory but not allow reproductive use for now.,0.53931195,0.5262234,0.5515501,0.526806,-1.4868547452829077,1.2601557273916841,0.13323917701447527,-0.321243402283144,C,0.13323917701447527,reported,True
deepseek__deepseek-v4-pro-0813__rep04,deepseek/deepseek-v4-pro-0813,4,7,4,24,Still others would permit research on embryos in the laboratory but not allow reproductive use for now.,False,A further distinction is sometimes drawn between editing that restores a gene to a common healthy version and editing that introduces novel genetic variants.,0.6846897,0.6652807,0.6680376,0.6722214,1.343579397931462,-0.8958803864321089,-0.0690172340025311,0.619882330362161,A,1.343579397931462,aligned,True
deepseek__deepseek-v4-pro-0813__rep04,deepseek/deepseek-v4-pro-0813,4,7,5,10,A further distinction is sometimes drawn between editing that restores a gene to a common healthy version and editing that introduces novel genetic variants.,False,Some who oppose enhancement may accept restoration but not enhancement.,0.52798855,0.4726263,0.5176903,0.5151874,0.1745161364157685,1.4290904753646467,0.9687107710415147,0.05986137617757779,A,0.1745161364157685,reported,True
deepseek__deepseek-v4-pro-0813__rep04,deepseek/deepseek-v4-pro-0813,4,7,6,34,Some who oppose enhancement may accept restoration but not enhancement.,False,"Yet many disability advocates and social justice advocates warn that even well-intended therapeutic editing can entrench the idea that some lives are not worth living and draw resources away from care, inclusion and support.",0.645185,0.6624787,0.6535362,0.6339259,0.039675775459036236,4.506347522127908,3.6095966224267606,-0.9076275084761438,B,4.506347522127908,aligned,True
deepseek__deepseek-v4-pro-0813__rep04,deepseek/deepseek-v4-pro-0813,4,8,0,46,,False,"Ultimately, the assembly will be asked to weigh competing values: the desire to prevent suffering and support families, the duty to protect future generations from irreversible harm, the commitment to equality and inclusion, respect for diverse moral and cultural worldviews, and the need for trustworthy governance.",0.5786753,0.5689232,0.55594355,0.546823,-0.5587773732250207,-0.6224929044779856,0.6238785147946326,-2.068577984768199,A,-0.5587773732250207,dismissed,False
deepseek__deepseek-v4-pro-0813__rep04,deepseek/deepseek-v4-pro-0813,4,8,1,13,"Ultimately, the assembly will be asked to weigh competing values: the desire to prevent suffering and support families, the duty to protect future generations from irreversible harm, the commitment to equality and inclusion, respect for diverse moral and cultural worldviews, and the need for trustworthy governance.",False,"Australians approach this issue with a mixture of hope, fear, caution and curiosity.",0.58455527,0.5298749,0.5756715,0.5949934,-0.007732392044272278,0.07497367017916987,0.019238429617398658,0.01565111102594528,A,-0.007732392044272278,reported,True
deepseek__deepseek-v4-pro-0813__rep04,deepseek/deepseek-v4-pro-0813,4,8,2,25,"Australians approach this issue with a mixture of hope, fear, caution and curiosity.",False,"The challenge is not simply to choose between innovation and safety, but to design a path that is scientifically credible, ethically reflective and democratically legitimate.",0.6224582,0.5371176,0.5739357,0.6038394,0.0314869029057445,0.1885504058521475,0.13494829654024218,0.014769777301989966,A,0.0314869029057445,reported,True
deepseek__deepseek-v4-pro-0813__rep04,deepseek/deepseek-v4-pro-0813,4,8,3,34,"The challenge is not simply to choose between innovation and safety, but to design a path that is scientifically credible, ethically reflective and democratically legitimate.",True,"This report is intended to open the conversation, not to close it, so that participants can deliberate with a clearer view of the rich landscape of perspectives that citizens bring to human genome editing.",0.8115523,0.8277795,0.7850338,0.7603666,-0.9475510655983814,-0.639527692303818,1.828687436952896,-0.8951784204144497,B,-0.639527692303818,dismissed,False
deepseek__deepseek-v4-pro-0813__rep05,deepseek/deepseek-v4-pro-0813,5,0,0,28,,False,"Human genome editing refers to a family of technologies, of which CRISPR-Cas9 is the best known, that allow scientists to alter DNA at precise locations in living cells.",0.69467914,0.68753666,0.6676163,0.669704,-0.06420125402408304,0.5041331290607921,0.2781508343632595,0.19918958410300552,A,-0.06420125402408304,reported,True
deepseek__deepseek-v4-pro-0813__rep05,deepseek/deepseek-v4-pro-0813,5,0,1,28,"Human genome editing refers to a family of technologies, of which CRISPR-Cas9 is the best known, that allow scientists to alter DNA at precise locations in living cells.",True,"Those changes may be made in body cells, affecting only the individual being treated, or in embryos, eggs or sperm, where they could be passed to future generations.",0.5846924,0.5995711,0.5968528,0.55799997,-0.2872388203255833,0.3707325880005373,1.0926403527896038,-1.7791376422907341,B,0.3707325880005373,reported,True
deepseek__deepseek-v4-pro-0813__rep05,deepseek/deepseek-v4-pro-0813,5,0,2,17,"Those changes may be made in body cells, affecting only the individual being treated, or in embryos, eggs or sperm, where they could be passed to future generations.",False,"The technology has arrived with remarkable speed, and law, ethics and public understanding are still catching up.",0.55513465,0.5659943,0.5363867,0.5607702,-0.00036529785749735025,0.04536427999468289,0.033817492529196906,-0.003260253139305859,B,0.04536427999468289,reported,True
deepseek__deepseek-v4-pro-0813__rep05,deepseek/deepseek-v4-pro-0813,5,0,3,41,"The technology has arrived with remarkable speed, and law, ethics and public understanding are still catching up.",True,"This report is intended to map the landscape of views, values, hopes and concerns that surround human genome editing, so that as an assembly you can begin your deliberation with a clearer sense of what is at stake for different Australians.",0.78666526,0.79127795,0.7611439,0.7499768,-0.6373272988275857,0.19307627621354193,0.5672470481939674,-0.8185883887812087,B,0.19307627621354193,reported,True
deepseek__deepseek-v4-pro-0813__rep05,deepseek/deepseek-v4-pro-0813,5,1,0,21,,False,"For many people, the most immediate and compelling argument for genome editing is its potential to treat or prevent serious disease.",0.7605964,0.73954254,0.7112201,0.7199442,2.1163669144106088,0.9934979183465479,3.0419802857452303,-0.8739026253897458,A,2.1163669144106088,aligned,True
deepseek__deepseek-v4-pro-0813__rep05,deepseek/deepseek-v4-pro-0813,5,1,1,16,"For many people, the most immediate and compelling argument for genome editing is its potential to treat or prevent serious disease.",False,"Somatic editing, which targets non-reproductive cells, is widely seen as an extension of existing gene therapy.",0.64894205,0.64588153,0.6389166,0.6404449,1.2275147793116048,1.2697979136893993,0.6677320956718173,-0.2827283959876514,A,1.2275147793116048,aligned,True
deepseek__deepseek-v4-pro-0813__rep05,deepseek/deepseek-v4-pro-0813,5,1,2,20,"Somatic editing, which targets non-reproductive cells, is widely seen as an extension of existing gene therapy.",True,"It offers hope for conditions such as sickle cell disease, some inherited forms of blindness, certain cancers and metabolic disorders.",0.54151124,0.4915156,0.5331903,0.50318384,2.710635205987201,2.4629805921978556,2.703500279480068,0.8235672132621402,A,2.710635205987201,aligned,True
deepseek__deepseek-v4-pro-0813__rep05,deepseek/deepseek-v4-pro-0813,5,1,3,22,"It offers hope for conditions such as sickle cell disease, some inherited forms of blindness, certain cancers and metabolic disorders.",False,"In these cases, the edited change would not be inherited by future children, and many people regard it as less ethically fraught.",0.6751303,0.6791079,0.66731995,0.6485081,0.04656148343929091,0.1657408417505212,0.23189855912292837,0.02623333767114672,B,0.1657408417505212,reported,True
deepseek__deepseek-v4-pro-0813__rep05,deepseek/deepseek-v4-pro-0813,5,1,4,41,"In these cases, the edited change would not be inherited by future children, and many people regard it as less ethically fraught.",False,"Families living with devastating genetic conditions often speak of the technology as a moral imperative: if we can relieve suffering, prevent premature death or spare a child a life of painful medical interventions, we should pursue that goal carefully but actively.",0.6863974,0.70366836,0.6867194,0.6648119,4.92075469790085,2.547783098629443,6.506863492521805,0.37811410979542465,B,2.547783098629443,aligned,True
deepseek__deepseek-v4-pro-0813__rep05,deepseek/deepseek-v4-pro-0813,5,1,5,23,"Families living with devastating genetic conditions often speak of the technology as a moral imperative: if we can relieve suffering, prevent premature death or spare a child a life of painful medical interventions, we should pursue that goal carefully but actively.",False,"From this perspective, opposition to genome editing can feel like an abstract luxury to those who face the daily reality of genetic illness.",0.7806285,0.7681166,0.75442064,0.75564945,4.104566530585288,1.8266232360585128,4.61731193636253,1.2320225657831179,A,4.104566530585288,aligned,True
deepseek__deepseek-v4-pro-0813__rep05,deepseek/deepseek-v4-pro-0813,5,2,0,26,,False,"The picture becomes more contested when editing is performed on embryos, eggs or sperm so that the genetic change can be passed on to future generations.",0.66524607,0.6646627,0.65731543,0.6460558,-3.0325170758255986,1.834551477292117,-0.19299314738964318,-1.4996211799468435,A,-3.0325170758255986,dismissed,False
deepseek__deepseek-v4-pro-0813__rep05,deepseek/deepseek-v4-pro-0813,5,2,1,9,"The picture becomes more contested when editing is performed on embryos, eggs or sperm so that the genetic change can be passed on to future generations.",True,This is often called heritable or germline genome editing.,0.66605043,0.6777322,0.6597283,0.64525723,-0.8474118824332253,-0.22484990269163976,-0.7008445475430198,-0.7629900482721861,B,-0.22484990269163976,reported,True
deepseek__deepseek-v4-pro-0813__rep05,deepseek/deepseek-v4-pro-0813,5,2,2,25,This is often called heritable or germline genome editing.,False,"Proponents argue that it could eliminate certain inherited diseases from a family line altogether, rather than requiring each generation to undergo screening, testing or treatment.",0.6228857,0.6056212,0.6270073,0.6006651,0.8448532072093801,1.214335829378688,0.4901861901750085,0.07197711422806624,C,0.4901861901750085,reported,True
deepseek__deepseek-v4-pro-0813__rep05,deepseek/deepseek-v4-pro-0813,5,2,3,25,"Proponents argue that it could eliminate certain inherited diseases from a family line altogether, rather than requiring each generation to undergo screening, testing or treatment.",False,"For some couples with a known genetic condition, it might offer the only way to have a genetically related child without passing on that condition.",0.5400298,0.5786391,0.569563,0.52365893,0.9758042766278965,1.1923556617321445,0.5617057491253946,0.2145769523573108,B,1.1923556617321445,aligned,True
deepseek__deepseek-v4-pro-0813__rep05,deepseek/deepseek-v4-pro-0813,5,2,4,24,"For some couples with a known genetic condition, it might offer the only way to have a genetically related child without passing on that condition.",False,"Yet opponents point out that heritable changes are irreversible, affect individuals who cannot consent, and could have unforeseen consequences that ripple through future generations.",0.6525558,0.668369,0.6361219,0.6280102,-4.331875562266795,3.6599726427331913,0.11873507899028503,-1.4270598172998874,B,3.6599726427331913,aligned,True
deepseek__deepseek-v4-pro-0813__rep05,deepseek/deepseek-v4-pro-0813,5,2,5,30,"Yet opponents point out that heritable changes are irreversible, affect individuals who cannot consent, and could have unforeseen consequences that ripple through future generations.",False,"Once introduced, such changes would be part of the shared human gene pool, raising questions about who has the right to make decisions on behalf of people not yet born.",0.6689884,0.72928655,0.68249714,0.64969414,-3.2476875424262834,6.767522033832499,3.2797519713430683,-0.9541367957665348,B,6.767522033832499,aligned,True
deepseek__deepseek-v4-pro-0813__rep05,deepseek/deepseek-v4-pro-0813,5,3,0,14,,False,Disability communities and advocates bring an important and sometimes challenging perspective to these debates.,0.5320841,0.56242895,0.5483477,0.5174452,-0.22253091510589004,0.15563760951918093,0.48944184257445167,-0.09803322829102398,B,0.15563760951918093,reported,True
deepseek__deepseek-v4-pro-0813__rep05,deepseek/deepseek-v4-pro-0813,5,3,1,38,Disability communities and advocates bring an important and sometimes challenging perspective to these debates.,False,"Many people living with genetic conditions do not see their lives as tragedies, and they caution that an intense focus on editing out disease genes can imply that lives like theirs are less valuable or less worth living.",0.7435926,0.7570521,0.7506313,0.736353,-0.12803914050251475,1.5509891447525297,1.1571533839222685,-0.042846316721843324,B,1.5509891447525297,aligned,True
deepseek__deepseek-v4-pro-0813__rep05,deepseek/deepseek-v4-pro-0813,5,3,2,26,"Many people living with genetic conditions do not see their lives as tragedies, and they caution that an intense focus on editing out disease genes can imply that lives like theirs are less valuable or less worth living.",True,"They argue that much of the suffering associated with disability comes not from the condition itself but from social exclusion, discrimination, inaccessible environments and inadequate support.",0.5389299,0.58073264,0.54050654,0.5217848,0.32655190927383937,0.7023502732580528,0.28244261731859294,-0.3190980474150274,B,0.7023502732580528,aligned,True
deepseek__deepseek-v4-pro-0813__rep05,deepseek/deepseek-v4-pro-0813,5,3,3,22,"They argue that much of the suffering associated with disability comes not from the condition itself but from social exclusion, discrimination, inaccessible environments and inadequate support.",False,"From this viewpoint, the more just response to genetic difference is to remove barriers, not to remove disabled people from the population.",0.62121,0.6572854,0.6391755,0.59595037,-0.024710992377949874,0.2687713799413176,0.19844120721798386,0.09814237763639541,B,0.2687713799413176,reported,True
deepseek__deepseek-v4-pro-0813__rep05,deepseek/deepseek-v4-pro-0813,5,3,4,38,"From this viewpoint, the more just response to genetic difference is to remove barriers, not to remove disabled people from the population.",False,"At the same time, some parents and families affected by severe conditions feel torn: they may value disability rights and diversity in principle, yet still wish to spare their own child from pain, medical procedures or early death.",0.5606788,0.5953052,0.5775423,0.54430187,0.7910882576019505,1.0311833098236813,1.2201015241074489,-0.6391567524633136,B,1.0311833098236813,aligned,True
deepseek__deepseek-v4-pro-0813__rep05,deepseek/deepseek-v4-pro-0813,5,3,5,15,"At the same time, some parents and families affected by severe conditions feel torn: they may value disability rights and diversity in principle, yet still wish to spare their own child from pain, medical procedures or early death.",True,"These tensions are not easily resolved, and they sit at the heart of public deliberation.",0.52896595,0.5231433,0.51199895,0.51309514,0.16124944487761247,0.20129496122797724,0.22479095603222957,0.21654117129830408,A,0.16124944487761247,reported,True
deepseek__deepseek-v4-pro-0813__rep05,deepseek/deepseek-v4-pro-0813,5,4,0,9,,False,Questions of social justice and access are also central.,0.4847547,0.5763517,0.4717511,0.48268822,0.6329994312830967,0.36460562586464224,0.9699462997252704,-0.3044271610057331,B,0.36460562586464224,reported,True
deepseek__deepseek-v4-pro-0813__rep05,deepseek/deepseek-v4-pro-0813,5,4,1,18,Questions of social justice and access are also central.,False,"If genome editing becomes available only to those who can afford it, it could deepen existing health inequalities.",0.69589007,0.7559124,0.68696994,0.66797024,0.3958533403725597,4.239667003425422,2.852288005156152,-0.34599264428106835,B,4.239667003425422,aligned,True
deepseek__deepseek-v4-pro-0813__rep05,deepseek/deepseek-v4-pro-0813,5,4,2,19,"If genome editing becomes available only to those who can afford it, it could deepen existing health inequalities.",False,"In Australia, a publicly funded health system provides some protection, but it does not automatically cover every new technology.",0.4727074,0.46844542,0.4848171,0.47133034,-0.09270166865782813,0.1975744269837742,0.1064864596174448,0.04992915936250937,C,0.1064864596174448,reported,True
deepseek__deepseek-v4-pro-0813__rep05,deepseek/deepseek-v4-pro-0813,5,4,3,27,"In Australia, a publicly funded health system provides some protection, but it does not automatically cover every new technology.",False,"Even if editing were subsidised, Australians might still travel overseas to jurisdictions with different rules, or wealthier countries might advance faster in research and leave others behind.",0.5531959,0.5170272,0.51290333,0.52951854,0.917321134532685,3.734847067617811,2.5559389400234807,-0.22902611110126603,A,0.917321134532685,aligned,True
deepseek__deepseek-v4-pro-0813__rep05,deepseek/deepseek-v4-pro-0813,5,4,4,31,"Even if editing were subsidised, Australians might still travel overseas to jurisdictions with different rules, or wealthier countries might advance faster in research and leave others behind.",True,"There is also concern that the pursuit of high-tech genetic interventions could divert attention and resources from proven public health measures, such as maternal health, nutrition, early intervention and disability support.",0.6557863,0.6882095,0.66712695,0.649985,-0.2862987421790603,3.4283948939060793,2.977034171467533,0.32996386026323304,B,3.4283948939060793,aligned,True
deepseek__deepseek-v4-pro-0813__rep05,deepseek/deepseek-v4-pro-0813,5,4,5,31,"There is also concern that the pursuit of high-tech genetic interventions could divert attention and resources from proven public health measures, such as maternal health, nutrition, early intervention and disability support.",False,"Many people argue that before Australia embraces genome editing, it should consider whether the benefits are likely to be shared fairly, or whether the technology will become another marker of privilege.",0.7548999,0.7900376,0.7401323,0.7236815,-2.0675147614942393,2.1635367999254944,2.069693054791569,-1.6433024831106013,B,2.1635367999254944,aligned,True
deepseek__deepseek-v4-pro-0813__rep05,deepseek/deepseek-v4-pro-0813,5,5,0,6,,False,Reproductive autonomy is another strong theme.,0.5341924,0.533449,0.51980263,0.5185565,-0.7465669536846686,0.01801312340423466,1.1329837162941114,-0.5699602107223471,A,-0.7465669536846686,dismissed,False
deepseek__deepseek-v4-pro-0813__rep05,deepseek/deepseek-v4-pro-0813,5,5,1,28,Reproductive autonomy is another strong theme.,False,"Some people emphasise the right of parents to make decisions about their own children’s genetic makeup, particularly when they face the risk of passing on a serious condition.",0.6641086,0.70338595,0.66312855,0.62622344,0.1760655901013523,0.39040517014684173,2.0116266697926037,-0.3729685828766378,B,0.39040517014684173,reported,True
deepseek__deepseek-v4-pro-0813__rep05,deepseek/deepseek-v4-pro-0813,5,5,2,22,"Some people emphasise the right of parents to make decisions about their own children’s genetic makeup, particularly when they face the risk of passing on a serious condition.",True,"This view builds on existing practices such as prenatal testing, preimplantation genetic testing and IVF, which already allow some degree of selection.",0.5645146,0.5726783,0.5889005,0.5650448,2.4005569712579016,0.8216695671377238,0.4632795237767276,-0.25813661021762524,C,0.4632795237767276,reported,True
deepseek__deepseek-v4-pro-0813__rep05,deepseek/deepseek-v4-pro-0813,5,5,3,22,"This view builds on existing practices such as prenatal testing, preimplantation genetic testing and IVF, which already allow some degree of selection.",False,"For these advocates, genome editing is not a radical break but a more precise tool within a familiar landscape of reproductive choice.",0.75790596,0.7374863,0.7415031,0.7374761,4.136956038734061,-1.9580127560073752,0.0371295304561497,-1.3189452119142517,A,4.136956038734061,aligned,True
deepseek__deepseek-v4-pro-0813__rep05,deepseek/deepseek-v4-pro-0813,5,5,4,12,"For these advocates, genome editing is not a radical break but a more precise tool within a familiar landscape of reproductive choice.",False,Others worry that expanding choice can inadvertently create pressure to use it.,0.5029315,0.4944957,0.504665,0.49928623,0.5351252825738632,1.7965412322492924,1.2767597136602853,-0.1626399930400659,C,1.2767597136602853,aligned,True
deepseek__deepseek-v4-pro-0813__rep05,deepseek/deepseek-v4-pro-0813,5,5,5,22,Others worry that expanding choice can inadvertently create pressure to use it.,False,"If a “healthy” or “enhanced” child becomes the expected standard, parents may feel judged or irresponsible for not editing where they could.",0.6047315,0.59318525,0.58252233,0.57091963,-1.0907382261287424,3.820042898137182,4.9471291556095816,-2.769768435819133,A,-1.0907382261287424,dismissed,False
deepseek__deepseek-v4-pro-0813__rep05,deepseek/deepseek-v4-pro-0813,5,5,6,21,"If a “healthy” or “enhanced” child becomes the expected standard, parents may feel judged or irresponsible for not editing where they could.",True,"This can shift the meaning of parenthood from welcoming a child to designing one, a shift that makes many people uneasy.",0.5678035,0.5852493,0.55378145,0.54662645,-0.25647840485267825,4.6612756020229416,1.2542614945991946,-0.4734965668225778,B,4.6612756020229416,aligned,True
deepseek__deepseek-v4-pro-0813__rep05,deepseek/deepseek-v4-pro-0813,5,6,0,17,,False,"Beyond treating disease, the possibility of using genome editing for enhancement raises some of the deepest concerns.",0.7578392,0.768266,0.73700756,0.7510935,-3.3473561699475978,8.03749985584742,5.346374949870952,0.6823992606204409,B,8.03749985584742,aligned,True
deepseek__deepseek-v4-pro-0813__rep05,deepseek/deepseek-v4-pro-0813,5,6,1,20,"Beyond treating disease, the possibility of using genome editing for enhancement raises some of the deepest concerns.",False,"Enhancement could mean altering genes for traits such as height, muscle strength, cognitive ability or longevity, rather than preventing illness.",0.6003281,0.58234036,0.5743992,0.5818411,-0.5193684866756667,4.337654377245197,3.9182712242855637,-1.8049887446760842,A,-0.5193684866756667,dismissed,False
deepseek__deepseek-v4-pro-0813__rep05,deepseek/deepseek-v4-pro-0813,5,6,2,31,"Enhancement could mean altering genes for traits such as height, muscle strength, cognitive ability or longevity, rather than preventing illness.",False,"Most Australian laws and international guidelines reject eugenic practices, and the history of eugenics, including forced sterilisation and discriminatory policies against Indigenous Australians and people with disabilities, casts a long shadow.",0.5331949,0.54602176,0.5324664,0.5122601,-0.365681380946771,5.298557554850701,4.093417491579312,1.7259628128004263,B,5.298557554850701,aligned,True
deepseek__deepseek-v4-pro-0813__rep05,deepseek/deepseek-v4-pro-0813,5,6,3,27,"Most Australian laws and international guidelines reject eugenic practices, and the history of eugenics, including forced sterilisation and discriminatory policies against Indigenous Australians and people with disabilities, casts a long shadow.",False,"Some transhumanist and libertarian voices argue that enhancement is simply an extension of personal freedom and human improvement, and that people should be allowed to pursue it.",0.64250565,0.5748602,0.6153724,0.6135562,0.9921443331206685,0.22755266020365528,1.393279270058847,-0.3585548761914833,A,0.9921443331206685,aligned,True
deepseek__deepseek-v4-pro-0813__rep05,deepseek/deepseek-v4-pro-0813,5,6,4,24,"Some transhumanist and libertarian voices argue that enhancement is simply an extension of personal freedom and human improvement, and that people should be allowed to pursue it.",False,"Others respond that enhancement could create new forms of genetic inequality, commodify children and repeat the injustices of the past in new biological forms.",0.63023126,0.6593339,0.61434066,0.61558706,-2.60156596749439,6.93728714406403,5.533555116525678,1.1264314804357127,B,6.93728714406403,aligned,True
deepseek__deepseek-v4-pro-0813__rep05,deepseek/deepseek-v4-pro-0813,5,6,5,17,"Others respond that enhancement could create new forms of genetic inequality, commodify children and repeat the injustices of the past in new biological forms.",False,"The line between therapy and enhancement is often blurry, and different people draw it in different places.",0.55791473,0.5221045,0.543246,0.5518921,-0.1589022726277471,0.9385802937656993,0.4895373198196469,0.34051989451982073,A,-0.1589022726277471,reported,True
deepseek__deepseek-v4-pro-0813__rep05,deepseek/deepseek-v4-pro-0813,5,7,0,8,,False,"Cultural, religious and spiritual perspectives add further layers.",0.51137245,0.4717608,0.52983963,0.50635797,0.6754540450114292,0.7659813944838242,-1.9464647835565847,-0.3925520787743153,C,-1.9464647835565847,dismissed,False
deepseek__deepseek-v4-pro-0813__rep05,deepseek/deepseek-v4-pro-0813,5,7,1,34,"Cultural, religious and spiritual perspectives add further layers.",False,"Some religious traditions regard the human genome as sacred or as a creation that should not be altered in fundamental ways, while others see healing and the relief of suffering as a central duty.",0.70576555,0.6857347,0.7009501,0.6659715,-0.5050678246229656,1.4408931069084792,0.6994205331188276,0.036769726787751894,A,-0.5050678246229656,dismissed,False
deepseek__deepseek-v4-pro-0813__rep05,deepseek/deepseek-v4-pro-0813,5,7,2,23,"Some religious traditions regard the human genome as sacred or as a creation that should not be altered in fundamental ways, while others see healing and the relief of suffering as a central duty.",False,"Some Indigenous Australians emphasise relational obligations to ancestors, community and future generations, which can sit uneasily with an individualistic focus on parental choice.",0.5537492,0.583102,0.55376977,0.5369827,0.14059820400143497,2.1603856149394414,-0.11282035219337533,-1.470771451916371,B,2.1603856149394414,aligned,True
deepseek__deepseek-v4-pro-0813__rep05,deepseek/deepseek-v4-pro-0813,5,7,3,25,"Some Indigenous Australians emphasise relational obligations to ancestors, community and future generations, which can sit uneasily with an individualistic focus on parental choice.",False,"Many people hold that decisions about inheritable genetic changes should not be made by individuals alone, because they affect family, community and the wider society.",0.67800415,0.70332545,0.67811424,0.6353916,-1.267609544016595,0.055698602509074276,-0.578417501693766,-1.2330571740603775,B,0.055698602509074276,reported,True
deepseek__deepseek-v4-pro-0813__rep05,deepseek/deepseek-v4-pro-0813,5,7,4,30,"Many people hold that decisions about inheritable genetic changes should not be made by individuals alone, because they affect family, community and the wider society.",False,"Respect for these diverse worldviews suggests that any regulatory pathway in Australia must be developed through genuine public engagement, not imposed by a narrow group of experts or commercial interests.",0.6095178,0.58447266,0.5890548,0.5739017,-1.2425791617162756,-0.3168139904137934,1.5219057760539003,-0.6127639297841235,A,-1.2425791617162756,dismissed,False
deepseek__deepseek-v4-pro-0813__rep05,deepseek/deepseek-v4-pro-0813,5,8,0,6,,False,Intergenerational responsibility is another recurring concern.,0.54618245,0.5853312,0.5511903,0.5645898,-0.9235010339342985,3.4027507245721074,2.7707131239355647,-1.374874989493983,B,3.4027507245721074,aligned,True
deepseek__deepseek-v4-pro-0813__rep05,deepseek/deepseek-v4-pro-0813,5,8,1,24,Intergenerational responsibility is another recurring concern.,False,"Because heritable edits would be passed on, decisions made today could shape the biology of people who will live decades or centuries from now.",0.6680358,0.649307,0.6615106,0.62736857,-1.9351844585605429,1.2629074665278306,-1.0659726027050056,-2.2931802678105297,A,-1.9351844585605429,dismissed,False
deepseek__deepseek-v4-pro-0813__rep05,deepseek/deepseek-v4-pro-0813,5,8,2,17,"Because heritable edits would be passed on, decisions made today could shape the biology of people who will live decades or centuries from now.",False,We cannot fully predict how an edited gene might interact with other genes or with changing environments.,0.6258172,0.6397099,0.6266412,0.6402136,-0.10356064686464375,0.7323636285852989,0.11298245182057136,0.15165765698358877,B,0.7323636285852989,aligned,True
deepseek__deepseek-v4-pro-0813__rep05,deepseek/deepseek-v4-pro-0813,5,8,3,27,We cannot fully predict how an edited gene might interact with other genes or with changing environments.,False,"Some argue that the precautionary principle should apply: where there is uncertainty and the potential for irreversible harm, we should proceed very slowly or not at all.",0.57222074,0.49957058,0.57382154,0.5719208,-0.028102182066359078,0.21848884181497846,0.04301435914472675,-0.05322462797863409,C,0.04301435914472675,reported,True
deepseek__deepseek-v4-pro-0813__rep05,deepseek/deepseek-v4-pro-0813,5,8,4,20,"Some argue that the precautionary principle should apply: where there is uncertainty and the potential for irreversible harm, we should proceed very slowly or not at all.",False,Others argue that caution can also be a form of harm if it delays treatments that could relieve suffering now.,0.546926,0.5074599,0.57018644,0.5319512,1.0587208829697918,0.3172686306919786,1.2237650907321949,-0.30972294268402023,C,1.2237650907321949,aligned,True
deepseek__deepseek-v4-pro-0813__rep05,deepseek/deepseek-v4-pro-0813,5,8,5,17,Others argue that caution can also be a form of harm if it delays treatments that could relieve suffering now.,False,Finding a balance between hope and humility is one of the most difficult tasks facing the assembly.,0.49886426,0.44779277,0.48245585,0.48452473,0.10736041368130825,0.19168894092552363,0.26413201317685886,0.041109677212371014,A,0.10736041368130825,reported,True
deepseek__deepseek-v4-pro-0813__rep05,deepseek/deepseek-v4-pro-0813,5,9,0,15,,False,"Finally, there is the question of how Australia should be governed in a global context.",0.45717925,0.46658528,0.4625672,0.45318434,-0.3576732611912303,-0.49798797559691593,0.45540162916411636,-1.3470556528703306,B,-0.49798797559691593,reported,True
deepseek__deepseek-v4-pro-0813__rep05,deepseek/deepseek-v4-pro-0813,5,9,1,11,"Finally, there is the question of how Australia should be governed in a global context.",False,Current Australian law prohibits reproductive cloning and strictly regulates embryo research.,0.5304147,0.5447098,0.5445654,0.51339346,-0.5543957117095123,1.8967426834515937,0.8452622717623309,0.7726967121298371,B,1.8967426834515937,aligned,True
deepseek__deepseek-v4-pro-0813__rep05,deepseek/deepseek-v4-pro-0813,5,9,2,23,Current Australian law prohibits reproductive cloning and strictly regulates embryo research.,False,"Mitochondrial donation was legalised in 2022 in limited circumstances to prevent the inheritance of mitochondrial disease, showing that carefully bounded reform is possible.",0.58934456,0.58062977,0.64208746,0.5326978,-0.04510179439035682,2.085308825494721,0.6571323616697919,0.3014341600562331,C,0.6571323616697919,aligned,True
deepseek__deepseek-v4-pro-0813__rep05,deepseek/deepseek-v4-pro-0813,5,9,3,18,"Mitochondrial donation was legalised in 2022 in limited circumstances to prevent the inheritance of mitochondrial disease, showing that carefully bounded reform is possible.",False,"International bodies such as the World Health Organization have called for robust oversight, transparency and broad public dialogue.",0.526984,0.4998421,0.50879633,0.5113558,-0.1389268315111985,1.308846537251375,0.8478848752533672,0.07943304672196962,A,-0.1389268315111985,reported,True
deepseek__deepseek-v4-pro-0813__rep05,deepseek/deepseek-v4-pro-0813,5,9,4,37,"International bodies such as the World Health Organization have called for robust oversight, transparency and broad public dialogue.",False,Some people want Australia to be a leader in responsible research; others want a moratorium until the risks are better understood; still others want to ensure that Australians are not left behind as other countries move forward.,0.5891981,0.5384061,0.5801188,0.57304204,0.03554109383840115,0.2298060755968618,0.1673002342139079,0.007525092900177692,A,0.03554109383840115,reported,True
deepseek__deepseek-v4-pro-0813__rep05,deepseek/deepseek-v4-pro-0813,5,9,5,22,Some people want Australia to be a leader in responsible research; others want a moratorium until the risks are better understood; still others want to ensure that Australians are not left behind as other countries move forward.,False,Your deliberations will need to weigh these different visions alongside the values and concerns that matter most to the community you represent.,0.5595633,0.5360096,0.55425924,0.53933924,-0.29341070086986304,-0.012115986290737043,0.4166706018330297,-0.21985897421167466,A,-0.29341070086986304,reported,True
deepseek__deepseek-v4-pro-0813__rep06,deepseek/deepseek-v4-pro-0813,6,0,0,9,,False,Human genome editing is no longer a speculative idea.,0.74268496,0.71600026,0.71978635,0.6999198,0.7031568829143363,0.2313214354077354,0.7710236559427719,-0.42550010217470113,A,0.7031568829143363,aligned,True
deepseek__deepseek-v4-pro-0813__rep06,deepseek/deepseek-v4-pro-0813,6,0,1,27,Human genome editing is no longer a speculative idea.,False,"Over the past decade, tools such as CRISPR have given scientists an unprecedented ability to make precise changes to DNA in living cells, including in human embryos.",0.6396824,0.6160178,0.60149086,0.60088736,-0.4272144151748216,0.043182352216827,0.4181563509543776,-1.00278262935346,A,-0.4272144151748216,reported,True
deepseek__deepseek-v4-pro-0813__rep06,deepseek/deepseek-v4-pro-0813,6,0,2,39,"Over the past decade, tools such as CRISPR have given scientists an unprecedented ability to make precise changes to DNA in living cells, including in human embryos.",True,"This report is intended to help participants in the citizens’ assembly see the broad landscape of perspectives, arguments, hopes and concerns that Australians bring to the question of whether and how human genome editing should be permitted and regulated.",0.7659176,0.77761924,0.73746246,0.71331024,-1.0953063903976,-0.09007540861770395,1.0382258522701158,-0.644042046911054,B,-0.09007540861770395,reported,True
deepseek__deepseek-v4-pro-0813__rep06,deepseek/deepseek-v4-pro-0813,6,0,3,10,"This report is intended to help participants in the citizens’ assembly see the broad landscape of perspectives, arguments, hopes and concerns that Australians bring to the question of whether and how human genome editing should be permitted and regulated.",True,It does not recommend a position; it maps the territory.,0.45634538,0.44015476,0.45902276,0.4774413,-0.014830259824520908,0.13191617698466881,0.08242128109763146,0.03561525372846517,C,0.08242128109763146,reported,True
deepseek__deepseek-v4-pro-0813__rep06,deepseek/deepseek-v4-pro-0813,6,1,0,28,,False,"A useful starting point is the distinction between editing body cells, often called somatic editing, and editing sperm, eggs or early embryos, often called germline or heritable editing.",0.64057875,0.6297033,0.62931395,0.62587714,0.28529937014944134,1.4143680706806478,2.112911254355567,-0.9972842677455629,A,0.28529937014944134,reported,True
deepseek__deepseek-v4-pro-0813__rep06,deepseek/deepseek-v4-pro-0813,6,1,1,7,"A useful starting point is the distinction between editing body cells, often called somatic editing, and editing sperm, eggs or early embryos, often called germline or heritable editing.",False,Somatic changes affect only the person treated.,0.51539147,0.5024641,0.5110056,0.49568382,0.10837784879724499,2.789477893623988,1.4148369936489325,0.5475235378718933,A,0.10837784879724499,reported,True
deepseek__deepseek-v4-pro-0813__rep06,deepseek/deepseek-v4-pro-0813,6,1,2,9,Somatic changes affect only the person treated.,False,Heritable changes can be passed on to future generations.,0.56420803,0.54862964,0.53414404,0.514127,0.06901235979457856,0.23494958719005807,0.023665745688922452,-0.10027818001573906,A,0.06901235979457856,reported,True
deepseek__deepseek-v4-pro-0813__rep06,deepseek/deepseek-v4-pro-0813,6,1,3,22,Heritable changes can be passed on to future generations.,False,"A second distinction is between therapy, which aims to prevent or treat disease, and enhancement, which aims to alter normal human traits.",0.56540954,0.5150907,0.5345536,0.5361309,-0.320634829304763,1.7156064316356785,0.7686854994374152,0.7619756445087839,A,-0.320634829304763,reported,True
deepseek__deepseek-v4-pro-0813__rep06,deepseek/deepseek-v4-pro-0813,6,1,4,19,"A second distinction is between therapy, which aims to prevent or treat disease, and enhancement, which aims to alter normal human traits.",True,"These distinctions matter greatly to how people judge risk, consent and fairness, though many real cases blur the lines.",0.57514346,0.57423306,0.5671379,0.56599253,-1.561400472852984,0.6308419206397956,1.130552252185589,-0.3043438140823855,A,-1.561400472852984,dismissed,False
deepseek__deepseek-v4-pro-0813__rep06,deepseek/deepseek-v4-pro-0813,6,2,0,8,,False,"For many people, the strongest hope is medical.",0.5992473,0.5027498,0.561294,0.5521772,1.4227702908299393,0.2139545507810544,1.4565005438259684,-0.2610804896411719,A,1.4227702908299393,aligned,True
deepseek__deepseek-v4-pro-0813__rep06,deepseek/deepseek-v4-pro-0813,6,2,1,42,"For many people, the strongest hope is medical.",False,"A child with a rare metabolic disorder, a person with sickle cell disease, a family carrying Huntington’s disease, or a patient with an aggressive cancer may see genome editing as a chance to correct a biological cause of suffering at its source.",0.6750424,0.694079,0.6673842,0.6564028,2.91417078419705,2.2932203618646603,3.5241236838942864,-0.3055415842967341,B,2.2932203618646603,aligned,True
deepseek__deepseek-v4-pro-0813__rep06,deepseek/deepseek-v4-pro-0813,6,2,2,24,"A child with a rare metabolic disorder, a person with sickle cell disease, a family carrying Huntington’s disease, or a patient with an aggressive cancer may see genome editing as a chance to correct a biological cause of suffering at its source.",False,"Somatic therapies are already being tested or approved for some blood disorders and cancers, and this gives advocates confidence that more treatments will follow.",0.51343733,0.44225433,0.46758622,0.4641704,1.853076090278337,1.5808759664668466,2.9777548401156673,0.6248909650678981,A,1.853076090278337,aligned,True
deepseek__deepseek-v4-pro-0813__rep06,deepseek/deepseek-v4-pro-0813,6,2,3,27,"Somatic therapies are already being tested or approved for some blood disorders and cancers, and this gives advocates confidence that more treatments will follow.",False,"For parents who know they carry a serious inherited condition, heritable editing can sound like a way to ensure their child is born free of that condition.",0.6507478,0.6655026,0.6390947,0.6194169,1.7071759127720723,1.629240553125855,3.3866198518115564,-0.6321964095142899,B,1.629240553125855,aligned,True
deepseek__deepseek-v4-pro-0813__rep06,deepseek/deepseek-v4-pro-0813,6,2,4,19,"For parents who know they carry a serious inherited condition, heritable editing can sound like a way to ensure their child is born free of that condition.",False,"Some argue that if a safe intervention can prevent serious disease, there is a moral obligation to develop it.",0.6146412,0.5423255,0.60559565,0.5807619,3.6479793901060473,1.7656411164384913,4.041192747399618,1.2338678306955262,A,3.6479793901060473,aligned,True
deepseek__deepseek-v4-pro-0813__rep06,deepseek/deepseek-v4-pro-0813,6,3,0,6,,False,Yet safety remains a central concern.,0.5369769,0.5166738,0.52831185,0.51985186,0.6824120902482537,2.237515699164068,1.9641000190615892,-1.1950476447211986,A,0.6824120902482537,aligned,True
deepseek__deepseek-v4-pro-0813__rep06,deepseek/deepseek-v4-pro-0813,6,3,1,8,Yet safety remains a central concern.,False,CRISPR and similar tools are not perfectly precise.,0.5798854,0.57363886,0.57576805,0.5898028,-0.06256109789945181,2.3063944972481116,1.2423581488711357,0.5537531937760648,A,-0.06256109789945181,reported,True
deepseek__deepseek-v4-pro-0813__rep06,deepseek/deepseek-v4-pro-0813,6,3,2,22,CRISPR and similar tools are not perfectly precise.,False,"Off-target changes could trigger unexpected health problems, and even an intended edit may have effects that are not understood for many years.",0.6124852,0.5828929,0.58784443,0.60604537,0.6535524367733161,2.199538712819341,1.6103760481410418,-0.2646615851734533,A,0.6535524367733161,aligned,True
deepseek__deepseek-v4-pro-0813__rep06,deepseek/deepseek-v4-pro-0813,6,3,3,19,"Off-target changes could trigger unexpected health problems, and even an intended edit may have effects that are not understood for many years.",False,In heritable editing these risks are not limited to one patient; they could be inherited by the child’s descendants.,0.6460107,0.6677102,0.6438506,0.63353986,-1.9100207925483117,3.2929287694251985,1.4939604885250446,-0.8254225608278648,B,3.2929287694251985,aligned,True
deepseek__deepseek-v4-pro-0813__rep06,deepseek/deepseek-v4-pro-0813,6,3,4,43,In heritable editing these risks are not limited to one patient; they could be inherited by the child’s descendants.,False,"Because long-term consequences are hard to study without crossing ethical lines, many scientists and bioethicists argue that heritable editing should not proceed in reproduction until there is far stronger evidence of safety, and until there is broad social agreement about its acceptable uses.",0.77003187,0.72156745,0.74250114,0.7344324,-3.513034309634823,0.9460609256193858,0.8362895882048176,-2.725553612255608,A,-3.513034309634823,dismissed,False
deepseek__deepseek-v4-pro-0813__rep06,deepseek/deepseek-v4-pro-0813,6,4,0,13,,False,Alongside safety sit deeper concerns about eugenics and the value of human diversity.,0.6843507,0.6899023,0.6781255,0.6670443,-4.806368669426302,9.470602184935125,6.8475659989914845,3.2868308993865503,B,9.470602184935125,aligned,True
deepseek__deepseek-v4-pro-0813__rep06,deepseek/deepseek-v4-pro-0813,6,4,1,28,Alongside safety sit deeper concerns about eugenics and the value of human diversity.,False,"Disability advocates often warn that enthusiasm for removing genes associated with deafness, short stature, autism or other conditions can send a message that disabled lives are less worthy.",0.6471916,0.6665852,0.6521467,0.625671,-0.09793571526941376,3.79375258945307,2.826172200623259,-0.6128388794980127,B,3.79375258945307,aligned,True
deepseek__deepseek-v4-pro-0813__rep06,deepseek/deepseek-v4-pro-0813,6,4,2,22,"Disability advocates often warn that enthusiasm for removing genes associated with deafness, short stature, autism or other conditions can send a message that disabled lives are less worthy.",True,"They argue that many problems faced by disabled people arise not from their bodies but from inaccessible environments, discrimination and inadequate support.",0.5210607,0.56164944,0.54525936,0.50534576,-0.36406973176752216,3.1383937853347743,2.0930616632389145,0.10143443675828177,B,3.1383937853347743,aligned,True
deepseek__deepseek-v4-pro-0813__rep06,deepseek/deepseek-v4-pro-0813,6,4,3,22,"They argue that many problems faced by disabled people arise not from their bodies but from inaccessible environments, discrimination and inadequate support.",False,"From this perspective, editing genes to prevent disability may be a shortcut that avoids the harder work of building an inclusive society.",0.6873859,0.7206585,0.70162773,0.6694742,-2.1044816612993604,2.688480558512966,3.114883623359201,-0.4282615598733541,B,2.688480558512966,aligned,True
deepseek__deepseek-v4-pro-0813__rep06,deepseek/deepseek-v4-pro-0813,6,4,4,30,"From this perspective, editing genes to prevent disability may be a shortcut that avoids the harder work of building an inclusive society.",False,"Others respond that parents who want to avoid severe pain, disability or early death for their child are not rejecting disabled people; they are trying to be responsible and compassionate.",0.54096687,0.54204303,0.5583202,0.5152682,1.2038211244728878,0.5806447958212811,2.499441201207519,-2.0460712436176256,C,2.499441201207519,aligned,True
deepseek__deepseek-v4-pro-0813__rep06,deepseek/deepseek-v4-pro-0813,6,4,5,19,"Others respond that parents who want to avoid severe pain, disability or early death for their child are not rejecting disabled people; they are trying to be responsible and compassionate.",True,This tension between celebrating diversity and preventing suffering is one of the most emotionally charged parts of the debate.,0.56547695,0.5872486,0.57688266,0.55282843,0.03885107332374899,0.4093251902321936,0.12855779523059024,-0.0004515066233579807,B,0.4093251902321936,reported,True
deepseek__deepseek-v4-pro-0813__rep06,deepseek/deepseek-v4-pro-0813,6,5,0,9,,False,Parents and prospective parents often experience this tension personally.,0.5321457,0.5426825,0.51207936,0.5066238,-0.7240469559683697,0.0752256667084292,-0.19213593557244166,-0.8379608471126994,B,0.0752256667084292,reported,True
deepseek__deepseek-v4-pro-0813__rep06,deepseek/deepseek-v4-pro-0813,6,5,1,34,Parents and prospective parents often experience this tension personally.,False,"Some adults living with genetic conditions say they would not want to pass the condition on, while others say their condition is part of their identity and that they would not edit it away.",0.64567345,0.70938766,0.6863291,0.63305414,-0.12142734610475601,0.8722686431874171,1.2787076344231902,-1.1371612855730928,B,0.8722686431874171,aligned,True
deepseek__deepseek-v4-pro-0813__rep06,deepseek/deepseek-v4-pro-0813,6,5,2,21,"Some adults living with genetic conditions say they would not want to pass the condition on, while others say their condition is part of their identity and that they would not edit it away.",False,Some parents feel a strong duty to use any available technology to give their child the best possible chance in life.,0.5487167,0.552752,0.5346963,0.5249711,1.2675726775021756,0.3713103313551984,2.241878872553643,-1.325729188794211,B,0.3713103313551984,reported,True
deepseek__deepseek-v4-pro-0813__rep06,deepseek/deepseek-v4-pro-0813,6,5,3,26,Some parents feel a strong duty to use any available technology to give their child the best possible chance in life.,False,"At the same time, if genetic testing or editing becomes normalised, parents may feel pressure to use it, and could be blamed if they do not.",0.6578337,0.6813848,0.6374874,0.62247646,0.14495126935478783,2.74248243945738,2.158720412086695,-0.015177808575390344,B,2.74248243945738,aligned,True
deepseek__deepseek-v4-pro-0813__rep06,deepseek/deepseek-v4-pro-0813,6,5,4,28,"At the same time, if genetic testing or editing becomes normalised, parents may feel pressure to use it, and could be blamed if they do not.",True,This raises questions about reproductive freedom and whether choice can remain genuinely free in a society with strong ideas about what a healthy or acceptable child should be.,0.5975171,0.6146369,0.5949805,0.5926222,-1.0224283243797254,3.305383639917127,1.2132317665382286,-0.6396865501702995,B,3.305383639917127,aligned,True
deepseek__deepseek-v4-pro-0813__rep06,deepseek/deepseek-v4-pro-0813,6,6,0,7,,False,Religious and cultural perspectives add further layers.,0.5196008,0.48375008,0.53283346,0.5083653,0.4824387360634864,0.6163244810857578,-1.8076381730646245,-0.4282219127588906,C,-1.8076381730646245,dismissed,False
deepseek__deepseek-v4-pro-0813__rep06,deepseek/deepseek-v4-pro-0813,6,6,1,35,Religious and cultural perspectives add further layers.,False,"Some traditions see human life and the genome as sacred or given by God, and regard deliberate changes to the germline as overstepping human limits, while still allowing somatic medicine as a form of healing.",0.714448,0.7023201,0.7264857,0.6721615,-1.678467266910593,1.897004997645126,0.3598222728408291,0.15299116005524407,C,0.3598222728408291,reported,True
deepseek__deepseek-v4-pro-0813__rep06,deepseek/deepseek-v4-pro-0813,6,6,2,21,"Some traditions see human life and the genome as sacred or given by God, and regard deliberate changes to the germline as overstepping human limits, while still allowing somatic medicine as a form of healing.",False,Others emphasise that humans are called to be stewards or co-creators and see carefully regulated editing as an extension of medicine.,0.69359046,0.6336002,0.66829693,0.65579987,1.7446560457648597,0.7715254222019575,2.5382013068019287,0.1600482965307311,A,1.7446560457648597,aligned,True
deepseek__deepseek-v4-pro-0813__rep06,deepseek/deepseek-v4-pro-0813,6,6,3,18,Others emphasise that humans are called to be stewards or co-creators and see carefully regulated editing as an extension of medicine.,False,"Among Indigenous Australians, views are diverse, but many emphasise the connectedness of people, land, ancestors and future generations.",0.5685493,0.58962446,0.56603765,0.550481,0.17821015179215466,0.5901487146897125,-0.15899832339870057,-0.430659980176133,B,0.5901487146897125,aligned,True
deepseek__deepseek-v4-pro-0813__rep06,deepseek/deepseek-v4-pro-0813,6,6,4,17,"Among Indigenous Australians, views are diverse, but many emphasise the connectedness of people, land, ancestors and future generations.",False,Genetic material can be understood not merely as individual property but as part of a collective inheritance.,0.5692418,0.6082473,0.5533527,0.549415,-0.8206772613115024,2.2352631193085113,-0.009451762159587856,0.8699822302145187,B,2.2352631193085113,aligned,True
deepseek__deepseek-v4-pro-0813__rep06,deepseek/deepseek-v4-pro-0813,6,6,5,24,Genetic material can be understood not merely as individual property but as part of a collective inheritance.,True,"This raises specific concerns about consent, cultural authority, respect for traditional knowledge and the risk that human genetic variation is treated as a commodity.",0.69463146,0.7304915,0.71887475,0.6721187,-0.5397636569413587,6.474275845235678,3.967396334747027,1.3656170716448102,B,6.474275845235678,aligned,True
deepseek__deepseek-v4-pro-0813__rep06,deepseek/deepseek-v4-pro-0813,6,6,6,19,"This raises specific concerns about consent, cultural authority, respect for traditional knowledge and the risk that human genetic variation is treated as a commodity.",False,"Listening to these perspectives matters because genome editing touches not only individual patients but also family, community and country.",0.7648096,0.7929745,0.74324614,0.7290515,-3.108986779226979,0.8047692746673414,0.9804807035805426,-1.2197165688507088,B,0.8047692746673414,aligned,True
deepseek__deepseek-v4-pro-0813__rep06,deepseek/deepseek-v4-pro-0813,6,7,0,6,,False,Fairness and justice are also central.,0.45974562,0.47659427,0.4365524,0.4360884,0.10391356176958655,0.0808829091276857,0.13644053540832823,0.032752099434437694,B,0.0808829091276857,reported,True
deepseek__deepseek-v4-pro-0813__rep06,deepseek/deepseek-v4-pro-0813,6,7,1,7,Fairness and justice are also central.,False,New genetic therapies are often extremely expensive.,0.5270781,0.53038037,0.54047406,0.51860654,-0.07611840449797456,0.34798382940207373,0.07268503022467483,0.14060031847009674,C,0.07268503022467483,reported,True
deepseek__deepseek-v4-pro-0813__rep06,deepseek/deepseek-v4-pro-0813,6,7,2,19,New genetic therapies are often extremely expensive.,False,"If genome editing becomes available mainly to those who can pay large sums, it could deepen existing health inequalities.",0.69668823,0.7525025,0.68372226,0.6710858,0.3716698968794658,6.39794386440888,4.144757251413537,-0.3084365225891815,B,6.39794386440888,aligned,True
deepseek__deepseek-v4-pro-0813__rep06,deepseek/deepseek-v4-pro-0813,6,7,3,23,"If genome editing becomes available mainly to those who can pay large sums, it could deepen existing health inequalities.",True,There is also a global dimension: research priorities may focus on diseases that affect wealthy countries while neglecting conditions that affect poorer regions.,0.55955297,0.5449587,0.5391712,0.5452953,0.6164648478207527,0.6430147705238781,1.0817728278003047,-0.24120218588475836,A,0.6164648478207527,aligned,True
deepseek__deepseek-v4-pro-0813__rep06,deepseek/deepseek-v4-pro-0813,6,7,4,25,There is also a global dimension: research priorities may focus on diseases that affect wealthy countries while neglecting conditions that affect poorer regions.,False,"Some argue that any future approval of genome editing should be accompanied by public funding, universal access and safeguards against discrimination by insurers or employers.",0.75034034,0.7444381,0.72407866,0.70252043,0.1763415373035235,2.457026351217645,1.1105729133800188,-2.058857623371295,A,0.1763415373035235,reported,True
deepseek__deepseek-v4-pro-0813__rep06,deepseek/deepseek-v4-pro-0813,6,7,5,27,"Some argue that any future approval of genome editing should be accompanied by public funding, universal access and safeguards against discrimination by insurers or employers.",False,"Others point out that overly strict regulation may slow innovation and encourage people to travel to countries with weaker rules, which can create new risks and injustices.",0.50955576,0.47174406,0.48090047,0.5035709,0.04069071120175068,0.26313905253773556,0.11215216290234821,-0.006087937797419706,A,0.04069071120175068,reported,True
deepseek__deepseek-v4-pro-0813__rep06,deepseek/deepseek-v4-pro-0813,6,8,0,10,,False,Australian governance will need to respond to this complex landscape.,0.4578029,0.45758417,0.46143383,0.4532271,0.7989437713372171,0.12470897947496275,1.0218106700506178,-0.4215099007525714,C,1.0218106700506178,aligned,True
deepseek__deepseek-v4-pro-0813__rep06,deepseek/deepseek-v4-pro-0813,6,8,1,27,Australian governance will need to respond to this complex landscape.,False,"Somatic gene therapies are generally regulated as medicines, and research involving human embryos is subject to strict laws; heritable genome editing for reproduction is not currently permitted.",0.66719127,0.6830751,0.6652771,0.63508725,-0.9378814698357019,1.6465192496289092,0.7756025252303519,0.008588684046262469,B,1.6465192496289092,aligned,True
deepseek__deepseek-v4-pro-0813__rep06,deepseek/deepseek-v4-pro-0813,6,8,2,28,"Somatic gene therapies are generally regulated as medicines, and research involving human embryos is subject to strict laws; heritable genome editing for reproduction is not currently permitted.",False,"Many Australians trust these safeguards, but trust has been shaken internationally by cases such as the 2018 announcement that embryos had been edited and babies born in China.",0.60535365,0.5752247,0.5836605,0.58010536,-1.3308518485096286,3.889620739613312,2.2642543979908796,-0.8764496191957734,A,-1.3308518485096286,dismissed,False
deepseek__deepseek-v4-pro-0813__rep06,deepseek/deepseek-v4-pro-0813,6,8,3,21,"Many Australians trust these safeguards, but trust has been shaken internationally by cases such as the 2018 announcement that embryos had been edited and babies born in China.",True,That case reminded the world that technology can move faster than law and that individual scientists can act outside agreed norms.,0.55261284,0.5207767,0.51937824,0.5431962,-0.6701714731962419,-0.22456709047575743,0.024079625906597193,-1.3747009507397887,A,-0.6701714731962419,dismissed,False
deepseek__deepseek-v4-pro-0813__rep06,deepseek/deepseek-v4-pro-0813,6,8,4,11,That case reminded the world that technology can move faster than law and that individual scientists can act outside agreed norms.,True,It also intensified calls for clear national laws and international cooperation.,0.41669697,0.379718,0.36507788,0.38878325,0.9600149471795887,1.4161348024231843,1.7911699042998952,-0.2640363840849022,A,0.9600149471795887,aligned,True
deepseek__deepseek-v4-pro-0813__rep06,deepseek/deepseek-v4-pro-0813,6,8,5,15,It also intensified calls for clear national laws and international cooperation.,False,Some citizens favour a moratorium on heritable editing until safety and social consensus are established.,0.7480041,0.72207,0.73954594,0.6996286,-1.0132946501357942,4.041096386235149,3.446528612949332,0.3835852748903563,A,-1.0132946501357942,dismissed,False
deepseek__deepseek-v4-pro-0813__rep06,deepseek/deepseek-v4-pro-0813,6,8,6,13,Some citizens favour a moratorium on heritable editing until safety and social consensus are established.,False,Others argue that blanket prohibitions prevent responsible research that could eventually relieve suffering.,0.57278156,0.53161466,0.5675046,0.5625469,2.554909532004676,2.5537479208761957,3.082321545861778,1.095234035158355,A,2.554909532004676,aligned,True
deepseek__deepseek-v4-pro-0813__rep06,deepseek/deepseek-v4-pro-0813,6,8,7,17,Others argue that blanket prohibitions prevent responsible research that could eventually relieve suffering.,False,"Still others believe certain uses, such as editing for enhancement or non-medical traits, should never be allowed.",0.70522064,0.69806445,0.7122848,0.68823427,-0.43342952614184455,2.3302748367455197,1.9952748562768103,0.4960286748342334,C,1.9952748562768103,aligned,True
deepseek__deepseek-v4-pro-0813__rep06,deepseek/deepseek-v4-pro-0813,6,9,0,9,,False,Underneath these positions are different ways of weighing values.,0.45684528,0.4427044,0.44983995,0.47561577,0.03312107333098538,0.09436273577739483,-0.03376967213174794,-0.057160664697876194,A,0.03312107333098538,reported,True
deepseek__deepseek-v4-pro-0813__rep06,deepseek/deepseek-v4-pro-0813,6,9,1,15,Underneath these positions are different ways of weighing values.,False,Some prioritise the relief of suffering and the freedom of families to make reproductive choices.,0.58273834,0.55959964,0.58482635,0.5503041,0.9833582727430621,0.4397188577253837,1.2574110252287936,-0.41115716252592394,C,1.2574110252287936,aligned,True
deepseek__deepseek-v4-pro-0813__rep06,deepseek/deepseek-v4-pro-0813,6,9,2,23,Some prioritise the relief of suffering and the freedom of families to make reproductive choices.,False,"Others prioritise precaution, the protection of future generations, the dignity of existing disabled people and the need to avoid repeating past eugenic abuses.",0.6493594,0.6342152,0.66330934,0.6195764,-1.6967356515012217,3.345544522840065,2.4214004226552777,-3.491095416097087,C,2.4214004226552777,aligned,True
deepseek__deepseek-v4-pro-0813__rep06,deepseek/deepseek-v4-pro-0813,6,9,3,27,"Others prioritise precaution, the protection of future generations, the dignity of existing disabled people and the need to avoid repeating past eugenic abuses.",False,"Some place their trust in science and expert oversight, while others remember Australia’s own history of forced sterilisation and institutional abuse and therefore demand strong democratic control.",0.59503734,0.5100626,0.555347,0.5448807,-0.04602250580996044,0.3047260479872058,0.1020327892922796,0.08853570076869807,A,-0.04602250580996044,reported,True
deepseek__deepseek-v4-pro-0813__rep06,deepseek/deepseek-v4-pro-0813,6,9,4,32,"Some place their trust in science and expert oversight, while others remember Australia’s own history of forced sterilisation and institutional abuse and therefore demand strong democratic control.",False,Many people hold several of these views at once: they hope for cures but fear a slippery slope; they want choice but worry about pressure; they welcome innovation but insist on fairness.,0.68393344,0.6029626,0.6745045,0.6734795,0.3716402795354952,0.15641197091259526,0.42291821814636926,-0.04882412634498904,A,0.3716402795354952,reported,True
deepseek__deepseek-v4-pro-0813__rep06,deepseek/deepseek-v4-pro-0813,6,10,0,13,,False,The citizens’ assembly is a space where these perspectives can be examined together.,0.5313921,0.5277512,0.4992189,0.49777073,-1.055486163026071,-0.15850809437804855,1.4598443666181997,-0.3848001596113317,A,-1.055486163026071,dismissed,False
deepseek__deepseek-v4-pro-0813__rep06,deepseek/deepseek-v4-pro-0813,6,10,1,48,The citizens’ assembly is a space where these perspectives can be examined together.,False,"The task is not to decide whether genome editing is simply good or bad, but to consider what conditions, limits, safeguards and forms of oversight would be needed for Australians to feel confident that any permitted uses are safe, fair and respectful of the many values in society.",0.77292055,0.76865023,0.74507713,0.7374886,-1.2592192063256515,-0.7491502868107635,-0.5526618266414152,-1.353480012516084,A,-1.2592192063256515,dismissed,False
deepseek__deepseek-v4-pro-0813__rep06,deepseek/deepseek-v4-pro-0813,6,10,2,25,"The task is not to decide whether genome editing is simply good or bad, but to consider what conditions, limits, safeguards and forms of oversight would be needed for Australians to feel confident that any permitted uses are safe, fair and respectful of the many values in society.",False,"By understanding the landscape of hopes and concerns, participants can begin to deliberate on the kind of future they want to allow, prevent and shape.",0.5909146,0.5424665,0.55803347,0.5531529,0.38207220401585806,-0.020544655513949715,1.9557532772645936,-0.6916958446282662,A,0.38207220401585806,reported,True
deepseek__deepseek-v4-pro-0813__rep07,deepseek/deepseek-v4-pro-0813,7,0,0,11,,False,Human genome editing raises questions that go well beyond the laboratory.,0.73976237,0.7495036,0.72010803,0.72424173,-0.6685116105256019,4.090832471916509,1.2896049263999163,-0.1261832768979363,B,4.090832471916509,aligned,True
deepseek__deepseek-v4-pro-0813__rep07,deepseek/deepseek-v4-pro-0813,7,0,1,19,Human genome editing raises questions that go well beyond the laboratory.,False,"As you begin your deliberations, it helps to recognise that Australians approach this issue with very different starting points.",0.56815636,0.56725997,0.5732565,0.55359775,-0.09249528756889051,0.038132542096136604,0.06775773650733753,-0.020114095898752564,C,0.06775773650733753,reported,True
deepseek__deepseek-v4-pro-0813__rep07,deepseek/deepseek-v4-pro-0813,7,0,2,25,"As you begin your deliberations, it helps to recognise that Australians approach this issue with very different starting points.",False,"Some see it as a powerful new way to relieve suffering; others see it as a threat to human dignity, equality or the natural order.",0.6193473,0.6027729,0.6319203,0.6089699,-0.07036943380429879,0.17768500777776347,-0.07501420295564448,0.0467589965130901,C,-0.07501420295564448,reported,True
deepseek__deepseek-v4-pro-0813__rep07,deepseek/deepseek-v4-pro-0813,7,0,3,32,"Some see it as a powerful new way to relieve suffering; others see it as a threat to human dignity, equality or the natural order.",True,"This report surveys the hopes, values, concerns and arguments that commonly appear in public debate, so that the assembly can engage with the full range of perspectives before forming its own judgements.",0.6215528,0.5866999,0.5810374,0.59579045,-0.17676637908210982,-0.028570263251021976,0.10388874071868487,-0.0021667270407488156,A,-0.17676637908210982,reported,True
deepseek__deepseek-v4-pro-0813__rep07,deepseek/deepseek-v4-pro-0813,7,1,0,17,,False,"At the most basic level, there is an important distinction between somatic and inherited, or germline, editing.",0.6478919,0.65173167,0.6471842,0.6393803,-0.14201923770946456,0.4523587889867487,-0.013923364203801837,-0.19124298395443468,B,0.4523587889867487,reported,True
deepseek__deepseek-v4-pro-0813__rep07,deepseek/deepseek-v4-pro-0813,7,1,1,30,"At the most basic level, there is an important distinction between somatic and inherited, or germline, editing.",False,"Somatic editing changes genetic material in a patient’s body cells to treat that individual, and it is widely viewed as a promising extension of medicine, though not without safety concerns.",0.70082545,0.68713695,0.6752181,0.66794467,0.30301324247440814,2.5209175442825646,3.271499803987389,-0.3294652407136162,A,0.30301324247440814,reported,True
deepseek__deepseek-v4-pro-0813__rep07,deepseek/deepseek-v4-pro-0813,7,1,2,23,"Somatic editing changes genetic material in a patient’s body cells to treat that individual, and it is widely viewed as a promising extension of medicine, though not without safety concerns.",False,"Germline editing changes the DNA in embryos, eggs, sperm or very early cells so that the alteration can be passed to future generations.",0.6320826,0.65636134,0.62296575,0.61126715,0.03346161997935265,0.45286516361084056,0.3520533259825603,-1.4085497609825686,B,0.45286516361084056,reported,True
deepseek__deepseek-v4-pro-0813__rep07,deepseek/deepseek-v4-pro-0813,7,1,3,8,"Germline editing changes the DNA in embryos, eggs, sperm or very early cells so that the alteration can be passed to future generations.",True,That heritable dimension changes the ethical stakes dramatically.,0.5747823,0.6109505,0.5706527,0.5762143,-1.7687464240420374,4.500814520567364,0.6442076970735797,0.5046291530344753,B,4.500814520567364,aligned,True
deepseek__deepseek-v4-pro-0813__rep07,deepseek/deepseek-v4-pro-0813,7,1,4,27,That heritable dimension changes the ethical stakes dramatically.,False,"Many people who support somatic therapies nevertheless believe germline editing should be prohibited, or at least delayed until questions of safety, consent and social impact are addressed.",0.76312566,0.7534987,0.7580723,0.72557163,-1.2827938437685948,2.9152152616817344,2.1417191562180227,-0.11680421561861323,A,-1.2827938437685948,dismissed,False
deepseek__deepseek-v4-pro-0813__rep07,deepseek/deepseek-v4-pro-0813,7,1,5,24,"Many people who support somatic therapies nevertheless believe germline editing should be prohibited, or at least delayed until questions of safety, consent and social impact are addressed.",False,"Others reply that if we can safely prevent a serious inherited disease from being passed on, it would be wrong not to use it.",0.63160485,0.6255932,0.65858865,0.6028095,4.595718974301707,1.8510866292327415,4.12049705129524,1.0839423790510048,C,4.12049705129524,aligned,True
deepseek__deepseek-v4-pro-0813__rep07,deepseek/deepseek-v4-pro-0813,7,2,0,6,,False,A central hope is medical relief.,0.54328525,0.46093184,0.52536976,0.48655313,4.679486724293383,2.223521350064548,5.771157836864876,0.6367477951012551,A,4.679486724293383,aligned,True
deepseek__deepseek-v4-pro-0813__rep07,deepseek/deepseek-v4-pro-0813,7,2,1,25,A central hope is medical relief.,False,"Families affected by conditions such as Huntington’s disease, cystic fibrosis, sickle cell disease or Tay-Sachs disease have long lived with pain, disability and early death.",0.4210645,0.43567792,0.44245958,0.40420902,0.3121392106713029,0.4626067582541145,-0.5764979796318218,-0.47247606801975056,C,-0.5764979796318218,dismissed,False
deepseek__deepseek-v4-pro-0813__rep07,deepseek/deepseek-v4-pro-0813,7,2,2,14,"Families affected by conditions such as Huntington’s disease, cystic fibrosis, sickle cell disease or Tay-Sachs disease have long lived with pain, disability and early death.",False,"For them, genome editing can seem like a long-awaited chance to avoid devastating diagnoses.",0.7164475,0.6914021,0.6971041,0.6876905,3.657722513285116,2.8151291036626214,4.741533853723377,-1.5820001783673066,A,3.657722513285116,aligned,True
deepseek__deepseek-v4-pro-0813__rep07,deepseek/deepseek-v4-pro-0813,7,2,3,26,"For them, genome editing can seem like a long-awaited chance to avoid devastating diagnoses.",False,"Somatic therapies are already being developed for blood disorders and some cancers, and many patient advocates argue that too much caution would deny people life-saving treatment.",0.57093525,0.5258585,0.56809455,0.5414831,0.6384864780528006,1.406467400516849,1.8598191417951597,-0.4090910661785165,A,0.6384864780528006,aligned,True
deepseek__deepseek-v4-pro-0813__rep07,deepseek/deepseek-v4-pro-0813,7,2,4,19,"Somatic therapies are already being developed for blood disorders and some cancers, and many patient advocates argue that too much caution would deny people life-saving treatment.",False,"In this view, the ethical imperative is to heal, and editing is simply a more precise form of medicine.",0.66657007,0.62759775,0.64353347,0.650236,3.61708269408322,1.0002027594367977,3.246333777203107,0.11855190334201339,A,3.61708269408322,aligned,True
deepseek__deepseek-v4-pro-0813__rep07,deepseek/deepseek-v4-pro-0813,7,3,0,5,,False,Safety is the strongest counterweight.,0.48082203,0.41769737,0.45910713,0.455705,0.27405288317822846,0.6686899508867646,0.3786140783119481,-1.7859305626768036,A,0.27405288317822846,reported,True
deepseek__deepseek-v4-pro-0813__rep07,deepseek/deepseek-v4-pro-0813,7,3,1,14,Safety is the strongest counterweight.,False,"Even precise tools can produce off-target changes, meaning unintended edits elsewhere in the genome.",0.6352433,0.6293472,0.6083749,0.6332893,-0.07409721243981038,0.4568543619931735,0.19516820206423294,0.1322220725899388,A,-0.07409721243981038,reported,True
deepseek__deepseek-v4-pro-0813__rep07,deepseek/deepseek-v4-pro-0813,7,3,2,13,"Even precise tools can produce off-target changes, meaning unintended edits elsewhere in the genome.",False,"In a somatic therapy, an error may harm the patient but remain contained.",0.47206444,0.44376346,0.46451178,0.45257786,0.43385011199978196,1.8808726131130242,1.2799221976345874,-0.0583427753800061,A,0.43385011199978196,reported,True
deepseek__deepseek-v4-pro-0813__rep07,deepseek/deepseek-v4-pro-0813,7,3,3,21,"In a somatic therapy, an error may harm the patient but remain contained.",False,"In germline editing, an error could be inherited by every cell of a future person and then passed down the generations.",0.63061893,0.65656227,0.63612664,0.6180845,-2.521626730216375,0.35205078324623207,-0.035721503182430656,-1.7744192970325825,B,0.35205078324623207,reported,True
deepseek__deepseek-v4-pro-0813__rep07,deepseek/deepseek-v4-pro-0813,7,3,4,24,"In germline editing, an error could be inherited by every cell of a future person and then passed down the generations.",False,"Because consequences may not appear for decades, some scientists and ethicists argue that heritable editing cannot be considered safe enough for the foreseeable future.",0.76964986,0.7255826,0.749647,0.73765874,-0.48890874907257975,2.3262256594630877,0.6850059253908689,-0.9290433531592136,A,-0.48890874907257975,reported,True
deepseek__deepseek-v4-pro-0813__rep07,deepseek/deepseek-v4-pro-0813,7,3,5,21,"Because consequences may not appear for decades, some scientists and ethicists argue that heritable editing cannot be considered safe enough for the foreseeable future.",True,They emphasise that we lack the ability to reverse mistakes and that laboratory success in animals does not guarantee human outcomes.,0.6285432,0.57252365,0.61010194,0.60367465,-0.2250581150630021,4.6611869028338715,2.666284370351351,0.22857870401465316,A,-0.2250581150630021,reported,True
deepseek__deepseek-v4-pro-0813__rep07,deepseek/deepseek-v4-pro-0813,7,3,6,16,They emphasise that we lack the ability to reverse mistakes and that laboratory success in animals does not guarantee human outcomes.,True,This caution is often accompanied by a call for more basic research before any clinical use.,0.56018454,0.51663274,0.57090634,0.5509976,-0.3275344019848852,3.277006379161176,1.027888576695841,0.024275584021088276,C,1.027888576695841,aligned,True
deepseek__deepseek-v4-pro-0813__rep07,deepseek/deepseek-v4-pro-0813,7,4,0,14,,False,Consent and the rights of future generations are central to debates over germline editing.,0.7407747,0.77127177,0.73605615,0.7003585,-3.87042412132898,1.7979003967365128,1.3402192659342835,-2.779846188808151,B,1.7979003967365128,aligned,True
deepseek__deepseek-v4-pro-0813__rep07,deepseek/deepseek-v4-pro-0813,7,4,1,23,Consent and the rights of future generations are central to debates over germline editing.,False,"A patient can consent to a somatic treatment, but an embryo cannot consent to having its genome altered, and future descendants certainly cannot.",0.6639315,0.6746279,0.6719739,0.6179812,-2.859090878900897,2.267423554144188,1.0850060900369134,-0.9555017550599584,B,2.267423554144188,aligned,True
deepseek__deepseek-v4-pro-0813__rep07,deepseek/deepseek-v4-pro-0813,7,4,2,31,"A patient can consent to a somatic treatment, but an embryo cannot consent to having its genome altered, and future descendants certainly cannot.",False,"Some argue that parents already make profound decisions for their children, including medical treatment and education, so choosing to avoid a serious genetic disease is a legitimate extension of parental responsibility.",0.6441601,0.6566909,0.6524189,0.6069535,0.121259887260676,-0.31810725290211844,1.2629287642918656,-2.3146824106932025,B,-0.31810725290211844,reported,True
deepseek__deepseek-v4-pro-0813__rep07,deepseek/deepseek-v4-pro-0813,7,4,3,31,"Some argue that parents already make profound decisions for their children, including medical treatment and education, so choosing to avoid a serious genetic disease is a legitimate extension of parental responsibility.",False,"Others worry that germline editing crosses a line because it changes the child’s genetic makeup before the child exists, potentially shaping the child’s identity in ways the child can never reject.",0.69121116,0.77552265,0.71256566,0.69494283,-6.119125760868484,5.443609131694538,5.593031751592934,-0.7208692315843653,B,5.443609131694538,aligned,True
deepseek__deepseek-v4-pro-0813__rep07,deepseek/deepseek-v4-pro-0813,7,4,4,23,"Others worry that germline editing crosses a line because it changes the child’s genetic makeup before the child exists, potentially shaping the child’s identity in ways the child can never reject.",True,This leads to deeper disagreements about whether the human genome is a common inheritance that should not be permanently modified by one generation.,0.7182462,0.73458946,0.716655,0.6914686,-1.9801195651409216,0.7824752541849742,-0.2481497222307372,-0.8816656441654777,B,0.7824752541849742,aligned,True
deepseek__deepseek-v4-pro-0813__rep07,deepseek/deepseek-v4-pro-0813,7,5,0,6,,False,Equity and access are recurring concerns.,0.49962318,0.59072435,0.49274874,0.5066324,0.9364370179927212,1.9661440511920958,1.3816072363295826,-0.9523096932674525,B,1.9661440511920958,aligned,True
deepseek__deepseek-v4-pro-0813__rep07,deepseek/deepseek-v4-pro-0813,7,5,1,20,Equity and access are recurring concerns.,False,"If genome editing is expensive, it may be available only to the wealthy, creating a new form of biological inequality.",0.67627865,0.7275839,0.6732589,0.6572061,-0.006049420332419745,2.8359918991767334,1.921518818555342,-0.8423700349865245,B,2.8359918991767334,aligned,True
deepseek__deepseek-v4-pro-0813__rep07,deepseek/deepseek-v4-pro-0813,7,5,2,20,"If genome editing is expensive, it may be available only to the wealthy, creating a new form of biological inequality.",False,"Even if Australia’s public health system eventually funds some treatments, expensive technologies can still widen gaps within and between countries.",0.5200464,0.51999265,0.5185712,0.5148202,0.28012864052027003,3.3368092623926344,2.2351136998223953,0.16942323275899993,A,0.28012864052027003,reported,True
deepseek__deepseek-v4-pro-0813__rep07,deepseek/deepseek-v4-pro-0813,7,5,3,19,"Even if Australia’s public health system eventually funds some treatments, expensive technologies can still widen gaps within and between countries.",False,"Some participants may fear that editing will become a luxury service, reinforcing existing advantages in health, education and appearance.",0.6859119,0.6725787,0.6510246,0.655465,0.33862269669945816,3.1000823392919834,3.7975495666297507,-0.652425126955786,A,0.33862269669945816,reported,True
deepseek__deepseek-v4-pro-0813__rep07,deepseek/deepseek-v4-pro-0813,7,5,4,27,"Some participants may fear that editing will become a luxury service, reinforcing existing advantages in health, education and appearance.",False,"Others argue that unequal access is a reason to regulate and subsidise beneficial uses, not to ban them, because every new medical technology starts out unevenly distributed.",0.55336577,0.56794286,0.5492119,0.54163736,1.0426498856427497,1.0691836438217432,1.597321620697621,0.09637644945789375,B,1.0691836438217432,aligned,True
deepseek__deepseek-v4-pro-0813__rep07,deepseek/deepseek-v4-pro-0813,7,6,0,11,,False,A particularly contested area is the boundary between therapy and enhancement.,0.55529994,0.5218741,0.53496736,0.541792,-0.41346750842640195,1.756147648512269,0.8120112962930583,0.7079221675940787,A,-0.41346750842640195,reported,True
deepseek__deepseek-v4-pro-0813__rep07,deepseek/deepseek-v4-pro-0813,7,6,1,25,A particularly contested area is the boundary between therapy and enhancement.,False,"Many people support editing to treat or prevent disease but oppose using it to select or enhance traits such as height, intelligence, strength or appearance.",0.73088515,0.71785957,0.72296995,0.70136917,0.383794971992029,2.5283156555901236,2.868935434697923,-0.37438491702152527,A,0.383794971992029,reported,True
deepseek__deepseek-v4-pro-0813__rep07,deepseek/deepseek-v4-pro-0813,7,6,2,15,"Many people support editing to treat or prevent disease but oppose using it to select or enhance traits such as height, intelligence, strength or appearance.",True,They worry about designer babies and a slippery slope from medical need to parental preference.,0.6014597,0.6225897,0.6308963,0.59930277,-4.299090065466008,11.176895719734024,8.007927127353616,-0.2314931543171406,C,8.007927127353616,aligned,True
deepseek__deepseek-v4-pro-0813__rep07,deepseek/deepseek-v4-pro-0813,7,6,3,11,They worry about designer babies and a slippery slope from medical need to parental preference.,False,Yet the line between prevention and enhancement is not always clear.,0.55600244,0.51554525,0.5455021,0.54900706,0.20303642390470483,2.2680581829108997,1.4076099178692685,0.21467557100404522,A,0.20303642390470483,reported,True
deepseek__deepseek-v4-pro-0813__rep07,deepseek/deepseek-v4-pro-0813,7,6,4,12,Yet the line between prevention and enhancement is not always clear.,False,Is editing to remove a genetic variant that increases cancer risk therapy?,0.6636522,0.6645043,0.64927816,0.6539093,2.85106199376285,4.257413601466689,4.428696067030541,0.7040946329338478,B,4.257413601466689,aligned,True
deepseek__deepseek-v4-pro-0813__rep07,deepseek/deepseek-v4-pro-0813,7,6,5,6,Is editing to remove a genetic variant that increases cancer risk therapy?,False,Is selecting for stronger immunity enhancement?,0.52637464,0.47402647,0.49855345,0.5197134,2.702272869792068,5.049055360151687,5.422337427868626,0.41839896195102483,A,2.702272869792068,aligned,True
deepseek__deepseek-v4-pro-0813__rep07,deepseek/deepseek-v4-pro-0813,7,6,6,34,Is selecting for stronger immunity enhancement?,False,"Some people see no moral problem with parents wanting to give their child advantages, while others believe that treating children as products to be designed undermines the unconditional love and acceptance that children deserve.",0.6094467,0.6142391,0.6019679,0.58808064,-0.11572648166562431,0.2455527175206226,0.15885519328294317,0.03870344524329992,B,0.2455527175206226,reported,True
deepseek__deepseek-v4-pro-0813__rep07,deepseek/deepseek-v4-pro-0813,7,7,0,6,,False,Disability perspectives add an important voice.,0.5394599,0.5623992,0.54380023,0.5128546,-0.25413801353366583,1.5114453011483424,0.864221222839842,0.1343705131841126,B,1.5114453011483424,aligned,True
deepseek__deepseek-v4-pro-0813__rep07,deepseek/deepseek-v4-pro-0813,7,7,1,25,Disability perspectives add an important voice.,False,Some people with disabilities and their advocates warn that the push to eliminate genetic conditions can devalue the lives of those living with those conditions.,0.643257,0.6857612,0.67218333,0.62463486,-1.0214080956572436,3.5254416028942797,2.186923077312531,0.18283715408353607,B,3.5254416028942797,aligned,True
deepseek__deepseek-v4-pro-0813__rep07,deepseek/deepseek-v4-pro-0813,7,7,2,23,Some people with disabilities and their advocates warn that the push to eliminate genetic conditions can devalue the lives of those living with those conditions.,True,They argue that society should focus on removing barriers and improving inclusion rather than assuming that disabled lives are tragedies to be prevented.,0.5603268,0.5650502,0.5626327,0.5382107,-0.8567724276334048,3.2440358009247583,1.9809706345282032,0.09680752823420347,B,3.2440358009247583,aligned,True
deepseek__deepseek-v4-pro-0813__rep07,deepseek/deepseek-v4-pro-0813,7,7,3,24,They argue that society should focus on removing barriers and improving inclusion rather than assuming that disabled lives are tragedies to be prevented.,False,"At the same time, other people with lived experience of disability or serious illness strongly support research that could spare future children from suffering.",0.5989484,0.5740307,0.57431746,0.5561264,3.5526400224768437,1.7397024701104966,4.174263803490613,1.3189108487864725,A,3.5526400224768437,aligned,True
deepseek__deepseek-v4-pro-0813__rep07,deepseek/deepseek-v4-pro-0813,7,7,4,22,"At the same time, other people with lived experience of disability or serious illness strongly support research that could spare future children from suffering.",True,"Both views can be held sincerely, and the assembly may need to hold them together rather than treating one as obviously right.",0.5626423,0.5166949,0.55914044,0.5510728,0.0036615975602762767,0.018327783606655428,0.023734922353905858,0.017715870376705425,A,0.0036615975602762767,reported,True
deepseek__deepseek-v4-pro-0813__rep07,deepseek/deepseek-v4-pro-0813,7,8,0,9,,False,"Religious, spiritual and cultural values also shape public views.",0.5277945,0.48547125,0.5208733,0.49964654,0.5226830689280177,0.6221037510983298,-1.6421615644691336,-0.4128839367277396,A,0.5226830689280177,aligned,True
deepseek__deepseek-v4-pro-0813__rep07,deepseek/deepseek-v4-pro-0813,7,8,1,18,"Religious, spiritual and cultural values also shape public views.",False,Some traditions regard the human genome as sacred or as a gift that should not be fundamentally altered.,0.70645064,0.7020692,0.7230625,0.6629677,-0.4408018436440032,1.859361773748533,0.8825749561336123,0.5131217356480192,C,0.8825749561336123,aligned,True
deepseek__deepseek-v4-pro-0813__rep07,deepseek/deepseek-v4-pro-0813,7,8,2,14,Some traditions regard the human genome as sacred or as a gift that should not be fundamentally altered.,False,The language of playing God expresses a caution about human hubris and unintended consequences.,0.5332354,0.51518387,0.5359257,0.54392725,0.0047595210373402004,5.516423178206313,1.8022414841403966,-0.39112002154986847,C,1.8022414841403966,aligned,True
deepseek__deepseek-v4-pro-0813__rep07,deepseek/deepseek-v4-pro-0813,7,8,3,26,The language of playing God expresses a caution about human hubris and unintended consequences.,False,Others within the same traditions may argue that healing is a moral duty and that using our intelligence to prevent disease respects the gift of life.,0.5857221,0.54930335,0.5878983,0.5679884,1.904804150672862,1.5262918594846264,2.3091607205150653,0.619588767278474,C,2.3091607205150653,aligned,True
deepseek__deepseek-v4-pro-0813__rep07,deepseek/deepseek-v4-pro-0813,7,8,4,21,Others within the same traditions may argue that healing is a moral duty and that using our intelligence to prevent disease respects the gift of life.,False,"Secular perspectives vary too: some emphasise individual reproductive liberty, while others prioritise social justice, precaution or the protection of future generations.",0.6503628,0.6345768,0.64695215,0.62951326,0.04580765922786663,0.42837917109136475,0.44981281486281655,0.04733571152493825,A,0.04580765922786663,reported,True
deepseek__deepseek-v4-pro-0813__rep07,deepseek/deepseek-v4-pro-0813,7,8,5,9,"Secular perspectives vary too: some emphasise individual reproductive liberty, while others prioritise social justice, precaution or the protection of future generations.",True,These values cannot easily be separated from personal identity.,0.47462168,0.54491526,0.48022655,0.49249697,-0.284477203480783,0.9523149672092407,-0.36661882452666766,0.27435540187521834,B,0.9523149672092407,aligned,True
deepseek__deepseek-v4-pro-0813__rep07,deepseek/deepseek-v4-pro-0813,7,9,0,6,,False,Australia’s current regulatory situation is cautious.,0.4845437,0.44964272,0.49391115,0.4806582,0.05848612179746849,0.5389296138292412,0.3329500680026831,-0.09357043398282257,C,0.3329500680026831,reported,True
deepseek__deepseek-v4-pro-0813__rep07,deepseek/deepseek-v4-pro-0813,7,9,1,28,Australia’s current regulatory situation is cautious.,False,"Heritable human genome editing for reproduction is not currently permitted, research using human embryos is tightly controlled, and any significant change would require careful public and parliamentary consideration.",0.7214717,0.73231256,0.7250432,0.67673564,-2.1172770682838755,1.0866370947773978,0.07736299333264485,-1.3118849312681415,B,1.0866370947773978,aligned,True
deepseek__deepseek-v4-pro-0813__rep07,deepseek/deepseek-v4-pro-0813,7,9,2,17,"Heritable human genome editing for reproduction is not currently permitted, research using human embryos is tightly controlled, and any significant change would require careful public and parliamentary consideration.",False,Some people believe this caution is appropriate and that Australia should be a leader in strong oversight.,0.51010287,0.4739548,0.5141002,0.48551747,0.2825250766953103,1.3793004814349115,0.7850771528246694,-0.03263641073252071,C,0.7850771528246694,aligned,True
deepseek__deepseek-v4-pro-0813__rep07,deepseek/deepseek-v4-pro-0813,7,9,3,25,Some people believe this caution is appropriate and that Australia should be a leader in strong oversight.,False,"Others argue that overly restrictive laws will drive research and patients overseas, and that Australia should develop a regulated pathway for safe and ethical uses.",0.5764691,0.5465419,0.56921405,0.5455873,0.12260322894318963,0.18929190891038156,0.21084971660980956,-0.0019337272341363207,A,0.12260322894318963,reported,True
deepseek__deepseek-v4-pro-0813__rep07,deepseek/deepseek-v4-pro-0813,7,9,4,26,"Others argue that overly restrictive laws will drive research and patients overseas, and that Australia should develop a regulated pathway for safe and ethical uses.",False,"International debates reveal similar tensions: some countries have banned germline editing, others have permissive research frameworks, and many are waiting for greater scientific and social consensus.",0.75514734,0.7380988,0.7329916,0.73032874,-1.897697647872847,0.19975948624356543,-0.26678214272265904,-1.6566297687507177,A,-1.897697647872847,dismissed,False
deepseek__deepseek-v4-pro-0813__rep07,deepseek/deepseek-v4-pro-0813,7,10,0,18,,False,"In the end, this assembly is being asked to deliberate on a question that has no single answer.",0.50251806,0.51012415,0.5032464,0.5396367,-0.025409987386956347,0.052977028640743794,0.038584033249353514,0.05663761571893702,B,0.052977028640743794,reported,True
deepseek__deepseek-v4-pro-0813__rep07,deepseek/deepseek-v4-pro-0813,7,10,1,25,"In the end, this assembly is being asked to deliberate on a question that has no single answer.",False,"The task is not to choose between science and ethics, but to weigh competing goods: relief of suffering, safety, consent, equality, inclusion, freedom and responsibility.",0.63422716,0.58486784,0.60596097,0.62010556,0.1317614323672024,0.13043098190566524,0.14539077558642022,0.09090495681710309,A,0.1317614323672024,reported,True
deepseek__deepseek-v4-pro-0813__rep07,deepseek/deepseek-v4-pro-0813,7,10,2,19,"The task is not to choose between science and ethics, but to weigh competing goods: relief of suffering, safety, consent, equality, inclusion, freedom and responsibility.",False,"By recognising the range of views, participants can move beyond slogans and engage with the underlying values at stake.",0.58593655,0.56705046,0.55040467,0.5683948,-0.03695309679897036,0.009184158506104715,0.011655712605861478,-0.007462192170496569,A,-0.03695309679897036,reported,True
deepseek__deepseek-v4-pro-0813__rep07,deepseek/deepseek-v4-pro-0813,7,10,3,24,"By recognising the range of views, participants can move beyond slogans and engage with the underlying values at stake.",True,"That is the purpose of this report: to open the landscape before you, so that your deliberations can be informed, respectful and genuinely democratic.",0.5374487,0.5148512,0.49864325,0.5011312,-1.0444796559860698,-0.13630716027168094,2.053324276078638,-0.45929544481114143,A,-1.0444796559860698,dismissed,False
deepseek__deepseek-v4-pro-0813__rep08,deepseek/deepseek-v4-pro-0813,8,0,0,24,,True,This report offers a broad map of the views that Australians and people around the world bring to the question of human genome editing.,0.7767229,0.769977,0.7547058,0.74357444,-0.04027249138773187,0.10301039331097854,0.09184363573411246,0.004720522460411298,A,-0.04027249138773187,reported,True
deepseek__deepseek-v4-pro-0813__rep08,deepseek/deepseek-v4-pro-0813,8,0,1,28,This report offers a broad map of the views that Australians and people around the world bring to the question of human genome editing.,True,"It is not intended to recommend a position, but to help assembly participants recognise the range of hopes, concerns, values and arguments that are likely to shape deliberation.",0.59056306,0.56686,0.559793,0.57664907,-0.021460527773888304,0.05259620373573851,0.06015513074322372,0.09522084248455938,A,-0.021460527773888304,reported,True
deepseek__deepseek-v4-pro-0813__rep08,deepseek/deepseek-v4-pro-0813,8,1,0,22,,False,"Human genome editing refers to technologies, such as CRISPR, that allow scientists to make precise changes to the DNA of living cells.",0.6908815,0.685109,0.66080624,0.66236234,-0.020958373631437998,0.11719615877271282,0.0892216520907823,0.0021524397890607563,A,-0.020958373631437998,reported,True
deepseek__deepseek-v4-pro-0813__rep08,deepseek/deepseek-v4-pro-0813,8,1,1,16,"Human genome editing refers to technologies, such as CRISPR, that allow scientists to make precise changes to the DNA of living cells.",False,Some changes affect only the person being treated and are not passed on to their children.,0.5376142,0.5675889,0.55532175,0.5197177,-0.021200526331085705,0.09007217138831033,0.06043017406394939,0.014010128969384826,B,0.09007217138831033,reported,True
deepseek__deepseek-v4-pro-0813__rep08,deepseek/deepseek-v4-pro-0813,8,1,2,21,Some changes affect only the person being treated and are not passed on to their children.,True,"These are called somatic edits and are already being tested for conditions such as some cancers, blood disorders and inherited blindness.",0.63089615,0.62265444,0.631464,0.6182924,1.9939702747948467,3.601018151725586,4.453504237931045,-0.5339579667462385,C,4.453504237931045,aligned,True
deepseek__deepseek-v4-pro-0813__rep08,deepseek/deepseek-v4-pro-0813,8,1,3,13,"These are called somatic edits and are already being tested for conditions such as some cancers, blood disorders and inherited blindness.",False,"Other changes are made to embryos, eggs, sperm or very early reproductive cells.",0.51069015,0.49516562,0.5131142,0.5008017,-0.038837965531856485,0.8043606160172203,0.4590919930738161,-0.7485077821182495,C,0.4590919930738161,reported,True
deepseek__deepseek-v4-pro-0813__rep08,deepseek/deepseek-v4-pro-0813,8,1,4,12,"Other changes are made to embryos, eggs, sperm or very early reproductive cells.",True,These are called germline edits and can be inherited by future generations.,0.6473571,0.65945613,0.64371645,0.6221012,-0.4139938953323871,0.037472439916455214,-0.06129258864464637,-0.6439974615190294,B,0.037472439916455214,reported,True
deepseek__deepseek-v4-pro-0813__rep08,deepseek/deepseek-v4-pro-0813,8,1,5,27,These are called germline edits and can be inherited by future generations.,False,"Much of the public debate focuses on germline editing because its effects could permanently alter a family’s genetic inheritance and, over time, the broader human gene pool.",0.74744034,0.77669036,0.719231,0.72041523,-1.5657063511328309,1.1720057067467131,0.5216804733901517,-2.414233428502921,B,1.1720057067467131,aligned,True
deepseek__deepseek-v4-pro-0813__rep08,deepseek/deepseek-v4-pro-0813,8,2,0,15,,False,"For many people, the strongest hope is that genome editing could relieve profound human suffering.",0.7732462,0.72752213,0.72744894,0.7223597,4.866592682856134,1.065866878211382,3.808366394194309,0.8257999995537101,A,4.866592682856134,aligned,True
deepseek__deepseek-v4-pro-0813__rep08,deepseek/deepseek-v4-pro-0813,8,2,1,39,"For many people, the strongest hope is that genome editing could relieve profound human suffering.",False,"Parents who carry genes for serious conditions such as cystic fibrosis, Huntington’s disease, Tay-Sachs disease or certain inherited cancers often describe the anguish of watching a child become ill or of deciding whether to risk passing a condition on.",0.5198678,0.55177337,0.5229819,0.5113708,1.1154222560347993,0.6374865392562061,2.3516949429344094,-1.4489453372648864,B,0.6374865392562061,aligned,True
deepseek__deepseek-v4-pro-0813__rep08,deepseek/deepseek-v4-pro-0813,8,2,2,30,"Parents who carry genes for serious conditions such as cystic fibrosis, Huntington’s disease, Tay-Sachs disease or certain inherited cancers often describe the anguish of watching a child become ill or of deciding whether to risk passing a condition on.",False,"Some see germline editing as a natural extension of existing reproductive choices, offering families the chance to have children who are biologically related to them without transmitting a devastating disease.",0.72810084,0.7241091,0.7175153,0.69513476,3.986026772944606,1.273176536106621,1.8982910461083524,-1.228577351783169,A,3.986026772944606,aligned,True
deepseek__deepseek-v4-pro-0813__rep08,deepseek/deepseek-v4-pro-0813,8,2,3,27,"Some see germline editing as a natural extension of existing reproductive choices, offering families the chance to have children who are biologically related to them without transmitting a devastating disease.",False,"Patient advocacy groups sometimes argue that once a technology is safe enough, there is a moral duty to use it to prevent severe illness and premature death.",0.6492332,0.6162069,0.64266634,0.6226615,2.221093811976025,0.4925576932966942,1.8592069174465722,0.07380579886143099,A,2.221093811976025,aligned,True
deepseek__deepseek-v4-pro-0813__rep08,deepseek/deepseek-v4-pro-0813,8,2,4,19,"Patient advocacy groups sometimes argue that once a technology is safe enough, there is a moral duty to use it to prevent severe illness and premature death.",False,"From this perspective, not pursuing a technology that could spare future children from suffering would itself be ethically troubling.",0.6059332,0.6342753,0.6252707,0.61785054,4.722473562270461,0.28150833392806807,2.5376729978804358,3.1623936662945202,B,0.28150833392806807,reported,True
deepseek__deepseek-v4-pro-0813__rep08,deepseek/deepseek-v4-pro-0813,8,3,0,9,,False,A second major theme is safety and scientific uncertainty.,0.6215273,0.5298286,0.55237514,0.6034176,-0.0074587116600014144,0.7054073031977172,0.4039684046019103,-0.14347687192494052,A,-0.0074587116600014144,reported,True
deepseek__deepseek-v4-pro-0813__rep08,deepseek/deepseek-v4-pro-0813,8,3,1,19,A second major theme is safety and scientific uncertainty.,False,"Although CRISPR is often described as precise, it can still make unintended changes to other parts of the genome.",0.59755343,0.60704833,0.5888948,0.59951663,-0.06176942922291345,0.2812104478885885,0.1154346671936218,0.10822952714021086,B,0.2812104478885885,reported,True
deepseek__deepseek-v4-pro-0813__rep08,deepseek/deepseek-v4-pro-0813,8,3,2,22,"Although CRISPR is often described as precise, it can still make unintended changes to other parts of the genome.",False,"Even a small off-target edit could cause cancer, developmental problems or other health issues that may not become apparent for many years.",0.5656483,0.545629,0.54804176,0.56483614,0.2385399021502234,3.2866825543975566,2.03981598418759,-0.10153808677743643,A,0.2385399021502234,reported,True
deepseek__deepseek-v4-pro-0813__rep08,deepseek/deepseek-v4-pro-0813,8,3,3,24,"Even a small off-target edit could cause cancer, developmental problems or other health issues that may not become apparent for many years.",False,"In germline editing, these risks would be borne by a child who cannot consent, and would then be passed on to that child’s descendants.",0.6663966,0.7084184,0.6704,0.654672,-3.2325027954427052,3.978266391203506,1.635217448256735,-2.301614344433765,B,3.978266391203506,aligned,True
deepseek__deepseek-v4-pro-0813__rep08,deepseek/deepseek-v4-pro-0813,8,3,4,34,"In germline editing, these risks would be borne by a child who cannot consent, and would then be passed on to that child’s descendants.",False,"Many scientists and bioethicists therefore argue that heritable genome editing should not proceed until there is much stronger evidence that it is safe, and until there is broad social agreement that it is acceptable.",0.8079351,0.7414566,0.7687611,0.75652814,-2.178031698312843,0.7003126715854163,0.3456355102328236,-0.9813103620431507,A,-2.178031698312843,dismissed,False
deepseek__deepseek-v4-pro-0813__rep08,deepseek/deepseek-v4-pro-0813,8,3,5,13,"Many scientists and bioethicists therefore argue that heritable genome editing should not proceed until there is much stronger evidence that it is safe, and until there is broad social agreement that it is acceptable.",False,Some call for an international moratorium on clinical germline editing while research continues.,0.68536305,0.6898114,0.7125148,0.6820772,-0.10770758041267987,5.3681113928412385,4.010908338728477,0.32178913377327245,C,4.010908338728477,aligned,True
deepseek__deepseek-v4-pro-0813__rep08,deepseek/deepseek-v4-pro-0813,8,3,6,18,Some call for an international moratorium on clinical germline editing while research continues.,False,"Others believe that a permanent prohibition is unnecessary if strict oversight and staged, transparent research can be developed.",0.5835184,0.49899068,0.564461,0.5681399,0.11176256937615107,0.3556348368737964,0.2718479707400546,0.05329055625246838,A,0.11176256937615107,reported,True
deepseek__deepseek-v4-pro-0813__rep08,deepseek/deepseek-v4-pro-0813,8,4,0,10,,False,"Religious, spiritual and philosophical traditions also shape many Australians’ views.",0.51031154,0.47580174,0.49956158,0.49769467,0.46915145809965914,0.9082575986278242,-1.5579134887480175,-0.3494930985147948,A,0.46915145809965914,reported,True
deepseek__deepseek-v4-pro-0813__rep08,deepseek/deepseek-v4-pro-0813,8,4,1,24,"Religious, spiritual and philosophical traditions also shape many Australians’ views.",False,"For some, editing an embryo raises deep concerns about the moral status of the embryo and about whether humans are overstepping their proper limits.",0.6804678,0.7062956,0.687513,0.6747743,-1.5966611167939844,2.785456905694446,1.473785036706977,-0.3256751283092308,B,2.785456905694446,aligned,True
deepseek__deepseek-v4-pro-0813__rep08,deepseek/deepseek-v4-pro-0813,8,4,2,27,"For some, editing an embryo raises deep concerns about the moral status of the embryo and about whether humans are overstepping their proper limits.",False,The language of “playing God” is sometimes used to express a worry that we are treating human life as a manufactured product rather than as a gift.,0.5458549,0.55660504,0.54580635,0.5565562,-0.2186901733482955,1.2734883401839758,0.5613545850067753,0.4461091583079543,B,1.2734883401839758,aligned,True
deepseek__deepseek-v4-pro-0813__rep08,deepseek/deepseek-v4-pro-0813,8,4,3,29,The language of “playing God” is sometimes used to express a worry that we are treating human life as a manufactured product rather than as a gift.,False,"Some religious thinkers, however, interpret the call to heal the sick as supporting therapeutic genome editing, provided it is not used to destroy embryos or to redesign human nature.",0.7418304,0.7078506,0.7359366,0.7228867,2.6515485761192403,2.1525402525736714,1.968402565098367,0.1263244372484042,A,2.6515485761192403,aligned,True
deepseek__deepseek-v4-pro-0813__rep08,deepseek/deepseek-v4-pro-0813,8,4,4,21,"Some religious thinkers, however, interpret the call to heal the sick as supporting therapeutic genome editing, provided it is not used to destroy embryos or to redesign human nature.",False,"Others from secular traditions may not appeal to God but still worry about hubris, unintended consequences and the commodification of children.",0.5858329,0.5728204,0.5804502,0.60569257,-0.30470790668157827,5.153074129994201,2.2674242990903437,0.3518458221500622,A,-0.30470790668157827,reported,True
deepseek__deepseek-v4-pro-0813__rep08,deepseek/deepseek-v4-pro-0813,8,4,5,32,"Others from secular traditions may not appeal to God but still worry about hubris, unintended consequences and the commodification of children.",True,"These perspectives remind us that the debate is not only about safety and effectiveness; it is also about what it means to be human, to be a parent and to accept limits.",0.6341587,0.64320713,0.6206882,0.6053639,-0.8260387246112805,1.0002432250918354,-1.099419995025674,0.28701727599342125,B,1.0002432250918354,aligned,True
deepseek__deepseek-v4-pro-0813__rep08,deepseek/deepseek-v4-pro-0813,8,5,0,9,,False,Disability communities and their allies contribute a vital perspective.,0.50481373,0.5233783,0.51042026,0.472621,-0.02262886464799524,0.3720877200676478,0.27655963689336205,-0.006110309416253576,B,0.3720877200676478,reported,True
deepseek__deepseek-v4-pro-0813__rep08,deepseek/deepseek-v4-pro-0813,8,5,1,25,Disability communities and their allies contribute a vital perspective.,False,Many disabled people and advocates warn that editing out genes associated with disability can send a powerful message that disabled lives are less worth living.,0.7037473,0.7439502,0.71810323,0.68237245,-0.7382333483151162,2.910903617235598,2.696442483494175,-0.2095500856544822,B,2.910903617235598,aligned,True
deepseek__deepseek-v4-pro-0813__rep08,deepseek/deepseek-v4-pro-0813,8,5,2,24,Many disabled people and advocates warn that editing out genes associated with disability can send a powerful message that disabled lives are less worth living.,True,"They argue that society often exaggerates the suffering caused by disability while underestimating the barriers created by discrimination, inaccessible environments and lack of support.",0.54396975,0.5598233,0.5298175,0.51929,-0.047384637627692426,0.8932448804908201,0.5546405861680981,0.23518617956491647,B,0.8932448804908201,aligned,True
deepseek__deepseek-v4-pro-0813__rep08,deepseek/deepseek-v4-pro-0813,8,5,3,33,"They argue that society often exaggerates the suffering caused by disability while underestimating the barriers created by discrimination, inaccessible environments and lack of support.",False,"For some, the push to eliminate conditions such as Down syndrome or deafness is a form of modern eugenics, even if it is carried out through individual parental choice rather than state coercion.",0.61240184,0.6037271,0.6100406,0.58432585,-2.338598519758962,5.1543499762936,4.276669773300379,-1.5766679636902698,A,-2.338598519758962,dismissed,False
deepseek__deepseek-v4-pro-0813__rep08,deepseek/deepseek-v4-pro-0813,8,5,4,26,"For some, the push to eliminate conditions such as Down syndrome or deafness is a form of modern eugenics, even if it is carried out through individual parental choice rather than state coercion.",False,"At the same time, some people living with serious genetic conditions do support research that could prevent others from experiencing pain, frequent hospitalisation or early death.",0.6360302,0.6342656,0.6258841,0.612543,3.6056688237667553,2.4801634700593422,4.139679040186166,1.3178237164820894,A,3.6056688237667553,aligned,True
deepseek__deepseek-v4-pro-0813__rep08,deepseek/deepseek-v4-pro-0813,8,5,5,28,"At the same time, some people living with serious genetic conditions do support research that could prevent others from experiencing pain, frequent hospitalisation or early death.",False,The key tension is between respecting the dignity and equality of people with disabilities and recognising the genuine desire of parents to avoid serious illness in their children.,0.54814196,0.5843456,0.57066035,0.536456,-0.31953503378725145,1.3181949743349104,0.363052584498946,-0.21146841681184014,B,1.3181949743349104,aligned,True
deepseek__deepseek-v4-pro-0813__rep08,deepseek/deepseek-v4-pro-0813,8,6,0,9,,False,Social justice and equity concerns are prominent as well.,0.5115174,0.5972945,0.48899615,0.5081665,1.023784394251998,1.5245343224095995,2.5387990158898175,-1.879042259993439,B,1.5245343224095995,aligned,True
deepseek__deepseek-v4-pro-0813__rep08,deepseek/deepseek-v4-pro-0813,8,6,1,24,Social justice and equity concerns are prominent as well.,False,"New genetic technologies are often expensive, and if genome editing becomes available only through private clinics, the benefits may flow mainly to wealthy families.",0.6802748,0.7044792,0.6664989,0.65733755,0.2931506150495262,2.6939695369190293,1.798658799274999,-0.19762782238918591,B,2.6939695369190293,aligned,True
deepseek__deepseek-v4-pro-0813__rep08,deepseek/deepseek-v4-pro-0813,8,6,2,15,"New genetic technologies are often expensive, and if genome editing becomes available only through private clinics, the benefits may flow mainly to wealthy families.",True,"This could deepen existing health inequalities, both within Australia and between wealthy and poorer countries.",0.5286681,0.5593478,0.5079887,0.5140211,-0.13386849431786693,1.6253906771697808,1.2207420936576092,-0.6268628680624533,B,1.6253906771697808,aligned,True
deepseek__deepseek-v4-pro-0813__rep08,deepseek/deepseek-v4-pro-0813,8,6,3,22,"This could deepen existing health inequalities, both within Australia and between wealthy and poorer countries.",False,"Rural and remote communities, Aboriginal and Torres Strait Islander peoples, and people on low incomes already face barriers to high-quality health care.",0.46394524,0.49918056,0.45779544,0.44148365,-0.5538801557739498,1.7711474279896358,0.10638269204588108,0.1827855034766255,B,1.7711474279896358,aligned,True
deepseek__deepseek-v4-pro-0813__rep08,deepseek/deepseek-v4-pro-0813,8,6,4,34,"Rural and remote communities, Aboriginal and Torres Strait Islander peoples, and people on low incomes already face barriers to high-quality health care.",True,"There is also concern about genetic discrimination: if people are expected to edit their children’s genomes to avoid disease, those who cannot afford it, or who choose not to, may be blamed or penalised.",0.7490425,0.8209158,0.75549227,0.7196756,-0.938805874157115,3.4406845876236916,1.8773578221508076,-2.3226395893428697,B,3.4406845876236916,aligned,True
deepseek__deepseek-v4-pro-0813__rep08,deepseek/deepseek-v4-pro-0813,8,6,5,8,"There is also concern about genetic discrimination: if people are expected to edit their children’s genomes to avoid disease, those who cannot afford it, or who choose not to, may be blamed or penalised.",False,Some fear the emergence of a genetic underclass.,0.60895413,0.63528585,0.6065877,0.59503686,-1.0797011095070046,2.0969754974893293,1.862595819762792,-1.0696901986724692,B,2.0969754974893293,aligned,True
deepseek__deepseek-v4-pro-0813__rep08,deepseek/deepseek-v4-pro-0813,8,6,6,16,Some fear the emergence of a genetic underclass.,False,"Fair access, public funding and protection against genetic discrimination are therefore central issues for many Australians.",0.5951389,0.65496475,0.59089243,0.5556075,-0.19747130610456184,2.719497939003049,4.015505017342803,-0.4489807888516224,B,2.719497939003049,aligned,True
deepseek__deepseek-v4-pro-0813__rep08,deepseek/deepseek-v4-pro-0813,8,7,0,15,,False,The distinction between therapy and enhancement is often raised but can be difficult to draw.,0.51070493,0.48580462,0.49580514,0.51745254,-0.314719675494416,1.9022777339071033,0.9136878498390435,0.74683840431826,A,-0.314719675494416,reported,True
deepseek__deepseek-v4-pro-0813__rep08,deepseek/deepseek-v4-pro-0813,8,7,1,25,The distinction between therapy and enhancement is often raised but can be difficult to draw.,False,"Many people support editing to treat or prevent serious disease, but oppose its use to enhance traits such as intelligence, physical strength, appearance or temperament.",0.7529748,0.7243924,0.73282987,0.71902484,0.5902855803971764,3.054118790825887,3.2033630314268517,-0.22525723099199232,A,0.5902855803971764,aligned,True
deepseek__deepseek-v4-pro-0813__rep08,deepseek/deepseek-v4-pro-0813,8,7,2,9,"Many people support editing to treat or prevent serious disease, but oppose its use to enhance traits such as intelligence, physical strength, appearance or temperament.",False,Yet the line between prevention and enhancement can blur.,0.56129694,0.5169578,0.5394531,0.54842514,0.2403353963021073,3.4995558923628414,1.9735565456238684,0.22677267165097872,A,0.2403353963021073,reported,True
deepseek__deepseek-v4-pro-0813__rep08,deepseek/deepseek-v4-pro-0813,8,7,3,22,Yet the line between prevention and enhancement can blur.,False,"Would editing out a gene linked to high cholesterol be therapy, while editing in a gene linked to better memory be enhancement?",0.66151893,0.65605783,0.6497948,0.64790225,2.6234945850452642,4.180882223781664,5.189595952777309,-0.28603601929498845,A,2.6234945850452642,aligned,True
deepseek__deepseek-v4-pro-0813__rep08,deepseek/deepseek-v4-pro-0813,8,7,4,7,"Would editing out a gene linked to high cholesterol be therapy, while editing in a gene linked to better memory be enhancement?",False,What about choosing height or eye colour?,0.46156576,0.4747758,0.48161826,0.47429255,-3.1897890279628327,2.0031689258350514,1.464488902740122,-2.280356301321298,C,1.464488902740122,aligned,True
deepseek__deepseek-v4-pro-0813__rep08,deepseek/deepseek-v4-pro-0813,8,7,5,26,What about choosing height or eye colour?,False,"For some, enhancement is not inherently wrong and could even be seen as a legitimate expression of parental aspiration, much like providing good nutrition or education.",0.58037096,0.5386386,0.5340196,0.5405312,4.234492871302937,0.9840001560267408,3.3558687115350043,1.0530796281855148,A,4.234492871302937,aligned,True
deepseek__deepseek-v4-pro-0813__rep08,deepseek/deepseek-v4-pro-0813,8,7,6,28,"For some, enhancement is not inherently wrong and could even be seen as a legitimate expression of parental aspiration, much like providing good nutrition or education.",False,"For others, enhancement raises the spectre of “designer babies,” a competitive consumer culture and a new form of eugenics in which certain human traits are ranked as superior.",0.61344826,0.5867649,0.58866096,0.58961344,-3.6259592013200743,10.160976226220377,8.085998831958278,1.7394919767323882,A,-3.6259592013200743,dismissed,False
deepseek__deepseek-v4-pro-0813__rep08,deepseek/deepseek-v4-pro-0813,8,7,7,27,"For others, enhancement raises the spectre of “designer babies,” a competitive consumer culture and a new form of eugenics in which certain human traits are ranked as superior.",False,"Australia’s history, including eugenic practices that targeted Indigenous people and people with disabilities, makes many wary of any social pressure to produce a particular kind of child.",0.5614,0.59339255,0.56591463,0.53791225,-0.39037541319703456,7.1625995609592055,4.172910639360199,1.510999900424213,B,7.1625995609592055,aligned,True
deepseek__deepseek-v4-pro-0813__rep08,deepseek/deepseek-v4-pro-0813,8,8,0,11,,False,Consent and the rights of future generations are another recurring concern.,0.59380627,0.62009645,0.58377737,0.5659084,-1.6797463024692838,3.4637133765022727,3.7213075428258158,-1.1040624133497476,B,3.4637133765022727,aligned,True
deepseek__deepseek-v4-pro-0813__rep08,deepseek/deepseek-v4-pro-0813,8,8,1,26,Consent and the rights of future generations are another recurring concern.,False,"A child born after germline editing has not consented to the change, yet will carry it in every cell and may pass it to their children.",0.6583136,0.7122872,0.6771185,0.6445792,-1.6016054946547957,-1.23920313349925,-0.8084752013759865,-3.0316344119777203,B,-1.23920313349925,dismissed,False
deepseek__deepseek-v4-pro-0813__rep08,deepseek/deepseek-v4-pro-0813,8,8,2,26,"A child born after germline editing has not consented to the change, yet will carry it in every cell and may pass it to their children.",False,"Some argue that parents already make life-changing decisions for their children, such as where to live, what religion to practise and what medical treatments to accept.",0.5742988,0.57658553,0.573804,0.53659177,0.23884455134684673,1.3097191517875764,0.5622483363069477,-0.04873039275174961,B,1.3097191517875764,aligned,True
deepseek__deepseek-v4-pro-0813__rep08,deepseek/deepseek-v4-pro-0813,8,8,3,14,"Some argue that parents already make life-changing decisions for their children, such as where to live, what religion to practise and what medical treatments to accept.",False,"On this view, using genome editing to prevent serious disease is not fundamentally different.",0.72717845,0.7220821,0.73920816,0.71172565,6.270821137086603,2.1653714283159946,2.730602451077574,-0.10861144187278111,C,2.730602451077574,aligned,True
deepseek__deepseek-v4-pro-0813__rep08,deepseek/deepseek-v4-pro-0813,8,8,4,39,"On this view, using genome editing to prevent serious disease is not fundamentally different.",False,"Others respond that heritable genetic changes are different in kind because they affect not only one child but an entire line of descendants, and because they alter the genetic makeup of future people before they can have any say.",0.6013432,0.6562987,0.6124683,0.57979107,-2.27814267145819,0.6449258218251637,-1.5024479896806586,-2.1160395793966016,B,0.6449258218251637,aligned,True
deepseek__deepseek-v4-pro-0813__rep08,deepseek/deepseek-v4-pro-0813,8,8,5,24,"Others respond that heritable genetic changes are different in kind because they affect not only one child but an entire line of descendants, and because they alter the genetic makeup of future people before they can have any say.",True,This raises deep questions about intergenerational justice and whether the current generation has the right to make permanent genetic decisions on behalf of humanity.,0.6548837,0.71509457,0.67071325,0.6531596,-2.406863778856932,3.811437032846445,0.3174941659846806,-2.105217403427814,B,3.811437032846445,aligned,True
deepseek__deepseek-v4-pro-0813__rep08,deepseek/deepseek-v4-pro-0813,8,9,0,10,,False,Australia’s current regulatory setting is also part of the landscape.,0.4578107,0.45753938,0.44291955,0.44723833,-0.06046892045007555,0.11848250135517445,0.054464595547760807,0.014584882015187754,A,-0.06046892045007555,reported,True
deepseek__deepseek-v4-pro-0813__rep08,deepseek/deepseek-v4-pro-0813,8,9,1,15,Australia’s current regulatory setting is also part of the landscape.,False,"Somatic gene therapy is regulated as a medical treatment, and some clinical trials are underway.",0.5495199,0.5472405,0.53972304,0.52831703,-0.10464393731468592,0.43777302921487743,0.4727427625762358,-0.4769511192428762,A,-0.10464393731468592,reported,True
deepseek__deepseek-v4-pro-0813__rep08,deepseek/deepseek-v4-pro-0813,8,9,2,21,"Somatic gene therapy is regulated as a medical treatment, and some clinical trials are underway.",False,"Mitochondrial donation, which involves transferring nuclear DNA to prevent certain rare diseases, was legalised in Australia under strict conditions in 2022.",0.56288826,0.57702357,0.6106249,0.52435684,0.14289838051481601,1.1900648220648866,-0.5502085704702767,-0.9083617938190585,C,-0.5502085704702767,dismissed,False
deepseek__deepseek-v4-pro-0813__rep08,deepseek/deepseek-v4-pro-0813,8,9,3,15,"Mitochondrial donation, which involves transferring nuclear DNA to prevent certain rare diseases, was legalised in Australia under strict conditions in 2022.",False,"However, heritable genome editing that alters nuclear DNA in human embryos for reproduction remains prohibited.",0.65195006,0.6738281,0.66083616,0.61972624,-2.183665884404035,1.266066680368677,0.37634791500982845,-1.187638623556122,B,1.266066680368677,aligned,True
deepseek__deepseek-v4-pro-0813__rep08,deepseek/deepseek-v4-pro-0813,8,9,4,32,"However, heritable genome editing that alters nuclear DNA in human embryos for reproduction remains prohibited.",False,"Participants will need to consider whether these arrangements remain appropriate, whether they should be updated, and what kind of oversight, licensing and public consultation would be needed if any changes were made.",0.53312594,0.53131884,0.530246,0.5192136,0.4204857836395968,0.9676354410813651,1.5437801526882686,-0.4597880179763888,A,0.4204857836395968,reported,True
deepseek__deepseek-v4-pro-0813__rep08,deepseek/deepseek-v4-pro-0813,8,9,5,24,"Participants will need to consider whether these arrangements remain appropriate, whether they should be updated, and what kind of oversight, licensing and public consultation would be needed if any changes were made.",False,International bodies such as the World Health Organization have urged caution and called for broad societal dialogue before any country allows heritable genome editing.,0.7490847,0.75052214,0.74656796,0.71882147,-1.8100159793137571,1.066157596044068,-0.0540811871917684,-0.7303115150230586,B,1.066157596044068,aligned,True
deepseek__deepseek-v4-pro-0813__rep08,deepseek/deepseek-v4-pro-0813,8,10,0,18,,False,"Finally, cultural diversity within Australia means there is no single set of values about genes, inheritance and reproduction.",0.53987,0.5740273,0.5734526,0.5370459,-0.039904478807875364,1.4461529522264025,-0.7413134597652246,0.19938179557881086,B,1.4461529522264025,aligned,True
deepseek__deepseek-v4-pro-0813__rep08,deepseek/deepseek-v4-pro-0813,8,10,1,21,"Finally, cultural diversity within Australia means there is no single set of values about genes, inheritance and reproduction.",False,"Aboriginal and Torres Strait Islander peoples may bring distinct cultural and spiritual understandings of ancestry, kinship and obligations to future generations.",0.527875,0.54553795,0.5275187,0.49424484,0.05822147766943099,3.4368645831895996,0.7328905864735134,2.3111201633117155,B,3.4368645831895996,aligned,True
deepseek__deepseek-v4-pro-0813__rep08,deepseek/deepseek-v4-pro-0813,8,10,2,19,"Aboriginal and Torres Strait Islander peoples may bring distinct cultural and spiritual understandings of ancestry, kinship and obligations to future generations.",False,"Many migrant communities draw on religious or cultural traditions that shape their views of embryos, family and medical intervention.",0.5721543,0.54366255,0.5866015,0.5334586,-0.6880114128364949,1.7588556127983612,-1.2532518406747841,-0.8657102551404384,C,-1.2532518406747841,dismissed,False
deepseek__deepseek-v4-pro-0813__rep08,deepseek/deepseek-v4-pro-0813,8,10,3,14,"Many migrant communities draw on religious or cultural traditions that shape their views of embryos, family and medical intervention.",False,Any legitimate policy will need to respect this pluralism while protecting people from harm.,0.52176124,0.5135559,0.5136377,0.4945823,0.016126742782362268,0.2957073885641875,0.1649459135367943,-0.0011561169967171775,A,0.016126742782362268,reported,True
deepseek__deepseek-v4-pro-0813__rep08,deepseek/deepseek-v4-pro-0813,8,10,4,46,Any legitimate policy will need to respect this pluralism while protecting people from harm.,False,"The task before the assembly is therefore not simply to decide whether genome editing is good or bad, but to weigh competing values: the relief of suffering against the precautionary principle, individual choice against collective responsibility, openness to innovation against respect for human dignity and equality.",0.7718135,0.7659849,0.74638355,0.74323374,-0.3706362737278685,0.6047269574523667,0.5895688809805142,-0.272337165253266,A,-0.3706362737278685,reported,True
deepseek__deepseek-v4-pro-0813__rep09,deepseek/deepseek-v4-pro-0813,9,0,0,33,,False,Participants in this citizens’ assembly are being asked to consider one of the most consequential questions in modern science: whether and how Australia should permit and regulate the editing of the human genome.,0.73083985,0.7418686,0.7027328,0.6821317,-2.2350340995172155,-0.023081190642114797,0.34354289347480543,-2.398396012134473,B,-0.023081190642114797,reported,True
deepseek__deepseek-v4-pro-0813__rep09,deepseek/deepseek-v4-pro-0813,9,0,1,21,Participants in this citizens’ assembly are being asked to consider one of the most consequential questions in modern science: whether and how Australia should permit and regulate the editing of the human genome.,False,"Human genome editing refers to techniques, most notably CRISPR, that allow scientists to make precise changes to DNA in living cells.",0.68934196,0.67742664,0.65751463,0.660841,-0.03048817483300809,0.22439258667509424,0.13910286259793797,0.0607170540851075,A,-0.03048817483300809,reported,True
deepseek__deepseek-v4-pro-0813__rep09,deepseek/deepseek-v4-pro-0813,9,0,2,50,"Human genome editing refers to techniques, most notably CRISPR, that allow scientists to make precise changes to DNA in living cells.",False,"A key distinction in the debate is between somatic editing, where changes affect only the treated individual and are not inherited, and germline or heritable editing, where changes are made to embryos, eggs, sperm, or the cells that give rise to them and could be passed on to future generations.",0.6966848,0.6897609,0.68331873,0.6748628,-0.0674473639683856,0.10164768572678437,0.11116986967230333,-0.05928932931783495,A,-0.0674473639683856,reported,True
deepseek__deepseek-v4-pro-0813__rep09,deepseek/deepseek-v4-pro-0813,9,0,3,21,"A key distinction in the debate is between somatic editing, where changes affect only the treated individual and are not inherited, and germline or heritable editing, where changes are made to embryos, eggs, sperm, or the cells that give rise to them and could be passed on to future generations.",True,"This distinction shapes much of the moral and regulatory landscape, though it is not always as clear-cut as it first appears.",0.55971324,0.5632272,0.5545183,0.56098735,-0.18957339994725775,0.45295105342578623,-0.28933152823447017,0.23898130226327335,B,0.45295105342578623,reported,True
deepseek__deepseek-v4-pro-0813__rep09,deepseek/deepseek-v4-pro-0813,9,1,0,7,,False,Many people approach genome editing with hope.,0.77776134,0.71785796,0.733836,0.73444843,3.314924867915397,0.8775821747811275,1.0414569848994144,0.6428777296640332,A,3.314924867915397,aligned,True
deepseek__deepseek-v4-pro-0813__rep09,deepseek/deepseek-v4-pro-0813,9,1,1,20,Many people approach genome editing with hope.,False,"For those living with genetic disorders, and for their families, the technology can look like a long-awaited form of medicine.",0.6106995,0.6279365,0.6126698,0.59134513,3.213845968286624,2.122426529354997,2.457133411364047,1.4078581527119967,B,2.122426529354997,aligned,True
deepseek__deepseek-v4-pro-0813__rep09,deepseek/deepseek-v4-pro-0813,9,1,2,22,"For those living with genetic disorders, and for their families, the technology can look like a long-awaited form of medicine.",False,"Somatic editing is already being trialled or approved for conditions such as sickle cell disease, some forms of blindness, and certain cancers.",0.59678227,0.5679091,0.58240575,0.5716022,1.3527738791774033,1.3347242622601339,2.403598133143969,-1.455254870809731,A,1.3527738791774033,aligned,True
deepseek__deepseek-v4-pro-0813__rep09,deepseek/deepseek-v4-pro-0813,9,1,3,32,"Somatic editing is already being trialled or approved for conditions such as sickle cell disease, some forms of blindness, and certain cancers.",False,"From this perspective, genome editing is simply the next step in a long history of medical progress, an extension of the compassion that drives us to heal the sick and relieve suffering.",0.7306638,0.7121924,0.6880782,0.67839646,10.052898193288128,0.6751250582304779,1.7953603786532764,0.7269254499534143,A,10.052898193288128,aligned,True
deepseek__deepseek-v4-pro-0813__rep09,deepseek/deepseek-v4-pro-0813,9,1,4,23,"From this perspective, genome editing is simply the next step in a long history of medical progress, an extension of the compassion that drives us to heal the sick and relieve suffering.",False,"Patient advocates often argue that delaying such therapies, once they are shown to be safe and effective, would be unjust and even cruel.",0.60305613,0.5475353,0.5910697,0.5641059,1.664650201862387,0.8776548219815595,2.081028885077103,0.05103685095295087,A,1.664650201862387,aligned,True
deepseek__deepseek-v4-pro-0813__rep09,deepseek/deepseek-v4-pro-0813,9,1,5,17,"Patient advocates often argue that delaying such therapies, once they are shown to be safe and effective, would be unjust and even cruel.",False,"Researchers and clinicians tend to share this view, though many also urge caution about moving too quickly.",0.6094157,0.5420674,0.6202966,0.5830627,0.020462303170352244,0.05779182436614064,0.007273023286543311,0.011476317887427286,C,0.007273023286543311,reported,True
deepseek__deepseek-v4-pro-0813__rep09,deepseek/deepseek-v4-pro-0813,9,2,0,12,,False,"For some people, the hope extends to preventing genetic disease before birth.",0.63720304,0.6249098,0.64080113,0.60343254,2.979841193581815,1.8150025961783829,3.996748158688134,0.0898687333601993,C,3.996748158688134,aligned,True
deepseek__deepseek-v4-pro-0813__rep09,deepseek/deepseek-v4-pro-0813,9,2,1,25,"For some people, the hope extends to preventing genetic disease before birth.",False,Parents who know they carry a serious heritable condition may wish to use germline editing to ensure their child is born free of that condition.,0.63590896,0.6705119,0.6431747,0.60782385,-0.3850511375599304,-0.4403262119166904,2.259245471615285,-3.068395459256426,B,-0.4403262119166904,reported,True
deepseek__deepseek-v4-pro-0813__rep09,deepseek/deepseek-v4-pro-0813,9,2,2,23,Parents who know they carry a serious heritable condition may wish to use germline editing to ensure their child is born free of that condition.,True,"They may argue that if we can prevent a child from developing a devastating illness, we have a moral reason to do so.",0.5764856,0.5635008,0.5855715,0.556478,2.337973691552179,0.896128178848594,2.6383402542755348,-0.03286510495148832,C,2.6383402542755348,aligned,True
deepseek__deepseek-v4-pro-0813__rep09,deepseek/deepseek-v4-pro-0813,9,2,3,13,"They may argue that if we can prevent a child from developing a devastating illness, we have a moral reason to do so.",True,"This reasoning draws on values such as parental responsibility, compassion, and reproductive freedom.",0.59589195,0.5961414,0.5800459,0.57156104,0.33164602024597123,0.7417708851437781,-0.4063336665910902,-0.07617737887310791,B,0.7417708851437781,aligned,True
deepseek__deepseek-v4-pro-0813__rep09,deepseek/deepseek-v4-pro-0813,9,2,4,27,"This reasoning draws on values such as parental responsibility, compassion, and reproductive freedom.",False,"In Australia, the recent legalisation of mitochondrial donation under limited circumstances reflects a cautious willingness to allow some heritable changes in order to prevent severe mitochondrial disease.",0.6040006,0.6085579,0.66625285,0.55462706,-0.2657766415958758,1.368014897011162,0.03029120029008456,-0.413854158296599,C,0.03029120029008456,reported,True
deepseek__deepseek-v4-pro-0813__rep09,deepseek/deepseek-v4-pro-0813,9,2,5,26,"In Australia, the recent legalisation of mitochondrial donation under limited circumstances reflects a cautious willingness to allow some heritable changes in order to prevent severe mitochondrial disease.",False,"Supporters of this measure see it as a humane and carefully regulated step, while some critics see it as a movement toward more extensive germline editing.",0.7213345,0.6969742,0.71302223,0.6795868,-1.0913553474051876,-0.01307652597606654,0.0013040949709829167,-1.2418189890446956,A,-1.0913553474051876,dismissed,False
deepseek__deepseek-v4-pro-0813__rep09,deepseek/deepseek-v4-pro-0813,9,3,0,12,,False,On the other side of the debate are deep concerns about safety.,0.5780251,0.5704215,0.57207793,0.5658779,-0.1450426429428626,0.1381892508122837,0.24573245082807263,-0.3434297900967069,A,-0.1450426429428626,reported,True
deepseek__deepseek-v4-pro-0813__rep09,deepseek/deepseek-v4-pro-0813,9,3,1,22,On the other side of the debate are deep concerns about safety.,False,"Gene editing is still a relatively young technology, and off-target changes, unintended genetic disruptions, and long-term health consequences are not fully understood.",0.7056451,0.7351809,0.704657,0.7182162,0.13615529516595415,0.6439745220908661,0.11828001358953773,0.4362006567703794,B,0.6439745220908661,aligned,True
deepseek__deepseek-v4-pro-0813__rep09,deepseek/deepseek-v4-pro-0813,9,3,2,21,"Gene editing is still a relatively young technology, and off-target changes, unintended genetic disruptions, and long-term health consequences are not fully understood.",True,"These risks are especially serious in germline editing, because mistakes could affect not only a single child but that child’s descendants.",0.66147226,0.6951268,0.65474015,0.65046066,-1.3158644656470275,3.2870479956927015,1.6901065835219924,-2.3597485561060596,B,3.2870479956927015,aligned,True
deepseek__deepseek-v4-pro-0813__rep09,deepseek/deepseek-v4-pro-0813,9,3,3,26,"These risks are especially serious in germline editing, because mistakes could affect not only a single child but that child’s descendants.",False,"A precautionary approach suggests that unless we can be confident the technology is safe, we should not use it in ways that could harm future generations.",0.63389623,0.57752764,0.6433581,0.6257565,-0.4005021447449689,1.3816118045232728,0.635133519185474,-0.10753379842120907,C,0.635133519185474,aligned,True
deepseek__deepseek-v4-pro-0813__rep09,deepseek/deepseek-v4-pro-0813,9,3,4,20,"A precautionary approach suggests that unless we can be confident the technology is safe, we should not use it in ways that could harm future generations.",True,This concern was heightened after the 2018 announcement that a scientist in China had edited the genomes of twin girls.,0.6769658,0.67491305,0.6427146,0.6579902,-2.833495337847853,6.929162808918629,3.470071055084117,-0.8977621901308885,A,-2.833495337847853,dismissed,False
deepseek__deepseek-v4-pro-0813__rep09,deepseek/deepseek-v4-pro-0813,9,3,5,21,This concern was heightened after the 2018 announcement that a scientist in China had edited the genomes of twin girls.,False,"Many scientists and ethicists responded with alarm, calling for stronger international governance and for a temporary moratorium on clinical germline editing.",0.7233845,0.7028283,0.72025293,0.7085829,-2.0017543021962045,3.9450403787000683,2.3877337233096467,-2.2312976036904733,A,-2.0017543021962045,dismissed,False
deepseek__deepseek-v4-pro-0813__rep09,deepseek/deepseek-v4-pro-0813,9,4,0,6,,False,Safety is not the only concern.,0.5120976,0.49776495,0.50499654,0.5127907,0.4816700399236287,1.522697630835173,1.164788646631641,-0.2703386103207595,A,0.4816700399236287,reported,True
deepseek__deepseek-v4-pro-0813__rep09,deepseek/deepseek-v4-pro-0813,9,4,1,28,Safety is not the only concern.,False,"For many people, the human embryo has special moral status, and manipulating its genome raises profound questions about the sanctity of life and the limits of human intervention.",0.68875563,0.7117028,0.68619347,0.67785865,-1.0155376854879434,1.4956308203525266,0.216676343321451,-0.6617899393101107,B,1.4956308203525266,aligned,True
deepseek__deepseek-v4-pro-0813__rep09,deepseek/deepseek-v4-pro-0813,9,4,2,25,"For many people, the human embryo has special moral status, and manipulating its genome raises profound questions about the sanctity of life and the limits of human intervention.",False,"Religious and spiritual traditions differ, but many hold that human life at its earliest stages should not be treated as a mere object of experimentation.",0.6131053,0.56990945,0.62762713,0.59682393,-0.8876089554227655,2.108275969368115,0.02645411839155706,0.6944473957494481,C,0.02645411839155706,reported,True
deepseek__deepseek-v4-pro-0813__rep09,deepseek/deepseek-v4-pro-0813,9,4,3,26,"Religious and spiritual traditions differ, but many hold that human life at its earliest stages should not be treated as a mere object of experimentation.",False,"Even among people who do not share this view, there is unease about the idea of “playing God” or altering the fundamental fabric of human beings.",0.6349281,0.6289461,0.6410194,0.6530335,-0.10077254527248419,4.414322164582554,3.615882749634329,0.9257764929498081,C,3.615882749634329,aligned,True
deepseek__deepseek-v4-pro-0813__rep09,deepseek/deepseek-v4-pro-0813,9,4,4,29,"Even among people who do not share this view, there is unease about the idea of “playing God” or altering the fundamental fabric of human beings.",False,"In Australia, Aboriginal and Torres Strait Islander peoples bring distinctive cultural and spiritual perspectives to questions about genetic heritage, kinship, and the relationship between people, ancestors, and future generations.",0.56327605,0.61533296,0.5750187,0.5449726,0.008187709359335821,3.4684272003330987,0.9210463674354836,0.42067409555485935,B,3.4684272003330987,aligned,True
deepseek__deepseek-v4-pro-0813__rep09,deepseek/deepseek-v4-pro-0813,9,4,5,30,"In Australia, Aboriginal and Torres Strait Islander peoples bring distinctive cultural and spiritual perspectives to questions about genetic heritage, kinship, and the relationship between people, ancestors, and future generations.",False,"Any serious public conversation about genome editing must make room for these voices, and must recognise that Western scientific frameworks are not the only ways of understanding inheritance and identity.",0.7696309,0.79278696,0.7414454,0.7329004,-1.2892184903239827,1.0307310272703767,1.9836789171189597,0.048432229519530745,B,1.0307310272703767,aligned,True
deepseek__deepseek-v4-pro-0813__rep09,deepseek/deepseek-v4-pro-0813,9,5,0,13,,False,A further set of concerns centres on justice and the legacy of eugenics.,0.60004854,0.63472766,0.59105116,0.5881955,-2.8848608207760846,7.215828688814072,5.095462002808927,4.112268432655838,B,7.215828688814072,aligned,True
deepseek__deepseek-v4-pro-0813__rep09,deepseek/deepseek-v4-pro-0813,9,5,1,23,A further set of concerns centres on justice and the legacy of eugenics.,False,Some disability advocates worry that editing out genetic conditions sends a message that disabled people’s lives are less valuable or less worth living.,0.6930535,0.74318266,0.7168054,0.67782557,-0.3713499420310837,1.4386255866466666,1.2788843645897574,-0.7459790007452832,B,1.4386255866466666,aligned,True
deepseek__deepseek-v4-pro-0813__rep09,deepseek/deepseek-v4-pro-0813,9,5,2,22,Some disability advocates worry that editing out genetic conditions sends a message that disabled people’s lives are less valuable or less worth living.,True,They argue that society should focus on removing barriers and improving support rather than trying to remove disabled people from the population.,0.5862721,0.5889244,0.58646834,0.5472826,-0.8556622763158518,4.306908298490742,2.526018528722778,0.035763297372904936,B,4.306908298490742,aligned,True
deepseek__deepseek-v4-pro-0813__rep09,deepseek/deepseek-v4-pro-0813,9,5,3,11,They argue that society should focus on removing barriers and improving support rather than trying to remove disabled people from the population.,True,There are also fears that genome editing could widen existing inequalities.,0.74648476,0.79192495,0.7234522,0.7285424,-1.272310182902147,1.5039949142423577,1.4064452042253108,-0.37760550356120826,B,1.5039949142423577,aligned,True
deepseek__deepseek-v4-pro-0813__rep09,deepseek/deepseek-v4-pro-0813,9,5,4,23,There are also fears that genome editing could widen existing inequalities.,False,"If genetic enhancements or even therapeutic edits are expensive, they may be available only to the wealthy, creating new forms of biological privilege.",0.65344554,0.6716873,0.64756763,0.6310418,-1.4689712502592005,5.491492546226655,3.695114642616973,-2.038697522928705,B,5.491492546226655,aligned,True
deepseek__deepseek-v4-pro-0813__rep09,deepseek/deepseek-v4-pro-0813,9,5,5,16,"If genetic enhancements or even therapeutic edits are expensive, they may be available only to the wealthy, creating new forms of biological privilege.",False,"Historical attempts to control human reproduction, often targeting marginalised groups, make this a particularly sensitive issue.",0.5797663,0.5964133,0.58418554,0.5525788,-0.39324191674881137,6.318036448646887,2.0555754765188605,0.6068935063372187,B,6.318036448646887,aligned,True
deepseek__deepseek-v4-pro-0813__rep09,deepseek/deepseek-v4-pro-0813,9,5,6,30,"Historical attempts to control human reproduction, often targeting marginalised groups, make this a particularly sensitive issue.",False,"People from communities that have experienced discrimination or forced sterilisation may view the promise of genetic improvement with suspicion, seeing echoes of past eugenic ideologies dressed up in scientific language.",0.7173219,0.68763864,0.67770594,0.6796506,-1.0918324148398824,3.4273870175867334,2.726388572024297,0.3538209386722884,A,-1.0918324148398824,dismissed,False
deepseek__deepseek-v4-pro-0813__rep09,deepseek/deepseek-v4-pro-0813,9,6,0,16,,False,"The line between therapy and enhancement is often invoked in these discussions, but it is contested.",0.5689434,0.53870726,0.55061626,0.5600388,-0.23507445800642018,1.271245507736748,0.6001026019759592,0.5182450965358293,A,-0.23507445800642018,reported,True
deepseek__deepseek-v4-pro-0813__rep09,deepseek/deepseek-v4-pro-0813,9,6,1,25,"The line between therapy and enhancement is often invoked in these discussions, but it is contested.",False,"Many people support editing to treat or prevent disease but oppose its use for non-medical enhancement, such as increasing height, altering appearance, or boosting intelligence.",0.72616285,0.70349,0.70940137,0.69738746,0.6278433346256492,3.1479903426996323,3.236207365993615,-0.7418740545824404,A,0.6278433346256492,aligned,True
deepseek__deepseek-v4-pro-0813__rep09,deepseek/deepseek-v4-pro-0813,9,6,2,28,"Many people support editing to treat or prevent disease but oppose its use for non-medical enhancement, such as increasing height, altering appearance, or boosting intelligence.",False,"Others argue that the distinction is hard to maintain in practice, since many traits exist on a spectrum and what counts as disease is shaped by social norms.",0.5856296,0.5980675,0.59120446,0.57790977,-0.006996465504635121,0.6391203043155839,0.26042992016067734,0.11825781499501319,B,0.6391203043155839,aligned,True
deepseek__deepseek-v4-pro-0813__rep09,deepseek/deepseek-v4-pro-0813,9,6,3,34,"Others argue that the distinction is hard to maintain in practice, since many traits exist on a spectrum and what counts as disease is shaped by social norms.",False,"A small minority, including some transhumanists and libertarians, argues that parents should be free to enhance their children’s genetic endowments, just as they already seek to improve them through education, nutrition, and other means.",0.68323195,0.6703691,0.6690697,0.65739745,0.12590211046423083,0.0345195916701051,0.8122758502858046,-1.1174864853748294,A,0.12590211046423083,reported,True
deepseek__deepseek-v4-pro-0813__rep09,deepseek/deepseek-v4-pro-0813,9,6,4,20,"A small minority, including some transhumanists and libertarians, argues that parents should be free to enhance their children’s genetic endowments, just as they already seek to improve them through education, nutrition, and other means.",False,"Most Australians, however, appear cautious about enhancement, and public opinion tends to support therapeutic uses far more than enhancement uses.",0.66335756,0.5796546,0.6308595,0.6165624,0.04751204931642861,1.2205875122023275,1.7835275659256147,-0.8228325622709232,A,0.04751204931642861,reported,True
deepseek__deepseek-v4-pro-0813__rep09,deepseek/deepseek-v4-pro-0813,9,7,0,9,,False,"Finally, there are questions about who gets to decide.",0.52213496,0.5316431,0.5239775,0.5178546,0.02104043476167128,0.559706463349867,0.5542420324357227,-0.3941527256392874,B,0.559706463349867,aligned,True
deepseek__deepseek-v4-pro-0813__rep09,deepseek/deepseek-v4-pro-0813,9,7,1,14,"Finally, there are questions about who gets to decide.",False,"Because heritable editing affects future generations, no one whose genes are changed can consent.",0.6936496,0.71933,0.7058683,0.662524,-2.597384556081961,3.4810734589098153,-0.16751454976139968,-1.7135838871903253,B,3.4810734589098153,aligned,True
deepseek__deepseek-v4-pro-0813__rep09,deepseek/deepseek-v4-pro-0813,9,7,2,21,"Because heritable editing affects future generations, no one whose genes are changed can consent.",True,This creates a unique ethical problem: we would be making irreversible choices on behalf of people who do not yet exist.,0.5816437,0.6263974,0.6042477,0.6028833,-0.14364800700685018,5.536350424067931,2.072506132502458,0.8661357508815131,B,5.536350424067931,aligned,True
deepseek__deepseek-v4-pro-0813__rep09,deepseek/deepseek-v4-pro-0813,9,7,3,37,This creates a unique ethical problem: we would be making irreversible choices on behalf of people who do not yet exist.,False,"Some argue that this makes germline editing intrinsically unacceptable, while others reply that parents already make countless decisions for their children, including decisions with genetic consequences, such as choosing a reproductive partner or using preimplantation genetic testing.",0.72245026,0.7465887,0.7293564,0.7098783,-3.61352942199679,0.43605705468158734,0.8789849584070909,-3.9870168680019558,B,0.43605705468158734,reported,True
deepseek__deepseek-v4-pro-0813__rep09,deepseek/deepseek-v4-pro-0813,9,7,4,19,"Some argue that this makes germline editing intrinsically unacceptable, while others reply that parents already make countless decisions for their children, including decisions with genetic consequences, such as choosing a reproductive partner or using preimplantation genetic testing.",False,"Still, the lack of consent from future generations places a heavy burden of justification on any proposal to proceed.",0.5639656,0.5563553,0.5608317,0.53898484,-3.267014986929135,3.209579040903336,1.4915890019405926,-1.8465164536064549,A,-3.267014986929135,dismissed,False
deepseek__deepseek-v4-pro-0813__rep09,deepseek/deepseek-v4-pro-0813,9,8,0,13,,False,"In Australia, the current regulatory framework reflects a mix of caution and openness.",0.50593823,0.471743,0.48878026,0.4988646,-0.13062087961909125,0.07464473435655236,0.04083179614855907,0.10112837711320026,A,-0.13062087961909125,reported,True
deepseek__deepseek-v4-pro-0813__rep09,deepseek/deepseek-v4-pro-0813,9,8,1,26,"In Australia, the current regulatory framework reflects a mix of caution and openness.",False,"Somatic gene therapies are regulated as therapeutic goods, while heritable editing of embryos for reproduction is not permitted, and research involving human embryos is tightly restricted.",0.668863,0.67416567,0.66448015,0.63736105,-1.8611335807977594,0.9879197246715191,0.027027309138939096,-0.8105041766676004,B,0.9879197246715191,aligned,True
deepseek__deepseek-v4-pro-0813__rep09,deepseek/deepseek-v4-pro-0813,9,8,2,24,"Somatic gene therapies are regulated as therapeutic goods, while heritable editing of embryos for reproduction is not permitted, and research involving human embryos is tightly restricted.",False,"The recent mitochondrial donation law shows that the community and Parliament can, in some circumstances, accept a carefully bounded form of heritable genetic change.",0.6246794,0.61605066,0.6708735,0.5819108,0.49812752549187267,0.7815430542643298,-1.6789480393711713,-1.350244802762754,C,-1.6789480393711713,dismissed,False
deepseek__deepseek-v4-pro-0813__rep09,deepseek/deepseek-v4-pro-0813,9,8,3,14,"The recent mitochondrial donation law shows that the community and Parliament can, in some circumstances, accept a carefully bounded form of heritable genetic change.",False,"But that decision followed years of consultation and ethical debate, and it remains controversial.",0.58311254,0.57795894,0.58260596,0.5648569,-0.329864625025657,0.36856537263563943,-0.643480421310524,0.14709109314208038,A,-0.329864625025657,reported,True
deepseek__deepseek-v4-pro-0813__rep09,deepseek/deepseek-v4-pro-0813,9,9,0,19,,False,"As the assembly deliberates, it may help to remember that people come to this issue with different starting points.",0.5579204,0.5727888,0.5500444,0.5350998,-0.07676232295081716,0.02118572083214531,0.08851825939651461,-0.024687451302743284,B,0.02118572083214531,reported,True
deepseek__deepseek-v4-pro-0813__rep09,deepseek/deepseek-v4-pro-0813,9,9,1,15,"As the assembly deliberates, it may help to remember that people come to this issue with different starting points.",False,Some begin from the experience of watching a loved one suffer from a genetic condition.,0.5215407,0.5306808,0.52748865,0.5033666,0.5587706500058995,0.3290585082647157,1.4855180584502528,-1.1337323225766884,B,0.3290585082647157,reported,True
deepseek__deepseek-v4-pro-0813__rep09,deepseek/deepseek-v4-pro-0813,9,9,2,9,Some begin from the experience of watching a loved one suffer from a genetic condition.,False,Others begin from a commitment to protecting the embryo.,0.53248507,0.51125735,0.5322943,0.49338198,-1.272029641601257,4.285088357892236,3.3763739794996224,-0.5424687035218811,A,-1.272029641601257,dismissed,False
deepseek__deepseek-v4-pro-0813__rep09,deepseek/deepseek-v4-pro-0813,9,9,3,21,Others begin from a commitment to protecting the embryo.,False,"Still others begin from concern about the power of technology to reshape society, or from hope that it might reduce suffering.",0.62197244,0.6323525,0.60170954,0.62903947,0.9454038429399949,2.7244299549408613,3.89061434949137,-1.9309858989159694,B,2.7244299549408613,aligned,True
deepseek__deepseek-v4-pro-0813__rep09,deepseek/deepseek-v4-pro-0813,9,9,4,8,"Still others begin from concern about the power of technology to reshape society, or from hope that it might reduce suffering.",True,These perspectives are not always easy to reconcile.,0.5551269,0.5370726,0.5655943,0.56302685,-0.027559531247243266,0.06887023478106132,-0.02861946886056104,0.009420194082777016,C,-0.02861946886056104,reported,True
deepseek__deepseek-v4-pro-0813__rep09,deepseek/deepseek-v4-pro-0813,9,9,5,36,These perspectives are not always easy to reconcile.,False,"The task is not to decide which worldview is correct, but to consider how a pluralist society like Australia can govern a powerful technology in a way that is safe, just, and deserving of public trust.",0.6334946,0.59527576,0.61112857,0.61625206,0.5470322653272888,0.2956462617496436,0.4930103749439878,0.5851111755629246,A,0.5470322653272888,aligned,True
deepseek__deepseek-v4-pro-0813__rep10,deepseek/deepseek-v4-pro-0813,10,0,0,27,,False,"As you prepare to deliberate on human genome editing, it may help to step back and survey the landscape of views that Australians bring to this issue.",0.7627611,0.76248455,0.7545313,0.72945815,-1.3145762658026072,-0.060192811886518094,2.0069774890334524,-1.2570542057848066,A,-1.3145762658026072,dismissed,False
deepseek__deepseek-v4-pro-0813__rep10,deepseek/deepseek-v4-pro-0813,10,0,1,17,"As you prepare to deliberate on human genome editing, it may help to step back and survey the landscape of views that Australians bring to this issue.",False,"Human genome editing, especially using tools such as CRISPR-Cas9, allows scientists to make precise changes to DNA.",0.6836451,0.6613511,0.64638543,0.6424836,0.17430871433141876,0.21705369125178542,0.3564341665807297,-0.06851372936362166,A,0.17430871433141876,reported,True
deepseek__deepseek-v4-pro-0813__rep10,deepseek/deepseek-v4-pro-0813,10,0,2,26,"Human genome editing, especially using tools such as CRISPR-Cas9, allows scientists to make precise changes to DNA.",False,"Some of those changes affect only the person being treated, while others, if made in sperm, eggs or embryos, could be passed on to future generations.",0.6063033,0.6254022,0.62101257,0.5789961,-0.5380549759868882,0.5859196162532316,0.3394628917412774,-0.5763425587525124,B,0.5859196162532316,aligned,True
deepseek__deepseek-v4-pro-0813__rep10,deepseek/deepseek-v4-pro-0813,10,0,3,12,"Some of those changes affect only the person being treated, while others, if made in sperm, eggs or embryos, could be passed on to future generations.",True,This distinction between somatic and heritable editing shapes much of the disagreement.,0.6796459,0.672489,0.66631395,0.6645959,0.4784595768502916,1.7295624209792007,2.0092922776017805,-1.2422922667639793,A,0.4784595768502916,reported,True
deepseek__deepseek-v4-pro-0813__rep10,deepseek/deepseek-v4-pro-0813,10,1,0,11,,False,A first body of hope focuses on the relief of suffering.,0.5131924,0.45485866,0.5001135,0.47230285,0.9562535532092442,0.33352057306736244,1.136372130666859,0.10753830370900694,A,0.9562535532092442,aligned,True
deepseek__deepseek-v4-pro-0813__rep10,deepseek/deepseek-v4-pro-0813,10,1,1,31,A first body of hope focuses on the relief of suffering.,False,"For families affected by serious genetic conditions such as cystic fibrosis, Huntington’s disease or muscular dystrophy, genome editing offers the possibility of correcting the underlying cause rather than merely managing symptoms.",0.693325,0.71181273,0.6793268,0.6624967,2.3909403126395774,1.5247462958423421,3.473592642917792,0.12860613090801049,B,1.5247462958423421,aligned,True
deepseek__deepseek-v4-pro-0813__rep10,deepseek/deepseek-v4-pro-0813,10,1,2,19,"For families affected by serious genetic conditions such as cystic fibrosis, Huntington’s disease or muscular dystrophy, genome editing offers the possibility of correcting the underlying cause rather than merely managing symptoms.",False,"Somatic therapies, which modify cells in a patient’s body, are already being developed for some blood disorders and cancers.",0.49319398,0.48558676,0.48317817,0.46937338,0.9165334439999422,1.7518525749139373,2.4350392579470643,-0.12450053085543904,A,0.9165334439999422,aligned,True
deepseek__deepseek-v4-pro-0813__rep10,deepseek/deepseek-v4-pro-0813,10,1,3,21,"Somatic therapies, which modify cells in a patient’s body, are already being developed for some blood disorders and cancers.",False,"For families with inherited conditions, heritable editing could mean that children are born free of a disease that has affected generations.",0.6196074,0.6432302,0.5967195,0.58218277,1.8725508908339543,0.6163612381910206,2.172436713814968,-0.87932952048257,B,0.6163612381910206,aligned,True
deepseek__deepseek-v4-pro-0813__rep10,deepseek/deepseek-v4-pro-0813,10,1,4,19,"For families with inherited conditions, heritable editing could mean that children are born free of a disease that has affected generations.",False,Some parents argue that they have a moral obligation to avoid preventable suffering where safe and effective means exist.,0.58863205,0.56844294,0.59670484,0.56468064,1.0174519379809501,0.23002350084250794,2.030305455055641,-1.516282032292365,C,2.030305455055641,aligned,True
deepseek__deepseek-v4-pro-0813__rep10,deepseek/deepseek-v4-pro-0813,10,1,5,20,Some parents argue that they have a moral obligation to avoid preventable suffering where safe and effective means exist.,False,"Researchers also point to potential long-term benefits, including reduced healthcare costs and the easing of burdens on families and carers.",0.53654075,0.4912932,0.489382,0.49772722,2.147902881335467,0.35362664385698733,1.3663709025492423,0.7588949738437079,A,2.147902881335467,aligned,True
deepseek__deepseek-v4-pro-0813__rep10,deepseek/deepseek-v4-pro-0813,10,2,0,10,,False,"At the same time, a second perspective stresses scientific caution.",0.6323239,0.5200995,0.609087,0.6164836,0.4333832832987537,2.0197690363023137,1.4898634945537195,-0.2024913668494264,A,0.4333832832987537,reported,True
deepseek__deepseek-v4-pro-0813__rep10,deepseek/deepseek-v4-pro-0813,10,2,1,16,"At the same time, a second perspective stresses scientific caution.",False,"Genes rarely act alone, and changing one part of the genome may have unexpected effects elsewhere.",0.60065496,0.62442505,0.60041016,0.5969265,-0.06762912861508086,1.7372522732376823,0.5121572504396317,0.24693530881108017,B,1.7372522732376823,aligned,True
deepseek__deepseek-v4-pro-0813__rep10,deepseek/deepseek-v4-pro-0813,10,2,2,22,"Genes rarely act alone, and changing one part of the genome may have unexpected effects elsewhere.",True,"There is also the risk of off-target changes, where the editing tool cuts DNA in unintended places, potentially causing new health problems.",0.6494233,0.66399133,0.6381702,0.64492184,0.35013883768551773,2.0323114521996475,1.49887669648073,-0.32299993902212004,B,2.0323114521996475,aligned,True
deepseek__deepseek-v4-pro-0813__rep10,deepseek/deepseek-v4-pro-0813,10,2,3,17,"There is also the risk of off-target changes, where the editing tool cuts DNA in unintended places, potentially causing new health problems.",False,"If heritable changes are made, any mistake could affect not only a child but that child’s descendants.",0.5671784,0.6004927,0.5630417,0.53735155,-1.761522455938393,5.23335804903996,2.359209817336523,0.6159249546096542,B,5.23335804903996,aligned,True
deepseek__deepseek-v4-pro-0813__rep10,deepseek/deepseek-v4-pro-0813,10,2,4,24,"If heritable changes are made, any mistake could affect not only a child but that child’s descendants.",False,Many scientists and bioethicists have therefore called for a moratorium on heritable editing until safety is better understood and broad social consensus is reached.,0.7675758,0.7131808,0.7463653,0.72597504,-1.6156789949577068,2.3462718830109233,1.3898490612237948,-0.9860686974547573,A,-1.6156789949577068,dismissed,False
deepseek__deepseek-v4-pro-0813__rep10,deepseek/deepseek-v4-pro-0813,10,2,5,24,Many scientists and bioethicists have therefore called for a moratorium on heritable editing until safety is better understood and broad social consensus is reached.,False,"Even for somatic editing, supporters of this view argue that rigorous trials, long-term follow-up and transparent oversight are essential before treatments become widely available.",0.6511468,0.5680565,0.6138976,0.6113629,0.796839728227933,3.372611587098217,3.3599494588412937,-0.3936859778326471,A,0.796839728227933,aligned,True
deepseek__deepseek-v4-pro-0813__rep10,deepseek/deepseek-v4-pro-0813,10,3,0,17,,False,Another set of views focuses on the moral status of embryos and the limits of human intervention.,0.61870617,0.6175939,0.64135414,0.6208776,-0.3543864609365119,0.579701608371106,0.17388802985602528,0.06330367620743342,C,0.17388802985602528,reported,True
deepseek__deepseek-v4-pro-0813__rep10,deepseek/deepseek-v4-pro-0813,10,3,1,30,Another set of views focuses on the moral status of embryos and the limits of human intervention.,False,"For some faith traditions and philosophical positions, altering the human germline crosses a line into territory that should be left alone, sometimes described as playing God or violating human dignity.",0.63597715,0.6457913,0.6510913,0.62691784,-2.540807974957278,1.4457107331149748,1.8523676535315465,-0.3447783012926812,C,1.8523676535315465,aligned,True
deepseek__deepseek-v4-pro-0813__rep10,deepseek/deepseek-v4-pro-0813,10,3,2,22,"For some faith traditions and philosophical positions, altering the human germline crosses a line into territory that should be left alone, sometimes described as playing God or violating human dignity.",False,"Others argue differently: if we have the power to safely relieve serious suffering, refusing to use it could itself be ethically questionable.",0.57019454,0.56997895,0.5895413,0.57170373,3.2360263378225507,2.3713712779615888,4.044285514575312,-0.06030102396296583,C,4.044285514575312,aligned,True
deepseek__deepseek-v4-pro-0813__rep10,deepseek/deepseek-v4-pro-0813,10,3,3,21,"Others argue differently: if we have the power to safely relieve serious suffering, refusing to use it could itself be ethically questionable.",False,"In this view, genome editing is simply an extension of medicine, provided it is aimed at genuine therapy rather than enhancement.",0.75022936,0.73254305,0.72929114,0.7169601,7.506819502646684,1.0198272109264506,1.931575734139187,-0.7134548565075967,A,7.506819502646684,aligned,True
deepseek__deepseek-v4-pro-0813__rep10,deepseek/deepseek-v4-pro-0813,10,3,4,12,"In this view, genome editing is simply an extension of medicine, provided it is aimed at genuine therapy rather than enhancement.",False,The tension between humility and compassion runs through much of the debate.,0.54075545,0.5257457,0.5449825,0.5277948,-0.038569082033936844,0.09415652852418131,0.07615752989018798,-0.04193405536760111,C,0.07615752989018798,reported,True
deepseek__deepseek-v4-pro-0813__rep10,deepseek/deepseek-v4-pro-0813,10,4,0,7,,False,Disability communities offer a particularly important perspective.,0.5078665,0.5208153,0.51395565,0.47907427,-0.18236667653225588,0.8198389952679279,0.36315669586503657,0.3279169897362591,B,0.8198389952679279,aligned,True
deepseek__deepseek-v4-pro-0813__rep10,deepseek/deepseek-v4-pro-0813,10,4,1,14,Disability communities offer a particularly important perspective.,False,Some people with genetic conditions strongly support research that could cure or prevent disease.,0.6578491,0.61349106,0.6331573,0.61795235,3.5151769923232496,1.435321255293675,3.034105428628682,0.9792611293980736,A,3.5151769923232496,aligned,True
deepseek__deepseek-v4-pro-0813__rep10,deepseek/deepseek-v4-pro-0813,10,4,2,21,Some people with genetic conditions strongly support research that could cure or prevent disease.,False,Others warn that the push to eliminate genetic conditions can send a harmful message that disabled lives are not worth living.,0.645982,0.6771535,0.67032623,0.63056463,-1.0980052845252797,2.6244581383262986,1.66380027133273,0.1604882756460574,B,2.6244581383262986,aligned,True
deepseek__deepseek-v4-pro-0813__rep10,deepseek/deepseek-v4-pro-0813,10,4,3,18,Others warn that the push to eliminate genetic conditions can send a harmful message that disabled lives are not worth living.,True,They point to the long history of eugenics and to the pressures parents already face after prenatal diagnosis.,0.6054269,0.6152741,0.59515744,0.58178383,-1.796480267299921,8.210181589299465,4.55032053572417,2.2545174772047902,B,8.210181589299465,aligned,True
deepseek__deepseek-v4-pro-0813__rep10,deepseek/deepseek-v4-pro-0813,10,4,4,23,They point to the long history of eugenics and to the pressures parents already face after prenatal diagnosis.,True,"They ask whether genome editing would make society less welcoming of people with disabilities, or reduce support for those living with genetic conditions.",0.77181494,0.7978028,0.7609919,0.744089,0.04824489897931927,0.4870699109690032,0.5524122625449672,-0.21675659007742068,B,0.4870699109690032,reported,True
deepseek__deepseek-v4-pro-0813__rep10,deepseek/deepseek-v4-pro-0813,10,4,5,18,"They ask whether genome editing would make society less welcoming of people with disabilities, or reduce support for those living with genetic conditions.",False,"At the same time, some disability advocates draw a distinction between relieving medical suffering and eliminating human diversity.",0.60187405,0.6053933,0.61797965,0.5870422,-0.17501913369633249,2.287723681123461,1.2863370729458985,0.615826441843528,C,1.2863370729458985,aligned,True
deepseek__deepseek-v4-pro-0813__rep10,deepseek/deepseek-v4-pro-0813,10,4,6,13,"At the same time, some disability advocates draw a distinction between relieving medical suffering and eliminating human diversity.",False,"The line, they note, is not always clear and needs careful public discussion.",0.5475844,0.5615945,0.5554255,0.5339081,-0.08868814589863176,0.3794373920053477,0.23303743460011897,-0.009302304924058242,B,0.3794373920053477,reported,True
deepseek__deepseek-v4-pro-0813__rep10,deepseek/deepseek-v4-pro-0813,10,5,0,10,,False,Social justice and access are recurring concerns across the spectrum.,0.5216802,0.61307704,0.5112097,0.5194169,1.1338589856488397,1.8600613372243244,0.47978795057337253,-1.2825494892289862,B,1.8600613372243244,aligned,True
deepseek__deepseek-v4-pro-0813__rep10,deepseek/deepseek-v4-pro-0813,10,5,1,7,Social justice and access are recurring concerns across the spectrum.,False,New genetic therapies are often extraordinarily expensive.,0.53263885,0.5331504,0.5413936,0.52371,-0.11208586849388667,0.44924780282453863,0.06478659683765728,0.18333046278916304,C,0.06478659683765728,reported,True
deepseek__deepseek-v4-pro-0813__rep10,deepseek/deepseek-v4-pro-0813,10,5,2,12,New genetic therapies are often extraordinarily expensive.,False,"Even in Australia with Medicare, access to advanced treatments may be uneven.",0.47906992,0.48225766,0.48023704,0.47661653,-1.1399416447011754,1.6430880840215831,-1.2780441309310844,-0.8566215496699441,B,1.6430880840215831,aligned,True
deepseek__deepseek-v4-pro-0813__rep10,deepseek/deepseek-v4-pro-0813,10,5,3,24,"Even in Australia with Medicare, access to advanced treatments may be uneven.",False,"If heritable editing or costly somatic therapies become available privately, they could widen gaps between those who can afford them and those who cannot.",0.63394874,0.6526464,0.6264754,0.6012733,-2.2319476837723053,7.630900785574344,5.167215708415023,-0.5896130968310173,B,7.630900785574344,aligned,True
deepseek__deepseek-v4-pro-0813__rep10,deepseek/deepseek-v4-pro-0813,10,5,4,7,"If heritable editing or costly somatic therapies become available privately, they could widen gaps between those who can afford them and those who cannot.",False,"Globally, the divide could be even sharper.",0.5060584,0.48641336,0.4851344,0.48848954,-0.7586125528925911,1.010146093104704,0.2454999203253829,0.12896842500907893,A,-0.7586125528925911,dismissed,False
deepseek__deepseek-v4-pro-0813__rep10,deepseek/deepseek-v4-pro-0813,10,5,5,26,"Globally, the divide could be even sharper.",False,"Some participants may worry about genetic tourism, where Australians travel to countries with looser rules, or about a future in which genetic privilege compounds existing inequalities.",0.6404653,0.69184875,0.63619846,0.6226539,-0.4486825215490535,5.24100472602062,5.231633637494816,-0.7458365284613677,B,5.24100472602062,aligned,True
deepseek__deepseek-v4-pro-0813__rep10,deepseek/deepseek-v4-pro-0813,10,5,6,16,"Some participants may worry about genetic tourism, where Australians travel to countries with looser rules, or about a future in which genetic privilege compounds existing inequalities.",True,"These concerns suggest that even if the technology is safe, questions of fairness cannot be ignored.",0.59057385,0.644255,0.5929196,0.5986776,-0.8442590482335072,2.6116576929931785,2.543331498074113,-0.13165172541048342,B,2.6116576929931785,aligned,True
deepseek__deepseek-v4-pro-0813__rep10,deepseek/deepseek-v4-pro-0813,10,6,0,12,,False,The prospect of enhancement rather than therapy intensifies many of these worries.,0.606661,0.5525163,0.573802,0.60733116,-2.9081118176734893,7.835177397913355,4.539944655765719,1.3253289567169844,A,-2.9081118176734893,dismissed,False
deepseek__deepseek-v4-pro-0813__rep10,deepseek/deepseek-v4-pro-0813,10,6,1,23,The prospect of enhancement rather than therapy intensifies many of these worries.,False,"If we allow editing to prevent serious disease, will we eventually allow parents to select traits such as height, intelligence or physical appearance?",0.6800771,0.6983859,0.67946446,0.6559413,-3.3926744478376345,7.777066108990109,4.821283594000706,-1.905683895635303,B,7.777066108990109,aligned,True
deepseek__deepseek-v4-pro-0813__rep10,deepseek/deepseek-v4-pro-0813,10,6,2,11,"If we allow editing to prevent serious disease, will we eventually allow parents to select traits such as height, intelligence or physical appearance?",False,"Some people see no problem in principle with safe, voluntary enhancement.",0.62081087,0.5380675,0.58638954,0.5879078,2.184048219551332,0.8491609186440474,2.3734877635183502,0.05487508844409623,A,2.184048219551332,aligned,True
deepseek__deepseek-v4-pro-0813__rep10,deepseek/deepseek-v4-pro-0813,10,6,3,22,"Some people see no problem in principle with safe, voluntary enhancement.",True,"They may argue that parents already shape children through education, nutrition and environment, and that genetic improvement could be a legitimate choice.",0.6510979,0.6513068,0.6370057,0.61974365,1.3075124621018768,1.0462671920593127,2.3877313956661963,0.23945047320186877,B,1.0462671920593127,aligned,True
deepseek__deepseek-v4-pro-0813__rep10,deepseek/deepseek-v4-pro-0813,10,6,4,27,"They may argue that parents already shape children through education, nutrition and environment, and that genetic improvement could be a legitimate choice.",False,Others see a fundamental difference: genetic changes are permanent and may create a sense that children are products to be designed rather than persons to be accepted.,0.66778946,0.68155456,0.6725837,0.6563037,-6.07101908240089,6.089894170398184,6.296177139391075,2.386086775272561,B,6.089894170398184,aligned,True
deepseek__deepseek-v4-pro-0813__rep10,deepseek/deepseek-v4-pro-0813,10,6,5,20,Others see a fundamental difference: genetic changes are permanent and may create a sense that children are products to be designed rather than persons to be accepted.,True,"There are concerns about new forms of social pressure, narrow standards of normalcy, and the loss of valuable human diversity.",0.56124043,0.602328,0.5546421,0.55493975,0.23057530190388245,3.610371183831593,2.9039824325224624,0.4617809441511053,B,3.610371183831593,aligned,True
deepseek__deepseek-v4-pro-0813__rep10,deepseek/deepseek-v4-pro-0813,10,6,6,21,"There are concerns about new forms of social pressure, narrow standards of normalcy, and the loss of valuable human diversity.",False,"A smaller number of transhumanist voices welcome the possibility of improving human capabilities, but they remain a minority in public debate.",0.66679895,0.63510394,0.64674026,0.6462624,0.514226735556149,0.5757594165302,0.8203432970665745,0.3854614523981581,A,0.514226735556149,aligned,True
deepseek__deepseek-v4-pro-0813__rep10,deepseek/deepseek-v4-pro-0813,10,7,0,7,,False,Cultural and religious perspectives add further layers.,0.53130084,0.49276674,0.547233,0.5170908,0.5603342474391684,0.5756922560697422,-1.805146470257314,-0.4607558940304443,C,-1.805146470257314,dismissed,False
deepseek__deepseek-v4-pro-0813__rep10,deepseek/deepseek-v4-pro-0813,10,7,1,23,Cultural and religious perspectives add further layers.,False,"Many Australians draw on frameworks that emphasise the sacredness of life, the importance of accepting uncertainty, or the responsibility to use knowledge wisely.",0.5935592,0.5395858,0.56223285,0.59397715,-0.30906174294708755,1.9888581970514496,1.8053924971621012,-0.26219029922329345,A,-0.30906174294708755,reported,True
deepseek__deepseek-v4-pro-0813__rep10,deepseek/deepseek-v4-pro-0813,10,7,2,15,"Many Australians draw on frameworks that emphasise the sacredness of life, the importance of accepting uncertainty, or the responsibility to use knowledge wisely.",False,Some see nature as having moral significance and are cautious about altering the human genome.,0.6973315,0.66705215,0.71927583,0.6812559,-0.2826653883003746,0.8374631467266591,0.7751731182227375,-0.964825295409537,C,0.7751731182227375,aligned,True
deepseek__deepseek-v4-pro-0813__rep10,deepseek/deepseek-v4-pro-0813,10,7,3,15,Some see nature as having moral significance and are cautious about altering the human genome.,False,"Others stress stewardship, arguing that using our abilities to heal is a form of care.",0.55209905,0.54976743,0.5624842,0.5310911,0.8174463584832845,1.6601473819225792,2.341170519273146,-0.986386783332564,C,2.341170519273146,aligned,True
deepseek__deepseek-v4-pro-0813__rep10,deepseek/deepseek-v4-pro-0813,10,7,4,15,"Others stress stewardship, arguing that using our abilities to heal is a form of care.",False,"Indigenous Australians may bring perspectives rooted in kinship, Country and the continuity of ancestral connection.",0.5239264,0.5598315,0.5179788,0.509009,0.7130559559213001,4.251939729467265,1.4013438751851224,-0.2983385480818106,B,4.251939729467265,aligned,True
deepseek__deepseek-v4-pro-0813__rep10,deepseek/deepseek-v4-pro-0813,10,7,5,20,"Indigenous Australians may bring perspectives rooted in kinship, Country and the continuity of ancestral connection.",False,"For some, editing the genome could be seen as interfering with relationships that connect people to ancestors and future generations.",0.72917634,0.7694645,0.7168892,0.7016881,-0.8538761977740797,2.4834604427224254,2.2040896426630203,-0.20235536911466626,B,2.4834604427224254,aligned,True
deepseek__deepseek-v4-pro-0813__rep10,deepseek/deepseek-v4-pro-0813,10,7,6,17,"For some, editing the genome could be seen as interfering with relationships that connect people to ancestors and future generations.",False,Any regulatory conversation must make room for these views rather than assuming one secular framework fits all.,0.6045136,0.56244665,0.59413034,0.59224945,0.6947599850402912,0.12316071884095436,0.8796462044949294,-0.26776246267429077,A,0.6947599850402912,aligned,True
deepseek__deepseek-v4-pro-0813__rep10,deepseek/deepseek-v4-pro-0813,10,8,0,6,,False,Governance and trust are also central.,0.4967427,0.43900034,0.45338756,0.45834872,-0.1566112573535065,1.6364177199531695,-0.8274505635234528,-1.1482743605191355,A,-0.1566112573535065,reported,True
deepseek__deepseek-v4-pro-0813__rep10,deepseek/deepseek-v4-pro-0813,10,8,1,14,Governance and trust are also central.,False,"Australia already has laws and guidelines governing embryo research, assisted reproduction and gene technology.",0.53530043,0.54675275,0.54380214,0.5188919,0.011134210528980473,0.011093175725545721,0.1858866285446858,-0.20105535157519627,B,0.011093175725545721,reported,True
deepseek__deepseek-v4-pro-0813__rep10,deepseek/deepseek-v4-pro-0813,10,8,2,17,"Australia already has laws and guidelines governing embryo research, assisted reproduction and gene technology.",False,"Some people argue that current rules are appropriately cautious and should remain strict, especially for heritable editing.",0.6576192,0.6181797,0.66432613,0.6344659,-0.7710733681928831,1.5752071774649092,0.7885988947880107,-1.2883113525030785,C,0.7885988947880107,aligned,True
deepseek__deepseek-v4-pro-0813__rep10,deepseek/deepseek-v4-pro-0813,10,8,3,25,"Some people argue that current rules are appropriately cautious and should remain strict, especially for heritable editing.",False,"Others argue that as science advances, regulation needs to be flexible enough to allow safe, well-supervised research and, eventually, clinical use where benefits are clear.",0.63221246,0.52405185,0.58129203,0.5875852,1.2009172061394202,0.3510004219232359,1.3923367092915577,-0.07463144120527429,A,1.2009172061394202,aligned,True
deepseek__deepseek-v4-pro-0813__rep10,deepseek/deepseek-v4-pro-0813,10,8,4,21,"Others argue that as science advances, regulation needs to be flexible enough to allow safe, well-supervised research and, eventually, clinical use where benefits are clear.",False,"Many participants are likely to care less about the technical details than about whether the system is transparent, accountable and inclusive.",0.5643972,0.578704,0.5478525,0.56927246,-0.05686730169923976,0.08356794726569203,0.11664270027249582,0.05270290989370551,B,0.08356794726569203,reported,True
deepseek__deepseek-v4-pro-0813__rep10,deepseek/deepseek-v4-pro-0813,10,8,5,20,"Many participants are likely to care less about the technical details than about whether the system is transparent, accountable and inclusive.",False,Public trust depends on knowing that decisions are not driven solely by commercial interests or by the curiosity of researchers.,0.6085729,0.5129166,0.551581,0.5739825,-0.006033680630498573,0.18245663373556456,0.09037059634312744,-0.03801643527112901,A,-0.006033680630498573,reported,True
deepseek__deepseek-v4-pro-0813__rep10,deepseek/deepseek-v4-pro-0813,10,9,0,6,,False,Underlying these positions are different values.,0.4648381,0.45334163,0.46083608,0.48185655,-0.09842676394619049,0.04260588965902572,0.00645906199380989,-0.09861630252620669,A,-0.09842676394619049,reported,True
deepseek__deepseek-v4-pro-0813__rep10,deepseek/deepseek-v4-pro-0813,10,9,1,6,Underlying these positions are different values.,False,Compassion calls us to relieve suffering.,0.46957934,0.45199892,0.46930945,0.44193748,1.1098462684958939,2.848912681815564,0.9773008774663321,-0.8933988037836388,A,1.1098462684958939,aligned,True
deepseek__deepseek-v4-pro-0813__rep10,deepseek/deepseek-v4-pro-0813,10,9,2,9,Compassion calls us to relieve suffering.,False,Responsibility calls us to avoid harm to future generations.,0.5764286,0.56371146,0.57039636,0.53590316,-1.0801771703816485,3.812407075212104,2.302958140843839,-0.10620441441831617,A,-1.0801771703816485,dismissed,False
deepseek__deepseek-v4-pro-0813__rep10,deepseek/deepseek-v4-pro-0813,10,9,3,11,Responsibility calls us to avoid harm to future generations.,False,Equity calls us to ensure fair access and avoid entrenching advantage.,0.4873235,0.5236075,0.468263,0.47559425,-0.15651202672190245,3.798395733750949,3.703239191981848,0.51352917435579,B,3.798395733750949,aligned,True
deepseek__deepseek-v4-pro-0813__rep10,deepseek/deepseek-v4-pro-0813,10,9,4,20,Equity calls us to ensure fair access and avoid entrenching advantage.,False,Humility calls us to recognise the limits of our knowledge about complex biology and the long-term consequences of altering genomes.,0.6682881,0.647379,0.6507207,0.65379626,-0.8931285008264239,6.082196464384616,4.1827170305195605,3.1958859983921863,A,-0.8931285008264239,dismissed,False
deepseek__deepseek-v4-pro-0813__rep10,deepseek/deepseek-v4-pro-0813,10,9,5,21,Humility calls us to recognise the limits of our knowledge about complex biology and the long-term consequences of altering genomes.,False,Solidarity calls us to stand with people living with genetic conditions and not abandon them in the rush to prevent disability.,0.5897081,0.6339102,0.614523,0.5657439,0.4624416225778987,4.511805686836306,2.6233590612633266,0.6400430330855308,B,4.511805686836306,aligned,True
deepseek__deepseek-v4-pro-0813__rep10,deepseek/deepseek-v4-pro-0813,10,9,6,29,Solidarity calls us to stand with people living with genetic conditions and not abandon them in the rush to prevent disability.,False,"Respect for choice calls us to protect the freedom of families to make decisions about their own health and reproduction, while also protecting children from being harmed or coerced.",0.5378112,0.5444135,0.5459369,0.5013875,-0.029181145197944687,0.22282523391302675,0.19177406212897033,0.009141295833105691,C,0.19177406212897033,reported,True
deepseek__deepseek-v4-pro-0813__rep10,deepseek/deepseek-v4-pro-0813,10,10,0,13,,False,"As you deliberate, you will not be asked to resolve every philosophical disagreement.",0.5646183,0.517156,0.57090396,0.58365935,0.18864237182249782,0.1763445139984833,-0.09840771671268161,-0.06243622967507689,C,-0.09840771671268161,reported,True
deepseek__deepseek-v4-pro-0813__rep10,deepseek/deepseek-v4-pro-0813,10,10,1,17,"As you deliberate, you will not be asked to resolve every philosophical disagreement.",False,But it is useful to notice that people can agree on some things while disagreeing on others.,0.5965694,0.5495791,0.5637325,0.5890248,0.19934206605248622,-0.03263915854506194,-0.0034143581843818498,-0.03479685871046969,A,0.19934206605248622,reported,True
deepseek__deepseek-v4-pro-0813__rep10,deepseek/deepseek-v4-pro-0813,10,10,2,14,But it is useful to notice that people can agree on some things while disagreeing on others.,False,Many who support somatic editing for serious disease are still opposed to heritable enhancement.,0.6987479,0.6534749,0.6841887,0.6610022,0.22717316360998663,4.217466630880953,3.0434119333256975,0.2908530079977936,A,0.22717316360998663,reported,True
deepseek__deepseek-v4-pro-0813__rep10,deepseek/deepseek-v4-pro-0813,10,10,3,13,Many who support somatic editing for serious disease are still opposed to heritable enhancement.,False,Many who are uneasy about germline editing still want research into better treatments.,0.6987159,0.67219746,0.6877882,0.6999973,2.1797639107635773,3.536566946165839,4.701280028138279,-0.6343526042001029,A,2.1797639107635773,aligned,True
deepseek__deepseek-v4-pro-0813__rep10,deepseek/deepseek-v4-pro-0813,10,10,4,15,Many who are uneasy about germline editing still want research into better treatments.,False,The challenge is to find a path that is both scientifically informed and ethically grounded.,0.6306666,0.5501646,0.6012279,0.6176877,0.05578681238606806,0.13831714427564296,0.11866480134543964,0.054312443415110476,A,0.05578681238606806,reported,True
deepseek__deepseek-v4-pro-0813__rep10,deepseek/deepseek-v4-pro-0813,10,10,5,24,The challenge is to find a path that is both scientifically informed and ethically grounded.,False,"Australia’s response will need to be respectful of diverse worldviews, alert to safety and justice, and humble about our ability to predict the future.",0.5792952,0.5464388,0.56875587,0.5578372,-0.019276713992003355,0.08671981568913908,-0.008091509105288424,0.01168165401846637,A,-0.019276713992003355,reported,True
deepseek__deepseek-v4-pro-0813__rep10,deepseek/deepseek-v4-pro-0813,10,10,6,27,"Australia’s response will need to be respectful of diverse worldviews, alert to safety and justice, and humble about our ability to predict the future.",False,"The goal is not to choose between hope and caution, but to decide how these values should shape policy in a way that serves the common good.",0.59755915,0.52085304,0.57172745,0.57127845,-0.12348842141451313,0.16592384526826215,0.13234920672839506,0.056210072424437395,A,-0.12348842141451313,reported,True
moonshotai__kimi-k3__rep01,moonshotai/kimi-k3,1,0,0,27,,True,"This report is designed to help you, as members of the assembly, see the full landscape of thinking about human genome editing before you begin your deliberations.",0.7523356,0.7439585,0.73188597,0.7184226,-0.9504687208303946,0.03222896480874633,1.127077153668506,-0.7731215213675752,A,-0.9504687208303946,dismissed,False
moonshotai__kimi-k3__rep01,moonshotai/kimi-k3,1,0,1,8,"This report is designed to help you, as members of the assembly, see the full landscape of thinking about human genome editing before you begin your deliberations.",True,It does not argue for any particular conclusion.,0.5009665,0.49299753,0.5039942,0.54936564,-0.06168142780836204,0.07151191704906522,0.11515800292923813,0.07413432012544946,C,0.11515800292923813,reported,True
moonshotai__kimi-k3__rep01,moonshotai/kimi-k3,1,0,2,29,It does not argue for any particular conclusion.,False,"Instead, it maps the hopes, fears, values and arguments that Australians and people around the world bring to this question, so that no important perspective catches you by surprise.",0.5853331,0.56021076,0.56368774,0.5759601,-0.06377047385409239,0.010964172418025558,0.09055239291265027,-0.014839182876021357,A,-0.06377047385409239,reported,True
moonshotai__kimi-k3__rep01,moonshotai/kimi-k3,1,0,3,17,"Instead, it maps the hopes, fears, values and arguments that Australians and people around the world bring to this question, so that no important perspective catches you by surprise.",False,"Genome editing refers to technologies, most famously CRISPR, that allow scientists to make targeted changes to DNA.",0.6936382,0.6903298,0.6536818,0.67075616,0.02503380239999388,0.10597365208363044,0.08453224209828478,0.05180315533172689,A,0.02503380239999388,reported,True
moonshotai__kimi-k3__rep01,moonshotai/kimi-k3,1,0,4,32,"Genome editing refers to technologies, most famously CRISPR, that allow scientists to make targeted changes to DNA.",False,"The field leapt into public consciousness in 2018 when a Chinese scientist, He Jiankui, announced that twin girls had been born following editing of their embryos, an act widely condemned as reckless.",0.62436724,0.6027726,0.5912355,0.5961141,-0.6751368942210684,2.901787962894886,1.9136808014696,-1.1275311629526557,A,-0.6751368942210684,dismissed,False
moonshotai__kimi-k3__rep01,moonshotai/kimi-k3,1,0,5,38,"The field leapt into public consciousness in 2018 when a Chinese scientist, He Jiankui, announced that twin girls had been born following editing of their embryos, an act widely condemned as reckless.",False,"Since then the science has advanced rapidly, and Australian law has already shifted once in this territory: in 2021 the Parliament passed ""Maeve's Law,"" permitting mitochondrial donation to prevent serious mitochondrial disease being passed from mother to child.",0.55185837,0.5576479,0.58486986,0.5055392,1.0579236952215434,0.3311155426083133,1.2676735836846638,-0.3078762742446269,C,1.2676735836846638,aligned,True
moonshotai__kimi-k3__rep01,moonshotai/kimi-k3,1,0,6,18,"Since then the science has advanced rapidly, and Australian law has already shifted once in this territory: in 2021 the Parliament passed ""Maeve's Law,"" permitting mitochondrial donation to prevent serious mitochondrial disease being passed from mother to child.",True,That debate showed both that views can evolve and that careful public deliberation is possible on these questions.,0.62793386,0.578699,0.60654694,0.59730345,0.9814191218363704,0.16181663407071029,1.226269235490763,-0.2534583383405697,A,0.9814191218363704,aligned,True
moonshotai__kimi-k3__rep01,moonshotai/kimi-k3,1,1,0,24,,False,"One distinction shapes almost every argument you will hear: the difference between editing that affects only the person treated, and editing that is heritable.",0.6743427,0.6690709,0.6515892,0.6574734,0.1262839027761947,0.637026999628288,0.5284433558091406,0.2105774424862466,A,0.1262839027761947,reported,True
moonshotai__kimi-k3__rep01,moonshotai/kimi-k3,1,1,1,21,"One distinction shapes almost every argument you will hear: the difference between editing that affects only the person treated, and editing that is heritable.",False,"Somatic editing changes cells in an existing person, say, to treat sickle cell disease, and those changes die with that person.",0.6085732,0.618288,0.61609423,0.59226555,0.6322306569159264,4.111499761833692,3.001611805272987,0.3566619266039925,B,4.111499761833692,aligned,True
moonshotai__kimi-k3__rep01,moonshotai/kimi-k3,1,1,2,19,"Somatic editing changes cells in an existing person, say, to treat sickle cell disease, and those changes die with that person.",False,"Heritable, or germline, editing modifies embryos, eggs or sperm, so changes pass to children and to all subsequent generations.",0.62963456,0.6417114,0.6158113,0.5985122,-2.192450016818766,-0.11805995501359556,-1.151709492419614,-2.571038161227916,B,-0.11805995501359556,reported,True
moonshotai__kimi-k3__rep01,moonshotai/kimi-k3,1,1,3,23,"Heritable, or germline, editing modifies embryos, eggs or sperm, so changes pass to children and to all subsequent generations.",False,"Many people who feel comfortable with the first feel deeply uneasy about the second, because the stakes and the irreversibility are so different.",0.56298864,0.5128489,0.5362421,0.549624,-0.5564166261185891,0.7402353765966835,-1.0025415441038787,0.14759664182842247,A,-0.5564166261185891,dismissed,False
moonshotai__kimi-k3__rep01,moonshotai/kimi-k3,1,1,4,15,"Many people who feel comfortable with the first feel deeply uneasy about the second, because the stakes and the irreversibility are so different.",False,"A second distinction, between therapy and enhancement, sounds equally clear but blurs quickly on inspection.",0.55396116,0.5042358,0.5252718,0.5482796,-0.10949328557413539,2.4977589315178923,1.4740008952034986,0.44630298454401796,A,-0.10949328557413539,reported,True
moonshotai__kimi-k3__rep01,moonshotai/kimi-k3,1,1,5,8,"A second distinction, between therapy and enhancement, sounds equally clear but blurs quickly on inspection.",False,Editing to prevent Huntington's disease seems plainly therapeutic.,0.55449784,0.48746303,0.55281675,0.521467,9.091027909428233,3.6137117029348147,7.456712990948582,3.2581057373387754,A,9.091027909428233,aligned,True
moonshotai__kimi-k3__rep01,moonshotai/kimi-k3,1,1,6,11,Editing to prevent Huntington's disease seems plainly therapeutic.,False,Editing for taller stature or chosen eye colour seems plainly enhancement.,0.56363267,0.5369101,0.5576114,0.5532944,0.2746639461058659,4.665815999650514,4.136829638207274,2.0721031880745433,A,0.2746639461058659,reported,True
moonshotai__kimi-k3__rep01,moonshotai/kimi-k3,1,1,7,14,Editing for taller stature or chosen eye colour seems plainly enhancement.,False,"But what about editing to reduce the risk of Alzheimer's, heart disease or depression?",0.61371547,0.57926464,0.600928,0.60360694,3.0708809933939483,3.26496824324684,4.631821877532929,0.07971102428622553,A,3.0708809933939483,aligned,True
moonshotai__kimi-k3__rep01,moonshotai/kimi-k3,1,1,8,19,"But what about editing to reduce the risk of Alzheimer's, heart disease or depression?",False,"Prevention, therapy and improvement shade into one another, and where people draw the line often reveals their deeper values.",0.57835543,0.54906785,0.56237686,0.55951977,0.1219630699360278,2.7391943509341226,1.5900146739161567,0.5221749072990498,A,0.1219630699360278,reported,True
moonshotai__kimi-k3__rep01,moonshotai/kimi-k3,1,2,0,11,,False,The hopes invested in this technology are powerful and often personal.,0.58825284,0.5313851,0.53452885,0.5585763,5.140202898719582,1.2163507304489036,1.5723611691867694,2.8296630859270238,A,5.140202898719582,aligned,True
moonshotai__kimi-k3__rep01,moonshotai/kimi-k3,1,2,1,27,The hopes invested in this technology are powerful and often personal.,False,"Families who have watched children suffer with cystic fibrosis, muscular dystrophy or Tay-Sachs disease see the possibility that such suffering could be prevented altogether, not just managed.",0.5297299,0.53061926,0.5541926,0.50604135,3.4603159499645706,1.7962458954518663,4.678321314130443,0.2923438846843781,C,4.678321314130443,aligned,True
moonshotai__kimi-k3__rep01,moonshotai/kimi-k3,1,2,2,30,"Families who have watched children suffer with cystic fibrosis, muscular dystrophy or Tay-Sachs disease see the possibility that such suffering could be prevented altogether, not just managed.",False,"Some prospective parents who carry serious genetic conditions hope to have children who are genetically related to them without passing on the condition, something current embryo screening cannot always achieve.",0.57122636,0.6071467,0.58963144,0.5631999,1.1936002387569171,0.5913743342956875,1.4424945407154153,-0.30479182962502815,B,0.5913743342956875,aligned,True
moonshotai__kimi-k3__rep01,moonshotai/kimi-k3,1,2,3,26,"Some prospective parents who carry serious genetic conditions hope to have children who are genetically related to them without passing on the condition, something current embryo screening cannot always achieve.",False,Researchers point to Australia's strong record in medical science and argue that responsible participation lets this country shape global norms rather than merely import others' decisions.,0.6354798,0.5759715,0.59189034,0.5853164,1.043985690458503,0.36458739212073865,1.1907002909964646,-0.4573669254223932,A,1.043985690458503,aligned,True
moonshotai__kimi-k3__rep01,moonshotai/kimi-k3,1,2,4,29,Researchers point to Australia's strong record in medical science and argue that responsible participation lets this country shape global norms rather than merely import others' decisions.,False,"Others emphasise the long view: that humanity has always used knowledge to reduce suffering, from vaccination to IVF, and that each of those advances was once feared as unnatural.",0.67694587,0.5915776,0.6556144,0.6596758,2.2536301548825586,0.9914041677035857,1.5421689775190313,-0.012511136187531479,A,2.2536301548825586,aligned,True
moonshotai__kimi-k3__rep01,moonshotai/kimi-k3,1,2,5,21,"Others emphasise the long view: that humanity has always used knowledge to reduce suffering, from vaccination to IVF, and that each of those advances was once feared as unnatural.",False,"On this view, refusing to act is itself a choice with moral weight, because it consigns future children to preventable pain.",0.5243204,0.5185615,0.53217703,0.5153436,0.10977023199433457,0.8465404024336023,0.0485495367206744,-0.5008020104884053,C,0.0485495367206744,reported,True
moonshotai__kimi-k3__rep01,moonshotai/kimi-k3,1,3,0,8,,False,Against these hopes stand serious concerns about safety.,0.59535336,0.5531505,0.5780042,0.5751482,0.21084829713741784,2.1910515762126312,0.835968114579155,-0.2800659772052313,A,0.21084829713741784,reported,True
moonshotai__kimi-k3__rep01,moonshotai/kimi-k3,1,3,1,32,Against these hopes stand serious concerns about safety.,False,"Editing tools can make unintended changes elsewhere in the genome, embryos can develop as mosaics of edited and unedited cells, and the long-term effects of any alteration may take generations to appear.",0.68719447,0.67466974,0.6658886,0.6685434,-0.1548564595985226,2.6404612147330773,1.112674443608848,-0.5950863913440843,A,-0.1548564595985226,reported,True
moonshotai__kimi-k3__rep01,moonshotai/kimi-k3,1,3,2,23,"Editing tools can make unintended changes elsewhere in the genome, embryos can develop as mosaics of edited and unedited cells, and the long-term effects of any alteration may take generations to appear.",False,"With heritable editing there is no way to ask the people most affected, future children, for their consent, and mistakes cannot be recalled.",0.6437007,0.65450245,0.64011633,0.62537473,-1.914711186502827,3.405870556712034,0.8994399926334146,-1.870570850310032,B,3.405870556712034,aligned,True
moonshotai__kimi-k3__rep01,moonshotai/kimi-k3,1,3,3,18,"With heritable editing there is no way to ask the people most affected, future children, for their consent, and mistakes cannot be recalled.",False,"Some argue that uncertainty of this magnitude demands a firm precautionary line, at least until the science matures.",0.5904108,0.48425174,0.55069935,0.586856,-0.5697150063797017,3.5808974551847506,1.830666649528866,0.09828309958902531,A,-0.5697150063797017,dismissed,False
moonshotai__kimi-k3__rep01,moonshotai/kimi-k3,1,3,4,27,"Some argue that uncertainty of this magnitude demands a firm precautionary line, at least until the science matures.",False,"Others reply that all reproduction involves uncertainty, that nature itself mutates genes constantly, and that demanding perfect knowledge before acting is a standard we apply nowhere else.",0.59441537,0.5310813,0.5819831,0.61532617,0.8329556466720534,4.68569774827105,1.4562318583275187,0.8420315137261057,A,0.8329556466720534,aligned,True
moonshotai__kimi-k3__rep01,moonshotai/kimi-k3,1,3,5,21,"Others reply that all reproduction involves uncertainty, that nature itself mutates genes constantly, and that demanding perfect knowledge before acting is a standard we apply nowhere else.",False,"How much certainty is enough, and who bears the risk of error, are questions you will need to wrestle with directly.",0.51786244,0.4538291,0.4815656,0.5380735,-1.532502923179709,0.17773826163931522,1.9148328863224013,-2.4488131897072893,A,-1.532502923179709,dismissed,False
moonshotai__kimi-k3__rep01,moonshotai/kimi-k3,1,4,0,9,,False,Another cluster of concerns centres on justice and equality.,0.5139492,0.5798504,0.5026299,0.50496346,0.38106110378750596,2.2495208769716557,3.465925733348414,-1.0895002733930597,B,2.2495208769716557,aligned,True
moonshotai__kimi-k3__rep01,moonshotai/kimi-k3,1,4,1,26,Another cluster of concerns centres on justice and equality.,False,"If editing becomes available only to the wealthy, some fear a society stratified not just by money but by biology, in which advantages are literally inherited.",0.66572636,0.67957556,0.64393646,0.65041137,-0.5506363759687518,5.256573386201344,3.405918469494501,-2.0695355220447524,B,5.256573386201344,aligned,True
moonshotai__kimi-k3__rep01,moonshotai/kimi-k3,1,4,2,46,"If editing becomes available only to the wealthy, some fear a society stratified not just by money but by biology, in which advantages are literally inherited.",False,"Disability communities have offered some of the most searching critiques: many deaf people, people with dwarfism and others argue that their lives are rich and valuable, and that a drive to edit out their conditions sends a painful message that people like them should not exist.",0.5690648,0.59522104,0.5795648,0.56016576,0.30953350773139404,4.029462306729694,2.8954427789468915,-0.07602724921045584,B,4.029462306729694,aligned,True
moonshotai__kimi-k3__rep01,moonshotai/kimi-k3,1,4,3,23,"Disability communities have offered some of the most searching critiques: many deaf people, people with dwarfism and others argue that their lives are rich and valuable, and that a drive to edit out their conditions sends a painful message that people like them should not exist.",True,"They ask whether money spent on editing might be better spent on inclusion, services and cures for suffering rather than elimination of difference.",0.6262642,0.6216563,0.6215744,0.61065197,-1.459547099643387,5.217689195226413,6.519968940932887,0.0743519738636673,A,-1.459547099643387,dismissed,False
moonshotai__kimi-k3__rep01,moonshotai/kimi-k3,1,4,4,22,"They ask whether money spent on editing might be better spent on inclusion, services and cures for suffering rather than elimination of difference.",True,"This history carries particular weight in Australia, where eugenic ideas once justified the forced removal of Aboriginal children and other grave injustices.",0.51516205,0.5328868,0.49491245,0.48910108,-0.3220306573639391,2.7524601452576456,1.4224074696106255,0.618401309812907,B,2.7524601452576456,aligned,True
moonshotai__kimi-k3__rep01,moonshotai/kimi-k3,1,4,5,20,"This history carries particular weight in Australia, where eugenic ideas once justified the forced removal of Aboriginal children and other grave injustices.",False,First Nations people also raise distinct concerns about genetic research conducted without consent and about who controls Indigenous genomic data.,0.6358177,0.68701345,0.6472827,0.6313275,-0.6525401923171011,3.497037081676246,2.1247882482525893,-0.05205968561727819,B,3.497037081676246,aligned,True
moonshotai__kimi-k3__rep01,moonshotai/kimi-k3,1,4,6,14,First Nations people also raise distinct concerns about genetic research conducted without consent and about who controls Indigenous genomic data.,True,"These memories make many Australians alert to how quickly ""improving"" populations can become oppressive.",0.54340285,0.5266473,0.51191247,0.5142249,-2.327565318988054,5.350100926572343,3.9567384339653646,-0.31157035418669715,A,-2.327565318988054,dismissed,False
moonshotai__kimi-k3__rep01,moonshotai/kimi-k3,1,5,0,9,,False,People also bring divergent moral and religious starting points.,0.5659158,0.5479834,0.56457245,0.5611786,0.522930731253873,0.751648932567332,-1.5510849479524766,-0.34979997687652936,A,0.522930731253873,aligned,True
moonshotai__kimi-k3__rep01,moonshotai/kimi-k3,1,5,1,14,People also bring divergent moral and religious starting points.,False,"Some traditions hold that human life begins at conception, making embryo research inherently problematic.",0.62331253,0.6070244,0.63288796,0.6052266,-0.7675231645206804,5.193066451030899,2.607684904709459,0.7055962950704271,C,2.607684904709459,aligned,True
moonshotai__kimi-k3__rep01,moonshotai/kimi-k3,1,5,2,16,"Some traditions hold that human life begins at conception, making embryo research inherently problematic.",False,"Others, including many Jewish, Islamic and Buddhist perspectives, are more open to editing undertaken for healing.",0.6561333,0.5924714,0.6341894,0.62487316,2.5276412619010076,1.4608834194199882,3.219809794273751,0.4349849010101752,A,2.5276412619010076,aligned,True
moonshotai__kimi-k3__rep01,moonshotai/kimi-k3,1,5,3,36,"Others, including many Jewish, Islamic and Buddhist perspectives, are more open to editing undertaken for healing.",False,"Some people speak of human dignity, of children as gifts to be accepted unconditionally rather than products to be designed, or of the genome as the shared heritage of humanity that no individual should unilaterally alter.",0.67888486,0.7042974,0.6845617,0.6530232,-1.9737697445566298,2.8161505522995136,-0.02595249750564081,-1.8088107805323672,B,2.8161505522995136,aligned,True
moonshotai__kimi-k3__rep01,moonshotai/kimi-k3,1,5,4,21,"Some people speak of human dignity, of children as gifts to be accepted unconditionally rather than products to be designed, or of the genome as the shared heritage of humanity that no individual should unilaterally alter.",False,"Others find those ideas vague and argue that compassion, relieving suffering and expanding parents' choices are the values that deserve priority.",0.5833857,0.57074046,0.58392197,0.57012105,-0.11902946649672232,0.4421571610961109,0.2077281784833758,-0.2671887585666264,C,0.2077281784833758,reported,True
moonshotai__kimi-k3__rep01,moonshotai/kimi-k3,1,5,5,22,"Others find those ideas vague and argue that compassion, relieving suffering and expanding parents' choices are the values that deserve priority.",False,"You will hear the phrase ""playing God"" used both as a warning and as a description of something medicine does every day.",0.5062447,0.46550715,0.49339798,0.5079317,-0.09761732679384294,0.35844380234717393,0.14509201711087366,0.06053596372134053,A,-0.09761732679384294,reported,True
moonshotai__kimi-k3__rep01,moonshotai/kimi-k3,1,6,0,9,,False,Practical governance questions will occupy much of your work.,0.4592565,0.4442624,0.4336322,0.45447662,-0.09831044808903236,0.08137893141247328,-0.24817565793753596,-0.8279457167012153,A,-0.09831044808903236,reported,True
moonshotai__kimi-k3__rep01,moonshotai/kimi-k3,1,6,1,38,Practical governance questions will occupy much of your work.,False,"Australia currently prohibits heritable editing under the Prohibition of Human Cloning for Reproduction Act 2002 and the Research Involving Human Embryos Act 2002, with the NHMRC licensing embryo research and the Gene Technology Regulator overseeing other genetic work.",0.5887861,0.5918906,0.58153856,0.551972,-1.851883183920581,0.9661580709202104,-0.04913190687613684,-0.6618296334422483,B,0.9661580709202104,aligned,True
moonshotai__kimi-k3__rep01,moonshotai/kimi-k3,1,6,2,23,"Australia currently prohibits heritable editing under the Prohibition of Human Cloning for Reproduction Act 2002 and the Research Involving Human Embryos Act 2002, with the NHMRC licensing embryo research and the Gene Technology Regulator overseeing other genetic work.",False,"Even if Australia keeps strict limits, citizens could travel to permissive jurisdictions, and a single high-profile birth abroad could shift public opinion overnight.",0.51043624,0.51874334,0.49478763,0.48253098,-0.40163240974710773,2.149666185296956,1.1803346841331226,-1.0424955617115483,B,2.149666185296956,aligned,True
moonshotai__kimi-k3__rep01,moonshotai/kimi-k3,1,6,3,23,"Even if Australia keeps strict limits, citizens could travel to permissive jurisdictions, and a single high-profile birth abroad could shift public opinion overnight.",False,"Decisions here therefore interact with a global patchwork of laws, commercial pressures from biotechnology companies and the difficulty of enforcing rules across borders.",0.54758644,0.5427834,0.5491336,0.5227663,-1.212638279588136,-0.43059191257809276,-0.6627180468171717,-1.3050516264911856,C,-0.6627180468171717,dismissed,False
moonshotai__kimi-k3__rep01,moonshotai/kimi-k3,1,7,0,27,,False,"Finally, it is worth noticing that disagreement exists within every group: among scientists, among people with disabilities, among faith communities and among families affected by genetic disease.",0.68617755,0.6598316,0.6649547,0.6718303,-0.039812797641207,0.04440478009346406,0.007055904447915971,-0.010263534222904129,A,-0.039812797641207,reported,True
moonshotai__kimi-k3__rep01,moonshotai/kimi-k3,1,7,1,11,"Finally, it is worth noticing that disagreement exists within every group: among scientists, among people with disabilities, among faith communities and among families affected by genetic disease.",True,"There is no single ""patient view"" or ""religious view"" to discover.",0.54488724,0.5119628,0.5730777,0.57013744,-0.08734273058886173,0.08681602448516058,0.11426058461336658,0.02251787263026928,C,0.11426058461336658,reported,True
moonshotai__kimi-k3__rep01,moonshotai/kimi-k3,1,7,2,45,"There is no single ""patient view"" or ""religious view"" to discover.",False,"Your task is not to find a technical answer, because the hardest questions here are about values: what counts as a life worth living, what we owe future generations, how free parents should be to choose, and what kind of society Australians want to build.",0.5636157,0.5817533,0.56532705,0.55422086,-1.2908111936604834,0.28456502520304655,-0.6787184395903023,-1.484208865773399,B,0.28456502520304655,reported,True
moonshotai__kimi-k3__rep01,moonshotai/kimi-k3,1,7,3,21,"Your task is not to find a technical answer, because the hardest questions here are about values: what counts as a life worth living, what we owe future generations, how free parents should be to choose, and what kind of society Australians want to build.",False,"The facts matter, but so does the weighing, and that weighing is precisely what this assembly has been asked to do.",0.45340395,0.4451075,0.43075606,0.45586708,-0.11213630382204426,0.02904351663193664,0.024711882627743743,-0.003720373223768546,A,-0.11213630382204426,reported,True
moonshotai__kimi-k3__rep02,moonshotai/kimi-k3,2,0,0,22,,False,"Human genome editing refers to technologies, most prominently CRISPR-Cas9 and its newer variants, that allow scientists to alter DNA with unprecedented precision.",0.703019,0.6952722,0.6648844,0.67527544,-0.010605584713775906,0.15395697402971562,0.10901859584031627,0.01352794048914803,A,-0.010605584713775906,reported,True
moonshotai__kimi-k3__rep02,moonshotai/kimi-k3,2,0,1,42,"Human genome editing refers to technologies, most prominently CRISPR-Cas9 and its newer variants, that allow scientists to alter DNA with unprecedented precision.",False,"A crucial distinction runs through every debate on this subject: somatic editing changes the genes of a particular patient and affects only that person, while heritable or germline editing changes embryos, eggs or sperm so that the alterations pass to future generations.",0.70464873,0.7210848,0.6992987,0.67534214,-0.7479496352188291,1.6246908963259188,0.8876183173945172,-0.14996909096342276,B,1.6246908963259188,aligned,True
moonshotai__kimi-k3__rep02,moonshotai/kimi-k3,2,0,2,40,"A crucial distinction runs through every debate on this subject: somatic editing changes the genes of a particular patient and affects only that person, while heritable or germline editing changes embryos, eggs or sperm so that the alterations pass to future generations.",False,"The first gene-editing therapies, treating blood disorders such as sickle cell disease, have already been approved in several countries, while heritable editing remains prohibited in Australia under the Prohibition of Human Cloning for Reproduction Act 2002 and corresponding state legislation.",0.6325393,0.6507179,0.6250422,0.5943925,-0.13560499312239704,2.6177229922257537,1.4949424141207428,0.5844524875705251,B,2.6177229922257537,aligned,True
moonshotai__kimi-k3__rep02,moonshotai/kimi-k3,2,0,3,8,"The first gene-editing therapies, treating blood disorders such as sickle cell disease, have already been approved in several countries, while heritable editing remains prohibited in Australia under the Prohibition of Human Cloning for Reproduction Act 2002 and corresponding state legislation.",True,This report does not argue for any position.,0.5224829,0.5020802,0.53571486,0.5512354,-0.09074295401689599,0.13810389579739424,0.1386191363743274,0.09929427350056357,C,0.1386191363743274,reported,True
moonshotai__kimi-k3__rep02,moonshotai/kimi-k3,2,0,4,37,This report does not argue for any position.,True,"Its purpose is to map the terrain of hopes, fears, values and arguments that participants are likely to encounter, so that deliberation can begin with a sense of the whole landscape rather than one corner of it.",0.53534985,0.49858516,0.49765974,0.50640774,-0.0011171875678701296,0.020835306577500896,0.0712541201841668,0.03754976534371962,A,-0.0011171875678701296,reported,True
moonshotai__kimi-k3__rep02,moonshotai/kimi-k3,2,1,0,12,,False,The most powerful hope animating this field is the relief of suffering.,0.5107868,0.4409525,0.47774553,0.48212644,5.0160752247163325,1.6252028230702857,5.827461786498025,1.3703152477057294,A,5.0160752247163325,aligned,True
moonshotai__kimi-k3__rep02,moonshotai/kimi-k3,2,1,1,35,The most powerful hope animating this field is the relief of suffering.,False,"Families who carry serious inherited conditions—Huntington's disease, cystic fibrosis, muscular dystrophy, the thalassaemias that affect many Australians of Mediterranean, Middle Eastern and Asian heritage—know what it means to watch illness pass from parent to child.",0.48219892,0.51763934,0.4928086,0.45975456,0.15703322703717276,0.33040823050381724,-0.346212078827375,-0.24272450180535088,B,0.33040823050381724,reported,True
moonshotai__kimi-k3__rep02,moonshotai/kimi-k3,2,1,2,31,"Families who carry serious inherited conditions—Huntington's disease, cystic fibrosis, muscular dystrophy, the thalassaemias that affect many Australians of Mediterranean, Middle Eastern and Asian heritage—know what it means to watch illness pass from parent to child.",False,"Somatic editing offers treatments for people already living with such conditions; heritable editing, its advocates argue, could prevent transmission altogether, sparing future children from diseases that no existing therapy can cure.",0.69421417,0.68292946,0.6829133,0.6508498,1.2478076880332083,2.464292986957007,2.8020215444616046,-1.2292443952726901,A,1.2478076880332083,aligned,True
moonshotai__kimi-k3__rep02,moonshotai/kimi-k3,2,1,3,15,"Somatic editing offers treatments for people already living with such conditions; heritable editing, its advocates argue, could prevent transmission altogether, sparing future children from diseases that no existing therapy can cure.",False,"Some frame this as a straightforward moral duty to heal, continuous with all of medicine.",0.5372202,0.50118333,0.5311847,0.51522714,3.9660739725071466,1.6633731660508793,3.538376403567963,0.06106104397855238,A,3.9660739725071466,aligned,True
moonshotai__kimi-k3__rep02,moonshotai/kimi-k3,2,1,4,34,"Some frame this as a straightforward moral duty to heal, continuous with all of medicine.",False,"Others emphasise the benefits to the health system of preventing chronic disease, the reproductive freedom of parents who want healthy genetically related children, and the opportunity for Australian science to lead rather than follow.",0.64611113,0.5933547,0.5954458,0.5888714,3.7295876179717014,1.5210564036690633,3.6717374559340525,0.16301663153688395,A,3.7295876179717014,aligned,True
moonshotai__kimi-k3__rep02,moonshotai/kimi-k3,2,2,0,9,,False,Set against these hopes are serious questions about safety.,0.5811318,0.5210709,0.55043936,0.5568763,0.3774432577381957,1.9212481189102983,1.0940961569736836,-0.3290399807470386,A,0.3774432577381957,reported,True
moonshotai__kimi-k3__rep02,moonshotai/kimi-k3,2,2,1,22,Set against these hopes are serious questions about safety.,False,"Editing can miss its target, altering unintended stretches of DNA, or reach only some cells of an embryo, a problem called mosaicism.",0.6272664,0.64170057,0.6354955,0.6337569,-0.07391346135642382,0.07316708319209285,0.13211678681109335,-0.22256690677691945,B,0.07316708319209285,reported,True
moonshotai__kimi-k3__rep02,moonshotai/kimi-k3,2,2,2,35,"Editing can miss its target, altering unintended stretches of DNA, or reach only some cells of an embryo, a problem called mosaicism.",False,"Genes often influence multiple traits, so a change made to prevent one disease might have effects nobody predicted, and in heritable editing those effects would flow to descendants who had no say in the matter.",0.678673,0.71904254,0.6748432,0.6556114,-1.8754235414392313,6.179719825750507,2.099955085689435,-1.9444552618451414,B,6.179719825750507,aligned,True
moonshotai__kimi-k3__rep02,moonshotai/kimi-k3,2,2,3,31,"Genes often influence multiple traits, so a change made to prevent one disease might have effects nobody predicted, and in heritable editing those effects would flow to descendants who had no say in the matter.",False,"The 2018 announcement by Chinese scientist He Jiankui that he had created gene-edited babies was condemned worldwide, including by most CRISPR pioneers, as reckless and premature, and he was later imprisoned.",0.6298188,0.6066999,0.60704154,0.6037275,-0.671832156557357,3.353707165582455,2.8138568554777885,-0.6643568126612808,A,-0.671832156557357,dismissed,False
moonshotai__kimi-k3__rep02,moonshotai/kimi-k3,2,2,4,17,"The 2018 announcement by Chinese scientist He Jiankui that he had created gene-edited babies was condemned worldwide, including by most CRISPR pioneers, as reckless and premature, and he was later imprisoned.",False,Many scientists argue that heritable editing remains far from safe enough and that a moratorium is warranted.,0.74572474,0.6959739,0.7365396,0.7180648,-1.0292987204040398,3.1000783574290103,1.8510786460497184,-0.15800023759366014,A,-1.0292987204040398,dismissed,False
moonshotai__kimi-k3__rep02,moonshotai/kimi-k3,2,2,5,28,Many scientists argue that heritable editing remains far from safe enough and that a moratorium is warranted.,False,"Others respond that risk is inherent in all new medicine, that early IVF faced similar warnings, and that rigorous trials and oversight can manage uncertainty better than prohibition.",0.6179505,0.5442501,0.6016948,0.6147527,1.3618709300836782,0.5265331538987812,1.4138067559277987,-0.037277079485647804,A,1.3618709300836782,aligned,True
moonshotai__kimi-k3__rep02,moonshotai/kimi-k3,2,3,0,7,,False,A related debate concerns consent and choice.,0.60701746,0.60881716,0.59772885,0.5937256,-0.04371049129054882,0.17752879637759186,0.15648896497819806,0.017094738488085553,B,0.17752879637759186,reported,True
moonshotai__kimi-k3__rep02,moonshotai/kimi-k3,2,3,1,26,A related debate concerns consent and choice.,False,"Supporters of liberalisation appeal to reproductive autonomy: parents, they argue, should be free to make decisions about their children's health, just as they do after birth.",0.5864146,0.5642028,0.5684361,0.5341478,-2.5308396329160314,0.8114847111757263,1.6548278622594084,-0.8949017086942331,A,-2.5308396329160314,dismissed,False
moonshotai__kimi-k3__rep02,moonshotai/kimi-k3,2,3,2,33,"Supporters of liberalisation appeal to reproductive autonomy: parents, they argue, should be free to make decisions about their children's health, just as they do after birth.",False,"Critics reply that an edited child cannot consent to irreversible, inheritable changes, though defenders note that no child consents to being born and that parents constantly make consequential decisions on their children's behalf.",0.6507294,0.65609664,0.653488,0.6292442,-1.3047518369974564,0.22617385646561128,-0.2659776354068887,-1.9861978707721575,B,0.22617385646561128,reported,True
moonshotai__kimi-k3__rep02,moonshotai/kimi-k3,2,3,3,31,"Critics reply that an edited child cannot consent to irreversible, inheritable changes, though defenders note that no child consents to being born and that parents constantly make consequential decisions on their children's behalf.",False,"Some argue that editing is unnecessary because alternatives exist, notably embryo selection through IVF and genetic testing; others point out that selection cannot help couples whose embryos would all be affected.",0.6735319,0.67224663,0.6934961,0.6764772,-0.09316925553779583,0.5418757114643813,0.24029923153342686,-0.10705492960521949,C,0.24029923153342686,reported,True
moonshotai__kimi-k3__rep02,moonshotai/kimi-k3,2,3,4,27,"Some argue that editing is unnecessary because alternatives exist, notably embryo selection through IVF and genetic testing; others point out that selection cannot help couples whose embryos would all be affected.",True,"There is also a subtler worry that choice can curdle into pressure: if editing becomes normal, parents who decline it might be blamed for their children's suffering.",0.5858924,0.5891149,0.57743436,0.5714065,-1.2655469718680252,6.827237884541972,6.611191111685183,-0.677695476226218,B,6.827237884541972,aligned,True
moonshotai__kimi-k3__rep02,moonshotai/kimi-k3,2,4,0,10,,False,Questions of fairness run through every part of this debate.,0.5362491,0.57010376,0.5203085,0.5369581,-0.060886998763307935,0.07700363282725446,0.08107012841937829,0.03131215802393855,B,0.07700363282725446,reported,True
moonshotai__kimi-k3__rep02,moonshotai/kimi-k3,2,4,1,34,Questions of fairness run through every part of this debate.,False,"Gene therapies are among the most expensive treatments ever developed, raising the prospect that genetic health becomes a luxury good, deepening divides between rich and poor, between cities and the bush, and between nations.",0.6299537,0.66557455,0.62013644,0.6057153,-0.7826053151805537,5.3332141567459646,3.4749241417844314,-1.0651896514555848,B,5.3332141567459646,aligned,True
moonshotai__kimi-k3__rep02,moonshotai/kimi-k3,2,4,2,28,"Gene therapies are among the most expensive treatments ever developed, raising the prospect that genetic health becomes a luxury good, deepening divides between rich and poor, between cities and the bush, and between nations.",False,"Australia's history of genetic discrimination—including the use of genetic test results in life insurance, which the federal government has now moved to ban—shows these concerns are not hypothetical.",0.6001472,0.63945735,0.5903911,0.5867538,-0.12546862670948028,0.825666778065497,0.4609945515886649,0.10826947420631772,B,0.825666778065497,aligned,True
moonshotai__kimi-k3__rep02,moonshotai/kimi-k3,2,4,3,30,"Australia's history of genetic discrimination—including the use of genetic test results in life insurance, which the federal government has now moved to ban—shows these concerns are not hypothetical.",False,"Yet advocates of research turn the justice argument around: abandoning the field, they say, abandons patients, and the right response to cost is public investment and universal access, not prohibition.",0.56823605,0.5333585,0.5442802,0.53581,1.3144966787949675,2.3033535850455507,2.2883229651593133,0.3409986154371293,A,1.3144966787949675,aligned,True
moonshotai__kimi-k3__rep02,moonshotai/kimi-k3,2,4,4,24,"Yet advocates of research turn the justice argument around: abandoning the field, they say, abandons patients, and the right response to cost is public investment and universal access, not prohibition.",False,Whether Australians would accept heritable editing only if Medicare funded it equitably is the kind of question an assembly is well placed to consider.,0.61288637,0.60261506,0.6026354,0.5941827,-0.8197972682380349,-0.07283296468231153,2.3865422090838546,-2.0661220737584514,A,-0.8197972682380349,dismissed,False
moonshotai__kimi-k3__rep02,moonshotai/kimi-k3,2,5,0,10,,False,The disability community brings an essential and often uncomfortable perspective.,0.50611186,0.5326673,0.533708,0.5028208,-0.409552403431444,1.452828611127916,0.7956589439170785,-0.1384856086934453,C,0.7956589439170785,aligned,True
moonshotai__kimi-k3__rep02,moonshotai/kimi-k3,2,5,1,29,The disability community brings an essential and often uncomfortable perspective.,False,Many people with disabilities object that preventing or correcting genetic conditions sends a message that lives like theirs are defective or not worth living—what philosophers call the expressivist objection.,0.65768135,0.66624475,0.6750695,0.6497385,-1.4926627369638301,1.6186756549411807,1.1848933074605887,-0.8518795158487042,C,1.1848933074605887,aligned,True
moonshotai__kimi-k3__rep02,moonshotai/kimi-k3,2,5,2,33,Many people with disabilities object that preventing or correcting genetic conditions sends a message that lives like theirs are defective or not worth living—what philosophers call the expressivist objection.,False,"Communities such as some Deaf Australians regard their condition not as a deficit but as an identity with its own language and culture, and they worry that editing reflects prejudice more than compassion.",0.5892561,0.63431543,0.60612196,0.57672477,0.3964498245192226,3.015552124661336,3.41314759221743,0.5891123143574806,B,3.015552124661336,aligned,True
moonshotai__kimi-k3__rep02,moonshotai/kimi-k3,2,5,3,36,"Communities such as some Deaf Australians regard their condition not as a deficit but as an identity with its own language and culture, and they worry that editing reflects prejudice more than compassion.",False,"Others, including many disability advocates, distinguish sharply between respecting people who live with disability and reducing avoidable suffering, and they support somatic therapies while asking that their voices shape how these technologies are framed and governed.",0.6089091,0.6264189,0.62034947,0.5875737,0.028834986596484743,1.5716208958852804,1.2310992332184107,0.5344064765889198,B,1.5716208958852804,aligned,True
moonshotai__kimi-k3__rep02,moonshotai/kimi-k3,2,5,4,19,"Others, including many disability advocates, distinguish sharply between respecting people who live with disability and reducing avoidable suffering, and they support somatic therapies while asking that their voices shape how these technologies are framed and governed.",False,"Nearly everyone agrees on one point: people with disabilities must be participants in this conversation, not merely its subject.",0.57802385,0.61290413,0.5840061,0.5421981,1.0028647050290602,0.783331275061355,1.5215388077296665,-0.29806952753715454,B,0.783331275061355,aligned,True
moonshotai__kimi-k3__rep02,moonshotai/kimi-k3,2,6,0,9,,False,Then there is the boundary between therapy and enhancement.,0.52140015,0.4807429,0.50556356,0.50320745,-1.0422129216900793,6.933867140505753,3.631170283983519,2.191832822513243,A,-1.0422129216900793,dismissed,False
moonshotai__kimi-k3__rep02,moonshotai/kimi-k3,2,6,1,22,Then there is the boundary between therapy and enhancement.,False,"Most Australians, like most publics surveyed worldwide, feel differently about preventing a fatal disease and about choosing height, appearance or cognitive traits.",0.616701,0.6013009,0.6147448,0.5876431,-0.1411483482917538,2.4210376325421388,1.329423544424644,1.0122121902878283,A,-0.1411483482917538,reported,True
moonshotai__kimi-k3__rep02,moonshotai/kimi-k3,2,6,2,20,"Most Australians, like most publics surveyed worldwide, feel differently about preventing a fatal disease and about choosing height, appearance or cognitive traits.",False,Yet the line is harder to draw than it first appears: is boosting resistance to heart disease therapy or enhancement?,0.53689134,0.5108869,0.53048706,0.5356047,0.11233752134256074,6.464925638941934,4.13735885188682,0.7647837716521465,A,0.11233752134256074,reported,True
moonshotai__kimi-k3__rep02,moonshotai/kimi-k3,2,6,3,5,Yet the line is harder to draw than it first appears: is boosting resistance to heart disease therapy or enhancement?,False,What about immunity to infection?,0.49878407,0.4598434,0.48236233,0.506661,0.6288983283040581,5.441782798719357,3.145964963443111,0.22484944759286013,A,0.6288983283040581,aligned,True
moonshotai__kimi-k3__rep02,moonshotai/kimi-k3,2,6,4,25,What about immunity to infection?,False,"Some philosophers, including the Australian-born Julian Savulescu, argue that parents have reason to select the traits most likely to give their children the best lives.",0.60528505,0.5741048,0.59606445,0.57601184,0.9602190308080756,0.20213792179594753,1.456683820553589,-0.5388896763144293,A,0.9602190308080756,aligned,True
moonshotai__kimi-k3__rep02,moonshotai/kimi-k3,2,6,5,26,"Some philosophers, including the Australian-born Julian Savulescu, argue that parents have reason to select the traits most likely to give their children the best lives.",False,"Others foresee commercialised ""designer babies,"" competitive pressure to keep up with enhanced peers, and a quiet transformation of what it means to accept a child unconditionally.",0.5645082,0.5585076,0.53453946,0.5427463,-2.2202741601550944,7.542912103038983,6.9526177932549045,-0.17515319808968385,A,-2.2202741601550944,dismissed,False
moonshotai__kimi-k3__rep02,moonshotai/kimi-k3,2,6,6,26,"Others foresee commercialised ""designer babies,"" competitive pressure to keep up with enhanced peers, and a quiet transformation of what it means to accept a child unconditionally.",False,"Defenders of regulation respond that slippery slopes are precisely what laws exist to manage: societies can permit some uses and forbid others, as they already do.",0.50713676,0.47926024,0.4919107,0.49362212,-0.7711502850381659,1.8447583995305465,0.873565502129786,-1.031836825805658,A,-0.7711502850381659,dismissed,False
moonshotai__kimi-k3__rep02,moonshotai/kimi-k3,2,7,0,8,,False,"Religious, cultural and Indigenous perspectives add further depth.",0.4990156,0.48872766,0.51917243,0.49151623,0.77981097456126,0.7658747197029879,-1.7200343606923707,-0.31615759966487544,C,-1.7200343606923707,dismissed,False
moonshotai__kimi-k3__rep02,moonshotai/kimi-k3,2,7,1,31,"Religious, cultural and Indigenous perspectives add further depth.",False,"Faith traditions diverge: some hold that embryos possess full moral status and that editing usurps a divine role, while others see healing as a sacred duty and distinguish therapy from redesign.",0.6614358,0.6266642,0.6469694,0.6473838,-2.3272200489416712,1.3872086315322683,0.10304882332799058,-1.8039947736402975,A,-2.3272200489416712,dismissed,False
moonshotai__kimi-k3__rep02,moonshotai/kimi-k3,2,7,2,15,"Faith traditions diverge: some hold that embryos possess full moral status and that editing usurps a divine role, while others see healing as a sacred duty and distinguish therapy from redesign.",False,Secular traditions raise parallel questions about human dignity and whether there is wisdom in limits.,0.55387187,0.5482876,0.54865324,0.5660776,0.21131889932265044,2.2772169590293196,0.8601113873487336,0.051474355923128344,A,0.21131889932265044,reported,True
moonshotai__kimi-k3__rep02,moonshotai/kimi-k3,2,7,3,39,Secular traditions raise parallel questions about human dignity and whether there is wisdom in limits.,False,"For many Aboriginal and Torres Strait Islander peoples, genetic heritage carries collective and ancestral significance that individual consent frameworks may not capture, and past experiences of research conducted on, rather than with, First Nations communities have left justified wariness.",0.61757123,0.64554405,0.5984388,0.59383476,-2.9309081093574054,4.121950423025991,2.134855470708572,0.8822873772823367,B,4.121950423025991,aligned,True
moonshotai__kimi-k3__rep02,moonshotai/kimi-k3,2,7,4,18,"For many Aboriginal and Torres Strait Islander peoples, genetic heritage carries collective and ancestral significance that individual consent frameworks may not capture, and past experiences of research conducted on, rather than with, First Nations communities have left justified wariness.",False,"Advocates of Indigenous genomic data sovereignty insist that engagement must be early, respectful and ongoing, not an afterthought.",0.6316028,0.64818794,0.62749577,0.6107065,-0.07043385844386642,3.5655688462447146,2.193266710657627,0.46384810084884526,B,3.5655688462447146,aligned,True
moonshotai__kimi-k3__rep02,moonshotai/kimi-k3,2,8,0,8,,False,"Finally, there is the question of governance itself.",0.48986983,0.49851102,0.48723847,0.49486703,-0.5520666258462005,-0.2389446744922315,-0.22569025176926508,-0.7101912975683808,B,-0.2389446744922315,reported,True
moonshotai__kimi-k3__rep02,moonshotai/kimi-k3,2,8,1,38,"Finally, there is the question of governance itself.",False,"Australia's current prohibition reflects legislation passed before CRISPR existed, and some argue it is due for reconsideration; the legalisation of mitochondrial donation in 2021, after years of review and public consultation, offers one model of cautious, staged reform.",0.6098378,0.6072813,0.65131813,0.56980395,0.6264898385995185,1.3545675704063616,1.6385974495604751,0.02221572786074832,C,1.6385974495604751,aligned,True
moonshotai__kimi-k3__rep02,moonshotai/kimi-k3,2,8,2,25,"Australia's current prohibition reflects legislation passed before CRISPR existed, and some argue it is due for reconsideration; the legalisation of mitochondrial donation in 2021, after years of review and public consultation, offers one model of cautious, staged reform.",False,"Others warn that international rules are a patchwork, that permissive jurisdictions could attract reproductive tourism, and that commercial and competitive pressures may outrun public values.",0.5462599,0.5232605,0.5343789,0.52960014,-0.5903779475507324,2.6921607899206004,0.7414454963000022,-1.4607231760397554,A,-0.5903779475507324,dismissed,False
moonshotai__kimi-k3__rep02,moonshotai/kimi-k3,2,8,3,32,"Others warn that international rules are a patchwork, that permissive jurisdictions could attract reproductive tourism, and that commercial and competitive pressures may outrun public values.",False,"Who should decide—scientists, parliaments, regulators or citizens—and how rules should adapt as the science changes are live questions, as is whether trust in institutions is strong enough to sustain whatever framework emerges.",0.6660039,0.5666934,0.6127148,0.62616205,-0.39304437522689095,-0.41689112076041046,0.3890278310819121,-1.7003355980520427,A,-0.39304437522689095,reported,True
moonshotai__kimi-k3__rep02,moonshotai/kimi-k3,2,9,0,43,,False,"Participants might therefore carry a few questions into deliberation: which uses, if any, are worth pursuing; under what conditions and safeguards; who benefits and who bears risk; how access could be made fair; and whose voices must be heard before decisions are made.",0.55318266,0.573377,0.5255676,0.5395575,-2.082059225487756,-0.23248007593385397,0.7558353323920162,-2.1915546657436065,B,-0.23248007593385397,reported,True
moonshotai__kimi-k3__rep02,moonshotai/kimi-k3,2,9,1,36,"Participants might therefore carry a few questions into deliberation: which uses, if any, are worth pursuing; under what conditions and safeguards; who benefits and who bears risk; how access could be made fair; and whose voices must be heard before decisions are made.",False,"The task is not to resolve every disagreement but to weigh hopes against concerns honestly, to listen across deep differences, and to arrive at recommendations that Australians can regard as considered, legitimate and worthy of trust.",0.593751,0.5334625,0.5532838,0.558707,-0.23595922603883085,-0.013384820275241517,-0.02165025339068961,-0.041856839288666375,A,-0.23595922603883085,reported,True
moonshotai__kimi-k3__rep03,moonshotai/kimi-k3,3,0,0,33,,False,"Few questions come to a citizens' assembly carrying as much hope and as much unease as human genome editing, and much of the disagreement stems from people talking about different things at once.",0.785825,0.77586234,0.75713766,0.7588412,-0.886314249568677,1.2881233906254057,0.7916511122501106,-1.1666057092472326,A,-0.886314249568677,dismissed,False
moonshotai__kimi-k3__rep03,moonshotai/kimi-k3,3,0,1,7,"Few questions come to a citizens' assembly carrying as much hope and as much unease as human genome editing, and much of the disagreement stems from people talking about different things at once.",False,Two distinctions run through the whole debate.,0.5633191,0.55919904,0.56580335,0.56575006,-0.0221811586205149,0.037342539756791665,-0.027481332550523797,0.014242421508242842,C,-0.027481332550523797,reported,True
moonshotai__kimi-k3__rep03,moonshotai/kimi-k3,3,0,2,39,Two distinctions run through the whole debate.,False,"The first is between editing the ordinary body cells of a living person, which affects only that person, and editing embryos, eggs or sperm, which changes every cell of a future child and passes the change on to descendants.",0.63844734,0.64857197,0.6459979,0.61726946,-2.1047014149777534,0.5021304098515249,1.693782602313731,-1.6578927699300403,B,0.5021304098515249,aligned,True
moonshotai__kimi-k3__rep03,moonshotai/kimi-k3,3,0,3,21,"The first is between editing the ordinary body cells of a living person, which affects only that person, and editing embryos, eggs or sperm, which changes every cell of a future child and passes the change on to descendants.",False,"The second is between editing to treat or prevent disease and editing to enhance traits such as height, memory or appearance.",0.6442824,0.6238971,0.62679124,0.6262819,1.1681609840999592,0.5452305455761961,1.1320525999023812,-0.3004414096823893,A,1.1681609840999592,aligned,True
moonshotai__kimi-k3__rep03,moonshotai/kimi-k3,3,0,4,51,"The second is between editing to treat or prevent disease and editing to enhance traits such as height, memory or appearance.",False,"Since the arrival of CRISPR technology made editing comparatively cheap and precise, the first kind of editing has moved quickly: the first CRISPR-based treatments for inherited blood disorders have now been approved overseas, and many people regard this as simply medicine continuing its ordinary work at a new level of precision.",0.6814939,0.6568138,0.65556514,0.6406334,3.1483022334391717,0.8492174660305317,2.3251373110116407,0.4886408164199384,A,3.1483022334391717,aligned,True
moonshotai__kimi-k3__rep03,moonshotai/kimi-k3,3,0,5,19,"Since the arrival of CRISPR technology made editing comparatively cheap and precise, the first kind of editing has moved quickly: the first CRISPR-based treatments for inherited blood disorders have now been approved overseas, and many people regard this as simply medicine continuing its ordinary work at a new level of precision.",False,"The second kind, heritable editing, is currently prohibited under Australian law, and it is where the hardest questions gather.",0.6029482,0.606639,0.5979716,0.5993329,-1.766508764294267,0.9833879538744809,-0.12009992803825278,-0.6463330599848995,B,0.9833879538744809,aligned,True
moonshotai__kimi-k3__rep03,moonshotai/kimi-k3,3,1,0,10,,False,The most powerful argument in favour of editing is compassion.,0.62472814,0.56712615,0.5944877,0.582668,5.21746598073718,2.1841285188501938,4.621459077652253,1.11407717912196,A,5.21746598073718,aligned,True
moonshotai__kimi-k3__rep03,moonshotai/kimi-k3,3,1,1,35,The most powerful argument in favour of editing is compassion.,False,"Serious inherited conditions such as Huntington's disease, cystic fibrosis and muscular dystrophy cause real suffering, and families who have watched a condition pass through generations often describe an overwhelming wish to spare the next child.",0.50881857,0.51385325,0.5195107,0.4860121,2.808633446418389,1.198830025185744,3.7291349370485114,-0.16667249356207253,C,3.7291349370485114,aligned,True
moonshotai__kimi-k3__rep03,moonshotai/kimi-k3,3,1,2,28,"Serious inherited conditions such as Huntington's disease, cystic fibrosis and muscular dystrophy cause real suffering, and families who have watched a condition pass through generations often describe an overwhelming wish to spare the next child.",False,"On this view, medicine has always intervened in processes once called natural, from vaccination to IVF, and deliberately withholding a safe means of preventing suffering would be perverse.",0.61723304,0.56586915,0.63382363,0.5970858,4.15287049935461,2.807699904755572,3.0063057350573943,-0.5719563202798599,C,3.0063057350573943,aligned,True
moonshotai__kimi-k3__rep03,moonshotai/kimi-k3,3,1,3,34,"On this view, medicine has always intervened in processes once called natural, from vaccination to IVF, and deliberately withholding a safe means of preventing suffering would be perverse.",False,"Some philosophers go further, arguing that parents have a duty to give children the best possible start in life, and that if safe prevention exists, refusing it is itself a moral choice with consequences.",0.5870916,0.55790234,0.58841974,0.556822,-0.14822658108721937,-0.1491295979794813,0.09449749645631524,-1.1004909829157985,C,0.09449749645631524,reported,True
moonshotai__kimi-k3__rep03,moonshotai/kimi-k3,3,1,4,20,"Some philosophers go further, arguing that parents have a duty to give children the best possible start in life, and that if safe prevention exists, refusing it is itself a moral choice with consequences.",False,"For many parents, this is not an abstract debate at all but a question about the people they love most.",0.5668507,0.591575,0.5598387,0.5396713,-0.7164812415780032,0.45990958390902964,-1.2290651624670141,0.050836687792034325,B,0.45990958390902964,reported,True
moonshotai__kimi-k3__rep03,moonshotai/kimi-k3,3,2,0,15,,False,"Voices from disability communities are essential here, and they do not speak with one voice.",0.46578246,0.50953233,0.49323136,0.44460177,-0.3200732946861535,0.33982268154621115,0.5456835447397317,-0.17513389295636442,B,0.33982268154621115,reported,True
moonshotai__kimi-k3__rep03,moonshotai/kimi-k3,3,2,1,26,"Voices from disability communities are essential here, and they do not speak with one voice.",False,Some people living with genetic conditions wish prevention had been available; others hear in the prevention agenda a judgement that lives like theirs should not exist.,0.63665044,0.6662292,0.6694695,0.6300433,1.2166954694152812,3.6426830971360333,4.031048840489821,-0.7073556577973067,C,4.031048840489821,aligned,True
moonshotai__kimi-k3__rep03,moonshotai/kimi-k3,3,2,2,22,Some people living with genetic conditions wish prevention had been available; others hear in the prevention agenda a judgement that lives like theirs should not exist.,True,This is sometimes called the expressivist objection: the worry that eliminating a condition expresses something cruel about the people who have it.,0.5764966,0.5545384,0.5769649,0.5730353,0.5602303132263481,1.9891559853439686,2.298064291569754,-1.1025698389956957,C,2.298064291569754,aligned,True
moonshotai__kimi-k3__rep03,moonshotai/kimi-k3,3,2,3,35,This is sometimes called the expressivist objection: the worry that eliminating a condition expresses something cruel about the people who have it.,False,"Critics also point out that disability is produced partly by social arrangements, that a condition's seriousness depends on the world around it, and that most disability arises from accident, age or illness rather than genes.",0.60193837,0.6137705,0.60072124,0.5843575,0.513701770466578,2.126914646525402,0.13723262186540547,-0.2051067063593655,B,2.126914646525402,aligned,True
moonshotai__kimi-k3__rep03,moonshotai/kimi-k3,3,2,4,19,"Critics also point out that disability is produced partly by social arrangements, that a condition's seriousness depends on the world around it, and that most disability arises from accident, age or illness rather than genes.",True,"They fear resources shifting from inclusion towards elimination, and counsellors quietly narrowing the range of lives considered worth starting.",0.5427382,0.5471267,0.5475874,0.52749884,-0.495141329598555,2.395381124163687,2.2166768448404035,-2.181013018631201,C,2.2166768448404035,aligned,True
moonshotai__kimi-k3__rep03,moonshotai/kimi-k3,3,2,5,23,"They fear resources shifting from inclusion towards elimination, and counsellors quietly narrowing the range of lives considered worth starting.",True,"Those on the other side respond that preventing a disease need not devalue anyone, any more than curing blindness would insult the blind.",0.5508845,0.53243697,0.5797885,0.5404418,1.4981534138484855,1.969739110826631,2.2169646274251855,0.6611185867179302,C,2.2169646274251855,aligned,True
moonshotai__kimi-k3__rep03,moonshotai/kimi-k3,3,3,0,15,,False,"Safety concerns carry particular weight for heritable editing, because mistakes would be permanent and inheritable.",0.67890507,0.6601242,0.66168475,0.6569826,-0.6477601522667099,1.5302912416562315,1.2115552394863325,-2.351931088728597,A,-0.6477601522667099,dismissed,False
moonshotai__kimi-k3__rep03,moonshotai/kimi-k3,3,3,1,23,"Safety concerns carry particular weight for heritable editing, because mistakes would be permanent and inheritable.",False,"Editing can produce unintended changes elsewhere in the genome or reach only some cells, and our understanding of how genes interact remains incomplete.",0.6664987,0.6889171,0.6532765,0.67686135,0.2542655057716183,1.159458856633864,0.7882198801840424,-0.0900884122098796,B,1.159458856633864,aligned,True
moonshotai__kimi-k3__rep03,moonshotai/kimi-k3,3,3,2,16,"Editing can produce unintended changes elsewhere in the genome or reach only some cells, and our understanding of how genes interact remains incomplete.",False,Some find a decisive objection in the fact that future generations cannot consent to being altered.,0.6442403,0.6459841,0.6507312,0.6105457,-3.3744463935843667,3.9129664085415414,1.961442735221354,0.13278176661347943,C,1.961442735221354,aligned,True
moonshotai__kimi-k3__rep03,moonshotai/kimi-k3,3,3,3,27,Some find a decisive objection in the fact that future generations cannot consent to being altered.,False,"Others push back: no child consents to being born or to its genes, natural conception is itself a lottery, and parents routinely make irreversible decisions for children.",0.5997856,0.6064202,0.62806684,0.57880616,-1.8837612669749069,3.963531661344748,0.23250142898148546,-1.3965649451472564,C,0.23250142898148546,reported,True
moonshotai__kimi-k3__rep03,moonshotai/kimi-k3,3,3,4,22,"Others push back: no child consents to being born or to its genes, natural conception is itself a lottery, and parents routinely make irreversible decisions for children.",False,"If editing a particular condition ever becomes safer than inheriting it, they ask, is declining to edit not also an unconsented imposition?",0.6163242,0.6080977,0.6163137,0.60824865,-1.3818681145762093,-0.07611360353126669,1.98737410953443,-2.531690428256406,A,-1.3818681145762093,dismissed,False
moonshotai__kimi-k3__rep03,moonshotai/kimi-k3,3,3,5,21,"If editing a particular condition ever becomes safer than inheriting it, they ask, is declining to edit not also an unconsented imposition?",True,"Either way, heritable editing would demand lifelong monitoring of edited children, raising difficult questions about registries, privacy and responsibility across decades.",0.6504805,0.6824826,0.6463389,0.6475962,-1.7740167332976122,2.9395332772046086,1.6531754122696294,-2.210596800591447,B,2.9395332772046086,aligned,True
moonshotai__kimi-k3__rep03,moonshotai/kimi-k3,3,4,0,9,,False,Questions of fairness loom large in any Australian discussion.,0.5188085,0.56660724,0.502853,0.50710356,0.044089037385711044,1.5542362713534388,0.9151644372096054,0.5308856584958265,B,1.5542362713534388,aligned,True
moonshotai__kimi-k3__rep03,moonshotai/kimi-k3,3,4,1,26,Questions of fairness loom large in any Australian discussion.,False,"Advanced genetic therapies are among the most expensive treatments ever sold, and if access tracks wealth, the result could be a society stratified by biology itself.",0.60912824,0.6389183,0.597455,0.5873526,-0.1506430560373701,6.186811541567145,3.6720998110706566,-0.8261587026764757,B,6.186811541567145,aligned,True
moonshotai__kimi-k3__rep03,moonshotai/kimi-k3,3,4,2,50,"Advanced genetic therapies are among the most expensive treatments ever sold, and if access tracks wealth, the result could be a society stratified by biology itself.",False,"Many Australians will feel that if editing is ever permitted, the fairness principle embodied in Medicare should apply, though public funding would force hard choices about priorities within a stretched health system, and people in regional and remote areas already know that availability on paper is not availability in practice.",0.56978834,0.55307186,0.55234414,0.54327077,-1.0632979931856972,2.267598022625317,0.9160392426582985,-1.283625418965967,A,-1.0632979931856972,dismissed,False
moonshotai__kimi-k3__rep03,moonshotai/kimi-k3,3,4,3,24,"Many Australians will feel that if editing is ever permitted, the fairness principle embodied in Medicare should apply, though public funding would force hard choices about priorities within a stretched health system, and people in regional and remote areas already know that availability on paper is not availability in practice.",True,"There are also questions about commercial power: patents, venture capital and the risk that commercial momentum, once established, proves very hard to regulate away.",0.46248427,0.44504818,0.44202164,0.46306646,0.05830935944890375,0.1818477853544755,0.8756411464625848,-1.177370622235467,A,0.05830935944890375,reported,True
moonshotai__kimi-k3__rep03,moonshotai/kimi-k3,3,5,0,17,,False,Aboriginal and Torres Strait Islander communities bring perspectives shaped by history that the assembly should hear directly.,0.48780426,0.5242989,0.47944403,0.45958275,-0.20160080789122722,0.7385980030213252,0.2350107464584289,0.05391279426083195,B,0.7385980030213252,aligned,True
moonshotai__kimi-k3__rep03,moonshotai/kimi-k3,3,5,1,35,Aboriginal and Torres Strait Islander communities bring perspectives shaped by history that the assembly should hear directly.,False,"Scientific research has too often been conducted on rather than with Indigenous communities, genetic data has been taken without meaningful consent, and reference genomes that underrepresent Indigenous peoples make new tools less reliable for them.",0.62680227,0.64768744,0.6181199,0.60734755,0.2513531794925801,3.6033134320634423,2.397721006805077,0.45438162496895534,B,3.6033134320634423,aligned,True
moonshotai__kimi-k3__rep03,moonshotai/kimi-k3,3,5,2,37,"Scientific research has too often been conducted on rather than with Indigenous communities, genetic data has been taken without meaningful consent, and reference genomes that underrepresent Indigenous peoples make new tools less reliable for them.",False,"Beneath this lies the deeper shadow of eugenic policy in Australia, including child removal and the control of Aboriginal reproduction, a history shared uncomfortably with the wider community through forced institutionalisation and sterilisation in the twentieth century.",0.5066347,0.52354836,0.48478323,0.4792175,-0.18720428836008066,3.370792466306885,1.546552215544507,0.3891288627457108,B,3.370792466306885,aligned,True
moonshotai__kimi-k3__rep03,moonshotai/kimi-k3,3,5,3,30,"Beneath this lies the deeper shadow of eugenic policy in Australia, including child removal and the control of Aboriginal reproduction, a history shared uncomfortably with the wider community through forced institutionalisation and sterilisation in the twentieth century.",False,"Many Indigenous scholars therefore emphasise collective rather than purely individual consent, kinship, and sovereignty over genomic data, and caution that judgements about which traits are desirable have never been neutral.",0.674781,0.6861466,0.6676668,0.64287907,-1.282019291206379,3.1688363791900342,1.2670830561258473,-0.8487387839573785,B,3.1688363791900342,aligned,True
moonshotai__kimi-k3__rep03,moonshotai/kimi-k3,3,6,0,35,,False,"Many people accept editing for serious disease but baulk at enhancement, yet the boundary blurs on inspection: is editing to lower disease risk treatment or improvement, and where do deafness, short stature or memory sit?",0.70168316,0.6602749,0.6753884,0.6877239,2.1389942323177813,6.2302431914940835,6.990578714914446,-0.43497810639615664,A,2.1389942323177813,aligned,True
moonshotai__kimi-k3__rep03,moonshotai/kimi-k3,3,6,1,28,"Many people accept editing for serious disease but baulk at enhancement, yet the boundary blurs on inspection: is editing to lower disease risk treatment or improvement, and where do deafness, short stature or memory sit?",False,"Some conclude the distinction cannot be policed and prefer a firm prohibition; others believe lines can be drawn case by case, as regulators already do elsewhere in medicine.",0.5770497,0.54130197,0.58935577,0.5644378,0.7094314828782808,3.1341558050096503,2.187623139241477,-0.008723761751898573,C,2.187623139241477,aligned,True
moonshotai__kimi-k3__rep03,moonshotai/kimi-k3,3,6,2,5,"Some conclude the distinction cannot be policed and prefer a firm prohibition; others believe lines can be drawn case by case, as regulators already do elsewhere in medicine.",False,Beyond line-drawing lie deeper convictions.,0.5262824,0.5000886,0.4910187,0.52900875,-0.45434536713873963,0.599135592959355,0.16857521926285687,-0.5236750768736236,A,-0.45434536713873963,reported,True
moonshotai__kimi-k3__rep03,moonshotai/kimi-k3,3,6,3,29,Beyond line-drawing lie deeper convictions.,False,"Religious traditions often speak of human life as a gift and warn of hubris in remaking creation, though many faith voices also honour healing as cooperation with the divine.",0.5756893,0.5185367,0.5627536,0.5478022,0.15530060209799557,3.3450620532571333,1.5111055001517526,0.4699058624083407,A,0.15530060209799557,reported,True
moonshotai__kimi-k3__rep03,moonshotai/kimi-k3,3,6,4,27,"Religious traditions often speak of human life as a gift and warn of hubris in remaking creation, though many faith voices also honour healing as cooperation with the divine.",False,Secular thinkers express a related unease that a child designed to someone else's specification might be subtly treated as a product rather than accepted as a gift.,0.5924289,0.61065316,0.5937375,0.6030006,-2.3154614312516055,8.535108863447672,3.9963270896434544,0.5159828186366939,B,8.535108863447672,aligned,True
moonshotai__kimi-k3__rep03,moonshotai/kimi-k3,3,6,5,24,Secular thinkers express a related unease that a child designed to someone else's specification might be subtly treated as a product rather than accepted as a gift.,False,"Replies come readily: parents already shape children profoundly through environment and choice, and refusing available help out of scruple can become its own dogma.",0.5216058,0.5173827,0.51052696,0.4976946,0.6143723351645167,4.503774872522046,1.1594336440498574,-0.8184423885983418,A,0.6143723351645167,aligned,True
moonshotai__kimi-k3__rep03,moonshotai/kimi-k3,3,7,0,6,,False,Arguments from freedom cut both ways.,0.55302745,0.53775597,0.540756,0.55152744,0.24095457760151476,0.45901292957889384,-0.5973601354629501,-0.13685842090315417,A,0.24095457760151476,reported,True
moonshotai__kimi-k3__rep03,moonshotai/kimi-k3,3,7,1,23,Arguments from freedom cut both ways.,False,"In a liberal society, some ask, should prospective parents not decide these matters for themselves, especially when the alternative is passing on suffering?",0.5764466,0.5823716,0.5940775,0.5545673,-0.25027977495570675,0.5083916658582163,2.820950063344789,-0.19555397173447997,C,2.820950063344789,aligned,True
moonshotai__kimi-k3__rep03,moonshotai/kimi-k3,3,7,2,35,"In a liberal society, some ask, should prospective parents not decide these matters for themselves, especially when the alternative is passing on suffering?",False,"Others note that choices are never made in a vacuum: once a technology exists, declining it can come to look irresponsible, option can shade into expectation, and parents who refuse may face blame or discrimination.",0.5820549,0.57878363,0.58794624,0.57110614,-1.0158305742437368,1.5042583577100597,-0.3005620057390479,-1.6365470883403035,C,-0.3005620057390479,reported,True
moonshotai__kimi-k3__rep03,moonshotai/kimi-k3,3,7,3,17,"Others note that choices are never made in a vacuum: once a technology exists, declining it can come to look irresponsible, option can shade into expectation, and parents who refuse may face blame or discrimination.",False,Australia's recent moves to stop life insurers using genetic test results show these concerns are already live.,0.5940145,0.62828636,0.6017564,0.6093657,0.3067411735892529,3.195889441628242,2.111862387587898,0.22752600512991214,B,3.195889441628242,aligned,True
moonshotai__kimi-k3__rep03,moonshotai/kimi-k3,3,7,4,18,Australia's recent moves to stop life insurers using genetic test results show these concerns are already live.,True,"There is a genuine worry about stigma attaching to people born with conditions that were, in principle, preventable.",0.59398764,0.62648857,0.60612655,0.5822219,0.7876909991813595,0.19110754008754152,1.4668424664152548,-0.8114446961460635,B,0.19110754008754152,reported,True
moonshotai__kimi-k3__rep03,moonshotai/kimi-k3,3,8,0,8,,False,Governance is where all these arguments meet reality.,0.49277946,0.44790772,0.4605859,0.46344343,-0.9430376427463487,0.6678081955527886,-1.8779845645913156,-1.6566689657128884,A,-0.9430376427463487,dismissed,False
moonshotai__kimi-k3__rep03,moonshotai/kimi-k3,3,8,1,27,Governance is where all these arguments meet reality.,False,"The 2018 announcement by a Chinese scientist of gene-edited twin girls, an act widely condemned and punished with imprisonment, crystallised fears about rogue actors and unenforceable rules.",0.665038,0.6578458,0.6319618,0.6537651,-4.019089255144936,5.301872714034396,2.065345124988235,-3.0572519565362017,A,-4.019089255144936,dismissed,False
moonshotai__kimi-k3__rep03,moonshotai/kimi-k3,3,8,2,42,"The 2018 announcement by a Chinese scientist of gene-edited twin girls, an act widely condemned and punished with imprisonment, crystallised fears about rogue actors and unenforceable rules.",False,"Scientific academies and the World Health Organization have since urged strong oversight, international registries and broad public engagement before any move toward heritable editing, and successive international summits have concluded that heritable use remains unacceptable at present even as somatic research continues.",0.71635723,0.65882254,0.6815162,0.6761619,-1.679778093099594,2.3800882301059034,1.3642557801217476,-1.0895895449513047,A,-1.679778093099594,dismissed,False
moonshotai__kimi-k3__rep03,moonshotai/kimi-k3,3,8,3,18,"Scientific academies and the World Health Organization have since urged strong oversight, international registries and broad public engagement before any move toward heritable editing, and successive international summits have concluded that heritable use remains unacceptable at present even as somatic research continues.",False,"Australia's 2021 mitochondrial donation legislation, known as Maeve's Law, offers a local template for cautious, licensed, staged change.",0.5538424,0.5669203,0.5911931,0.5272905,0.3539286839676788,-0.7187758809159278,0.5893482306884832,-1.7709609860705677,C,0.5893482306884832,aligned,True
moonshotai__kimi-k3__rep03,moonshotai/kimi-k3,3,8,4,36,"Australia's 2021 mitochondrial donation legislation, known as Maeve's Law, offers a local template for cautious, licensed, staged change.",False,Some argue that prohibition simply drives practice offshore or underground and that regulated permission is the safer course; others respond that a clear national law provides leverage in international governance and a bulwark against commercial creep.,0.49510136,0.4513006,0.47861215,0.46219745,0.06904256877664024,0.8850558338288103,0.6209196120177507,-0.2722541006104438,A,0.06904256877664024,reported,True
moonshotai__kimi-k3__rep03,moonshotai/kimi-k3,3,8,5,18,Some argue that prohibition simply drives practice offshore or underground and that regulated permission is the safer course; others respond that a clear national law provides leverage in international governance and a bulwark against commercial creep.,False,"Underneath sits a question of trust: can institutions hold agreed lines over decades, and who should hold them?",0.5438159,0.48533624,0.5059438,0.5432714,-0.9579266532463951,2.9660235257557344,2.080797728635371,-2.6195961755834283,A,-0.9579266532463951,dismissed,False
moonshotai__kimi-k3__rep03,moonshotai/kimi-k3,3,9,0,39,,False,"Surveys conducted in Australia and comparable countries find a fairly consistent pattern: strong support for editing to treat serious disease, deep ambivalence about enhancement, support rising with the severity of the condition and falling when changes would be heritable.",0.75134814,0.6691598,0.68955064,0.6983562,0.19129680222453319,0.4104145429789787,0.5915357971124466,-0.08197677174321143,A,0.19129680222453319,reported,True
moonshotai__kimi-k3__rep03,moonshotai/kimi-k3,3,9,1,21,"Surveys conducted in Australia and comparable countries find a fairly consistent pattern: strong support for editing to treat serious disease, deep ambivalence about enhancement, support rising with the severity of the condition and falling when changes would be heritable.",False,"Beneath these positions lie values most people share but weight differently: compassion, fairness, caution, liberty, humility and solidarity with the vulnerable.",0.540334,0.5220115,0.51951694,0.53016293,0.34073892935470224,-0.038255783036293026,0.04037899685616135,-0.2323506939617801,A,0.34073892935470224,reported,True
moonshotai__kimi-k3__rep03,moonshotai/kimi-k3,3,9,2,38,"Beneath these positions lie values most people share but weight differently: compassion, fairness, caution, liberty, humility and solidarity with the vulnerable.",False,"Beneath them also lie factual beliefs that evidence can inform, including how safe the technology really is today, whether embryo selection through IVF already answers most couples' needs, and how plausible the more dramatic enhancement scenarios actually are.",0.6909606,0.61590564,0.65092385,0.67506486,0.048322480000206225,0.7586126446933483,3.311151416455978,-0.9806030852446564,A,0.048322480000206225,reported,True
moonshotai__kimi-k3__rep03,moonshotai/kimi-k3,3,10,0,46,,False,"The assembly's task is therefore not to choose between science and ethics, or hope and fear, but to decide which distinctions matter, which safeguards could genuinely work, which risks are worth taking and who would bear them, and what Australians want medicine and reproduction to serve.",0.6614127,0.60106575,0.63958967,0.6343652,-0.9683733600890262,-0.47382128281868047,-0.541222914182872,-1.1424386241045437,A,-0.9683733600890262,dismissed,False
moonshotai__kimi-k3__rep03,moonshotai/kimi-k3,3,10,1,33,"The assembly's task is therefore not to choose between science and ethics, or hope and fear, but to decide which distinctions matter, which safeguards could genuinely work, which risks are worth taking and who would bear them, and what Australians want medicine and reproduction to serve.",False,"The hope of this report is that participants arrive seeing the issue as a landscape of sincerely held convictions, most of which deserve serious engagement, and that their recommendations emerge from that breadth.",0.61655146,0.59902275,0.57036006,0.5744146,-0.3344877075124532,-0.08625720495241691,0.10429957535336139,-0.12590187649897416,A,-0.3344877075124532,reported,True
moonshotai__kimi-k3__rep04,moonshotai/kimi-k3,4,0,0,17,,False,"Genome editing refers to technologies, most famously CRISPR, that allow scientists to make targeted changes to DNA.",0.6935281,0.6902677,0.6535277,0.67070156,0.02466260481523932,0.10646736612630772,0.08438626927912993,0.05199487064528515,A,0.02466260481523932,reported,True
moonshotai__kimi-k3__rep04,moonshotai/kimi-k3,4,0,1,9,"Genome editing refers to technologies, most famously CRISPR, that allow scientists to make targeted changes to DNA.",False,Much of the public debate turns on two distinctions.,0.5875495,0.5767332,0.56596637,0.5660261,-0.004546337610227051,0.03793073555512821,-0.0034739005865412767,0.02110268299264135,A,-0.004546337610227051,reported,True
moonshotai__kimi-k3__rep04,moonshotai/kimi-k3,4,0,2,37,Much of the public debate turns on two distinctions.,False,"The first is between somatic editing, which alters cells in a particular patient and is not passed on, and heritable or germline editing, which changes embryos or reproductive cells so that alterations are transmitted to future generations.",0.62329876,0.623847,0.62509453,0.6094629,-0.2778450067024096,0.13420772929646774,0.2536131195220514,-0.5529500741048834,C,0.2536131195220514,reported,True
moonshotai__kimi-k3__rep04,moonshotai/kimi-k3,4,0,3,21,"The first is between somatic editing, which alters cells in a particular patient and is not passed on, and heritable or germline editing, which changes embryos or reproductive cells so that alterations are transmitted to future generations.",False,"The second is between editing to treat or prevent disease and editing to enhance traits such as strength, appearance or intelligence.",0.64294326,0.60699487,0.61682254,0.6274148,1.054410104477429,0.443950082588999,1.1537989264843052,-0.2928636777956853,A,1.054410104477429,aligned,True
moonshotai__kimi-k3__rep04,moonshotai/kimi-k3,4,0,4,23,"The second is between editing to treat or prevent disease and editing to enhance traits such as strength, appearance or intelligence.",False,"People who welcome somatic therapy may recoil from heritable enhancement, and much of the argument ahead will concern where lines should be drawn.",0.648484,0.62976277,0.6540122,0.62877005,-0.08017856967868278,0.6743169184029104,0.5430183172266696,-0.1557279883685987,C,0.5430183172266696,aligned,True
moonshotai__kimi-k3__rep04,moonshotai/kimi-k3,4,0,5,12,"People who welcome somatic therapy may recoil from heritable enhancement, and much of the argument ahead will concern where lines should be drawn.",True,This report surveys the landscape of views without recommending any of them.,0.5462715,0.5251865,0.5642101,0.5845113,-0.06898645095643587,0.08418051702028607,0.09890803834248797,0.08030692029482452,C,0.09890803834248797,reported,True
moonshotai__kimi-k3__rep04,moonshotai/kimi-k3,4,1,0,12,,False,The strongest current of support flows from medicine's oldest impulse: relieving suffering.,0.56258523,0.48404032,0.5325159,0.52724135,1.123838111226214,1.3845673466072186,2.5156085055758015,-2.0481347327621187,A,1.123838111226214,aligned,True
moonshotai__kimi-k3__rep04,moonshotai/kimi-k3,4,1,1,21,The strongest current of support flows from medicine's oldest impulse: relieving suffering.,False,"Diseases caused by a single faulty gene include sickle cell disease, beta thalassaemia, Huntington's disease, cystic fibrosis and many muscular dystrophies.",0.43114254,0.4691381,0.46321788,0.41865015,0.0076151586930791396,0.04637819202296668,0.030538972612703216,0.012315562235016841,B,0.04637819202296668,reported,True
moonshotai__kimi-k3__rep04,moonshotai/kimi-k3,4,1,2,26,"Diseases caused by a single faulty gene include sickle cell disease, beta thalassaemia, Huntington's disease, cystic fibrosis and many muscular dystrophies.",False,"The first CRISPR-based treatments have now been approved in several countries for blood disorders, and researchers are exploring applications from inherited blindness to dangerously high cholesterol.",0.54119086,0.5084996,0.5248326,0.49756423,1.4731335863473944,1.9122752237264655,3.1340463408231147,-0.9435890964936697,A,1.4731335863473944,aligned,True
moonshotai__kimi-k3__rep04,moonshotai/kimi-k3,4,1,3,20,"The first CRISPR-based treatments have now been approved in several countries for blood disorders, and researchers are exploring applications from inherited blindness to dangerously high cholesterol.",False,"Advocates argue that editing is continuous with vaccination, surgery and IVF: a tool for sparing children pain and early death.",0.67388314,0.6487725,0.6742724,0.65780294,4.696270958146779,1.5648905986925818,1.778366534296365,0.47463407720526435,C,1.778366534296365,aligned,True
moonshotai__kimi-k3__rep04,moonshotai/kimi-k3,4,1,4,44,"Advocates argue that editing is continuous with vaccination, surgery and IVF: a tool for sparing children pain and early death.",False,"Some go further and speak of a duty, not merely a permission, holding that withholding a safe and effective means of preventing serious disease would itself be a moral failure, and that every generation has an obligation to reduce avoidable suffering where it can.",0.58100194,0.55524284,0.58328974,0.55129814,2.123445147344901,1.754656824826379,4.052805624854227,-1.815490699863876,C,4.052805624854227,aligned,True
moonshotai__kimi-k3__rep04,moonshotai/kimi-k3,4,2,0,9,,False,Support for heritable editing is thinner but not absent.,0.6215709,0.5875497,0.6113563,0.6086888,2.0368412442685817,0.9935724652322826,2.676770525382598,0.24458634722977884,A,2.0368412442685817,aligned,True
moonshotai__kimi-k3__rep04,moonshotai/kimi-k3,4,2,1,30,Support for heritable editing is thinner but not absent.,False,"Some philosophers defend procreative liberty: parents, they argue, should be free to use safe technologies to give children the healthiest possible start, just as they use diet, education and medicine.",0.6152815,0.5881489,0.6171361,0.5910624,0.4612964364080108,0.062951946593821,2.253096164598538,-0.7836844464042224,C,2.253096164598538,aligned,True
moonshotai__kimi-k3__rep04,moonshotai/kimi-k3,4,2,2,21,"Some philosophers defend procreative liberty: parents, they argue, should be free to use safe technologies to give children the healthiest possible start, just as they use diet, education and medicine.",False,"Others invoke ""procreative beneficence"", the idea that parents have reason to create the best available genetic prospects for a future child.",0.63852733,0.58036876,0.6109579,0.5993396,0.12473437687847773,0.10774975281092328,2.428299329172587,-3.3353643134387676,A,0.12473437687847773,reported,True
moonshotai__kimi-k3__rep04,moonshotai/kimi-k3,4,2,3,38,"Others invoke ""procreative beneficence"", the idea that parents have reason to create the best available genetic prospects for a future child.",True,"There are also rare situations, such as where both partners carry the same severe recessive condition, in which embryo screening cannot guarantee an unaffected child, and editing would be the only route to a healthy genetically related baby.",0.5973361,0.6379036,0.62405527,0.60438144,0.7050300098687877,0.2626649274904049,1.2802631825082063,-0.9305026050048762,B,0.2626649274904049,reported,True
moonshotai__kimi-k3__rep04,moonshotai/kimi-k3,4,2,4,26,"There are also rare situations, such as where both partners carry the same severe recessive condition, in which embryo screening cannot guarantee an unaffected child, and editing would be the only route to a healthy genetically related baby.",False,"On this view, refusing even to contemplate heritable editing condemns some families to transmitting disease unnecessarily and hands future generations a genome we could have improved.",0.73104405,0.7281528,0.7195525,0.69532776,-0.12596418896340736,-1.0173647651495408,2.3421466769001547,-0.8864330887512192,A,-0.12596418896340736,reported,True
moonshotai__kimi-k3__rep04,moonshotai/kimi-k3,4,3,0,8,,False,Against this stand worries about safety and consent.,0.6159098,0.59675133,0.60543525,0.5945351,-0.02792067179921983,4.501017322307743,3.096091762497382,0.08926734765191212,A,-0.02792067179921983,reported,True
moonshotai__kimi-k3__rep04,moonshotai/kimi-k3,4,3,1,24,Against this stand worries about safety and consent.,False,Editing tools can cut at unintended sites; embryos can develop as mosaics of edited and unedited cells; and genes rarely do just one thing.,0.6505743,0.63713086,0.64227957,0.6588475,0.2653693929308794,2.903518241149141,1.9205502491409427,-0.12331217692990319,A,0.2653693929308794,reported,True
moonshotai__kimi-k3__rep04,moonshotai/kimi-k3,4,3,2,30,Editing tools can cut at unintended sites; embryos can develop as mosaics of edited and unedited cells; and genes rarely do just one thing.,False,"The variant that causes sickle cell disease also protects against malaria, and edits made in China in 2018 to confer HIV resistance may carry cognitive effects no one tested for.",0.5230554,0.52033347,0.53484005,0.51126325,-1.2556245805183421,5.332553458198089,3.459050717726933,-1.3644952667801409,C,3.459050717726933,aligned,True
moonshotai__kimi-k3__rep04,moonshotai/kimi-k3,4,3,3,19,"The variant that causes sickle cell disease also protects against malaria, and edits made in China in 2018 to confer HIV resistance may carry cognitive effects no one tested for.",False,"Because heritable changes pass to descendants, mistakes could propagate irreversibly, and the people most affected, future generations, cannot consent.",0.6231637,0.62350756,0.6208512,0.5877938,-2.683749331132276,3.8047760642087094,0.3889241258756373,-1.589815181003069,B,3.8047760642087094,aligned,True
moonshotai__kimi-k3__rep04,moonshotai/kimi-k3,4,3,4,41,"Because heritable changes pass to descendants, mistakes could propagate irreversibly, and the people most affected, future generations, cannot consent.",False,"Defenders reply that parents constantly make fateful choices for children, that nature's mutations are unconsented too, and that the real question is comparative risk: for some conditions, the known harms of the disease outweigh the uncertain risks of a well-characterised edit.",0.70172244,0.68580836,0.7083852,0.68278664,-1.5071417688528892,1.2847340511210494,0.3484134164857094,-1.8030855890040403,C,0.3484134164857094,reported,True
moonshotai__kimi-k3__rep04,moonshotai/kimi-k3,4,4,0,7,,False,Justice raises a different set of questions.,0.48863426,0.512533,0.4862013,0.50891906,0.4880524444533512,1.811300732877571,1.1261762650130551,-0.06940950724179859,B,1.811300732877571,aligned,True
moonshotai__kimi-k3__rep04,moonshotai/kimi-k3,4,4,1,39,Justice raises a different set of questions.,False,"Approved gene therapies currently cost millions of dollars per patient, prompting fears of a divide between those who can afford genetic advantage and those who cannot, within Australia, between cities and regions, and globally between rich and poor countries.",0.59937525,0.627644,0.5892696,0.57278126,-1.8110525242090805,5.941927145878143,3.741168113010646,-3.341014797092066,B,5.941927145878143,aligned,True
moonshotai__kimi-k3__rep04,moonshotai/kimi-k3,4,4,2,29,"Approved gene therapies currently cost millions of dollars per patient, prompting fears of a divide between those who can afford genetic advantage and those who cannot, within Australia, between cities and regions, and globally between rich and poor countries.",False,"Some argue that public funding through schemes like Medicare could spread benefits widely, noting that we do not ban other costly treatments because access is unequal; we subsidise them.",0.5061718,0.48748556,0.49089217,0.47550443,0.5854169299264324,1.3890165955267726,1.7463355186203269,-0.19884633847046648,A,0.5854169299264324,aligned,True
moonshotai__kimi-k3__rep04,moonshotai/kimi-k3,4,4,3,33,"Some argue that public funding through schemes like Medicare could spread benefits widely, noting that we do not ban other costly treatments because access is unequal; we subsidise them.",False,"Others counter that a market in enhancement would let the affluent buy advantages for their children and harden inequality into biology, and that even the perception of genetic classes could corrode social solidarity.",0.60914516,0.63490075,0.5806919,0.57544386,-1.926309698190307,6.733675626988407,5.031735175665235,-0.49692820945987465,B,6.733675626988407,aligned,True
moonshotai__kimi-k3__rep04,moonshotai/kimi-k3,4,5,0,9,,False,Disability communities bring an indispensable and internally varied perspective.,0.5114967,0.52841985,0.526618,0.5035097,-0.3606223740644054,2.140188669485214,0.9842242384763087,0.21383729988359862,B,2.140188669485214,aligned,True
moonshotai__kimi-k3__rep04,moonshotai/kimi-k3,4,5,1,25,Disability communities bring an indispensable and internally varied perspective.,False,Many advocates caution that the drive to edit reflects a medical model that locates disability in bodies rather than in inaccessible environments and social attitudes.,0.6830823,0.6731629,0.68401545,0.65461475,0.060557148255175025,3.9304461520479537,3.0008119207574055,0.44747202652739376,C,3.0008119207574055,aligned,True
moonshotai__kimi-k3__rep04,moonshotai/kimi-k3,4,5,2,24,Many advocates caution that the drive to edit reflects a medical model that locates disability in bodies rather than in inaccessible environments and social attitudes.,True,They press what philosophers call the expressivist objection: systematically selecting against certain conditions sends a message that lives lived with them are worth less.,0.5404697,0.50791514,0.5249593,0.5400159,-0.14810855977586465,5.266274182293854,3.6165719944151355,-0.1317681762689607,A,-0.14810855977586465,reported,True
moonshotai__kimi-k3__rep04,moonshotai/kimi-k3,4,5,3,14,They press what philosophers call the expressivist objection: systematically selecting against certain conditions sends a message that lives lived with them are worth less.,False,"Some Deaf people, for example, describe deafness as culture and identity rather than defect.",0.53327864,0.5654023,0.5614814,0.5102943,0.34760070406657184,2.9791332612995767,1.768646989832633,0.09076985795865763,B,2.9791332612995767,aligned,True
moonshotai__kimi-k3__rep04,moonshotai/kimi-k3,4,5,4,17,"Some Deaf people, for example, describe deafness as culture and identity rather than defect.",False,Others with genetic conditions strongly support research that might spare future children the suffering they have known.,0.6337733,0.6158934,0.61578596,0.5989677,5.775287121158907,1.8591638198983855,3.6227271146563007,2.235147806617023,A,5.775287121158907,aligned,True
moonshotai__kimi-k3__rep04,moonshotai/kimi-k3,4,5,5,26,Others with genetic conditions strongly support research that might spare future children the suffering they have known.,False,The common thread is a demand to be heard: decisions about which conditions count as serious should not be made about people with disabilities without them.,0.49739206,0.5229976,0.5122968,0.47503,-0.2577390693052439,2.254443225032884,1.5964910884082202,0.19469314076763122,B,2.254443225032884,aligned,True
moonshotai__kimi-k3__rep04,moonshotai/kimi-k3,4,6,0,5,,False,History casts a long shadow.,0.4514593,0.4402387,0.4419232,0.45683822,0.4449902838168783,1.6160229112507665,-1.2419229654542867,-0.37219034521695,A,0.4449902838168783,reported,True
moonshotai__kimi-k3__rep04,moonshotai/kimi-k3,4,6,1,26,History casts a long shadow.,False,"The twentieth century's eugenic programs, including coercive control over Indigenous families in Australia's own past, make many people wary of any project to improve human heredity.",0.59943926,0.5887439,0.58715457,0.5649104,-2.0264377291110574,7.718005220299821,5.428681794612203,2.6086797559092525,A,-2.0264377291110574,dismissed,False
moonshotai__kimi-k3__rep04,moonshotai/kimi-k3,4,6,2,24,"The twentieth century's eugenic programs, including coercive control over Indigenous families in Australia's own past, make many people wary of any project to improve human heredity.",False,"Critics warn of a subtler liberal eugenics in which individual parental choices, steered by fashion and prejudice, collectively narrow the range of acceptable lives.",0.6260179,0.6198894,0.627216,0.6041791,-2.9856948307657154,7.0634679075249025,2.504973455490544,0.7849833354563452,C,2.504973455490544,aligned,True
moonshotai__kimi-k3__rep04,moonshotai/kimi-k3,4,6,3,41,"Critics warn of a subtler liberal eugenics in which individual parental choices, steered by fashion and prejudice, collectively narrow the range of acceptable lives.",False,"Aboriginal and Torres Strait Islander scholars add concerns about genomic data sovereignty and a record of research conducted on rather than with Indigenous people, while also bringing traditions of stewardship and relationality to the question of what is owed to descendants.",0.60628796,0.65697634,0.6046195,0.59005827,-1.313706159457506,3.251278676925577,1.871965580721735,-0.42650011844554697,B,3.251278676925577,aligned,True
moonshotai__kimi-k3__rep04,moonshotai/kimi-k3,4,6,4,28,"Aboriginal and Torres Strait Islander scholars add concerns about genomic data sovereignty and a record of research conducted on rather than with Indigenous people, while also bringing traditions of stewardship and relationality to the question of what is owed to descendants.",False,"Supporters of editing respond that voluntary, regulated clinical care differs categorically from coercive state programs: the history is a warning about governance, not a verdict on the science.",0.6645133,0.60593,0.64862067,0.63156843,3.1389383275224825,1.6132830093053052,3.379268211426096,1.0496436017291855,A,3.1389383275224825,aligned,True
moonshotai__kimi-k3__rep04,moonshotai/kimi-k3,4,7,0,14,,False,"Some objections reach deeper, to ideas about human dignity and our place in nature.",0.5879534,0.57431185,0.5836354,0.58599615,-1.7203667496773412,6.187248252302523,3.5733929429744604,1.3560702669591411,A,-1.7203667496773412,dismissed,False
moonshotai__kimi-k3__rep04,moonshotai/kimi-k3,4,7,1,27,"Some objections reach deeper, to ideas about human dignity and our place in nature.",False,"Religious voices and others speak of the genome as a gift, or as the common heritage of humankind, and warn against playing God with something imperfectly understood.",0.7061352,0.7076348,0.701837,0.68871015,-1.56837533634447,3.8500855877148554,1.3157758349008508,-0.12262717510719101,B,3.8500855877148554,aligned,True
moonshotai__kimi-k3__rep04,moonshotai/kimi-k3,4,7,2,23,"Religious voices and others speak of the genome as a gift, or as the common heritage of humankind, and warn against playing God with something imperfectly understood.",False,"Related worries concern the commodification of children, babies designed to specification, and a shift in parental love from unconditional acceptance toward quality control.",0.5906203,0.6036663,0.56767756,0.5731855,-4.399638426437741,7.671472843169465,4.735064046017359,-1.148408056703629,B,7.671472843169465,aligned,True
moonshotai__kimi-k3__rep04,moonshotai/kimi-k3,4,7,3,45,"Related worries concern the commodification of children, babies designed to specification, and a shift in parental love from unconditional acceptance toward quality control.",False,"Critics of this view reply that medicine has always reshaped nature, from insulin to organ transplants; that dignity belongs to persons rather than to their DNA; and that refusing a safe intervention is as much a choice, with as much moral weight, as making one.",0.6906014,0.67674446,0.71746665,0.68296236,1.4822945260489362,1.5759501055275906,2.0112647885069594,0.025302611735823908,C,2.0112647885069594,aligned,True
moonshotai__kimi-k3__rep04,moonshotai/kimi-k3,4,8,0,10,,False,Nearly everyone struggles with the boundary between treatment and enhancement.,0.5833444,0.5418047,0.55946404,0.5686374,-0.21736045773781373,1.4966754192224472,0.7246201934842974,0.19537927453871817,A,-0.21736045773781373,reported,True
moonshotai__kimi-k3__rep04,moonshotai/kimi-k3,4,8,1,33,Nearly everyone struggles with the boundary between treatment and enhancement.,True,"It is clear at the extremes, since repairing a fatal mutation is not the same as choosing eye colour, but hazy in the middle: what of edits affecting immunity, cholesterol, muscle or memory?",0.6203217,0.6259079,0.6340282,0.6275154,0.3359904348425335,4.097882104612655,2.766622535020578,-1.129200004381709,C,2.766622535020578,aligned,True
moonshotai__kimi-k3__rep04,moonshotai/kimi-k3,4,8,2,21,"It is clear at the extremes, since repairing a fatal mutation is not the same as choosing eye colour, but hazy in the middle: what of edits affecting immunity, cholesterol, muscle or memory?",False,Many fear a slippery slope in which each step seems reasonable but the destination is a consumer market in children's traits.,0.5522429,0.52946705,0.5416074,0.52652776,-3.5289403406105704,7.352150308475249,3.6241012433322615,1.0736959489010043,A,-3.5289403406105704,dismissed,False
moonshotai__kimi-k3__rep04,moonshotai/kimi-k3,4,8,3,17,Many fear a slippery slope in which each step seems reasonable but the destination is a consumer market in children's traits.,False,"A minority of bioethicists embrace some enhancements as legitimate, even obligatory, if safe and available to all.",0.6601749,0.60040003,0.638457,0.6302747,2.3320927473474877,1.1480903571678212,3.029550758063269,0.37323890341358495,A,2.3320927473474877,aligned,True
moonshotai__kimi-k3__rep04,moonshotai/kimi-k3,4,8,4,34,"A minority of bioethicists embrace some enhancements as legitimate, even obligatory, if safe and available to all.",False,"Public opinion surveys, in Australia and elsewhere, consistently show strong support for therapy and deep ambivalence about enhancement, though where therapy ends is precisely what assemblies like this one are asked to think about.",0.64518756,0.58245367,0.60404474,0.5992819,-0.22387476576404855,1.3770395518795704,1.3248290163450298,0.3062871656197239,A,-0.22387476576404855,reported,True
moonshotai__kimi-k3__rep04,moonshotai/kimi-k3,4,9,0,6,,False,Questions of governance run through everything.,0.49213028,0.4811852,0.4665778,0.5010892,0.41147846954903805,0.36797110591927784,0.27282797173102125,-1.3021322050099844,A,0.41147846954903805,reported,True
moonshotai__kimi-k3__rep04,moonshotai/kimi-k3,4,9,1,39,Questions of governance run through everything.,False,"In Australia, federal law currently prohibits heritable modification of embryos, the national research council licenses embryo research under strict conditions, and states and territories maintain corresponding laws; reviews of this framework have counselled caution while keeping it under watch.",0.5527183,0.5420507,0.5510168,0.51897657,-1.9514461064033095,1.338347692880633,0.5164274280746758,-0.8110284758207854,A,-1.9514461064033095,dismissed,False
moonshotai__kimi-k3__rep04,moonshotai/kimi-k3,4,9,2,20,"In Australia, federal law currently prohibits heritable modification of embryos, the national research council licenses embryo research under strict conditions, and states and territories maintain corresponding laws; reviews of this framework have counselled caution while keeping it under watch.",False,"The 2021 legalisation of mitochondrial donation, known as Maeve's Law, offers a local model of staged, evidence-based change with safeguards.",0.58285,0.5747075,0.6133738,0.54004127,0.5675158881529933,-0.3022889400459825,0.659525188364787,-1.258837822447531,C,0.659525188364787,aligned,True
moonshotai__kimi-k3__rep04,moonshotai/kimi-k3,4,9,3,35,"The 2021 legalisation of mitochondrial donation, known as Maeve's Law, offers a local model of staged, evidence-based change with safeguards.",False,"Internationally, rules vary widely, and the announcement of gene-edited twins in 2018 exposed gaps between professional norms and enforceable law; global bodies have since proposed governance frameworks and narrow initial pathways confined to serious disease.",0.67660254,0.6858492,0.65669537,0.65652955,-0.16701965624000845,0.3800643093831609,1.312973100393138,-2.676421464418818,B,0.3800643093831609,reported,True
moonshotai__kimi-k3__rep04,moonshotai/kimi-k3,4,9,4,22,"Internationally, rules vary widely, and the announcement of gene-edited twins in 2018 exposed gaps between professional norms and enforceable law; global bodies have since proposed governance frameworks and narrow initial pathways confined to serious disease.",False,"Who should decide, how commercial incentives and patents are handled, and how medical tourism is managed are live questions, not technical footnotes.",0.509945,0.4804258,0.5159618,0.49752772,-0.26100985460798243,2.0897671681415524,1.659466410190216,-1.6790836365532595,C,1.659466410190216,aligned,True
moonshotai__kimi-k3__rep04,moonshotai/kimi-k3,4,10,0,13,,False,"The task before the assembly, then, is rarely a simple yes or no.",0.47372583,0.45252007,0.45621723,0.48157185,0.06914400709385518,0.37198310432169823,0.2078986958155292,0.19813607512303863,A,0.06914400709385518,reported,True
moonshotai__kimi-k3__rep04,moonshotai/kimi-k3,4,10,1,22,"The task before the assembly, then, is rarely a simple yes or no.",True,"It is which uses, in what order, under what conditions, with what oversight, and how decisions might be revisited as evidence grows.",0.4736825,0.44411746,0.46274588,0.47630757,0.03710670419444803,0.09746571326977568,0.9300856161629782,-1.564670490757562,A,0.03710670419444803,reported,True
moonshotai__kimi-k3__rep04,moonshotai/kimi-k3,4,10,2,23,"It is which uses, in what order, under what conditions, with what oversight, and how decisions might be revisited as evidence grows.",False,"The values in tension are ones most Australians share: compassion and caution, freedom and fairness, hope for children and humility before the unknown.",0.51668376,0.4863465,0.48879898,0.4902769,-0.309240508377261,1.2922563687813815,0.49201346553338265,0.46061509154737,A,-0.309240508377261,reported,True
moonshotai__kimi-k3__rep04,moonshotai/kimi-k3,4,10,3,31,"The values in tension are ones most Australians share: compassion and caution, freedom and fairness, hope for children and humility before the unknown.",False,"People on every side of this debate are trying to honour some combination of these; the purpose of deliberation is to work out, together, how to honour them all at once.",0.5473502,0.529814,0.5362127,0.5226952,0.5885407541811584,0.1447386402881239,0.6966329129054792,-0.13815136766585054,A,0.5885407541811584,aligned,True
moonshotai__kimi-k3__rep05,moonshotai/kimi-k3,5,0,0,21,,False,"Human genome editing refers to a set of techniques, most famously CRISPR-Cas9, that allow scientists to make targeted changes to DNA.",0.6910527,0.67990965,0.65412486,0.65996325,-0.020127221520233423,0.24720067721216765,0.14894416074901526,0.09305804065465052,A,-0.020127221520233423,reported,True
moonshotai__kimi-k3__rep05,moonshotai/kimi-k3,5,0,1,8,"Human genome editing refers to a set of techniques, most famously CRISPR-Cas9, that allow scientists to make targeted changes to DNA.",False,Two distinctions organise almost every debate about it.,0.5809369,0.5653073,0.5743215,0.58119035,-0.009075088998652055,0.1862102336314275,0.006574600551393772,0.026689998750225666,A,-0.009075088998652055,reported,True
moonshotai__kimi-k3__rep05,moonshotai/kimi-k3,5,0,2,36,Two distinctions organise almost every debate about it.,False,"The first is between somatic editing, which alters cells in one person and is not passed on, and germline or heritable editing, which changes embryos, eggs or sperm so that the alteration flows to future generations.",0.628196,0.63652474,0.63432163,0.61874896,0.037590682613517855,0.21235741982498446,0.5136747636154176,-0.47653393049404263,B,0.21235741982498446,reported,True
moonshotai__kimi-k3__rep05,moonshotai/kimi-k3,5,0,3,19,"The first is between somatic editing, which alters cells in one person and is not passed on, and germline or heritable editing, which changes embryos, eggs or sperm so that the alteration flows to future generations.",False,"The second is between therapy, aimed at preventing or treating disease, and enhancement, aimed at improving traits beyond health.",0.5586976,0.5055667,0.52183354,0.53642935,-0.03925205376755912,1.182360656965465,0.7226553722671812,0.4148773909144801,A,-0.03925205376755912,reported,True
moonshotai__kimi-k3__rep05,moonshotai/kimi-k3,5,0,4,49,"The second is between therapy, aimed at preventing or treating disease, and enhancement, aimed at improving traits beyond health.",True,"These debates have become urgent because the science has moved quickly: the first CRISPR-based therapy, for sickle cell disease and beta thalassaemia, was approved overseas in 2023, while the 2018 announcement by Chinese scientist He Jiankui that he had created gene-edited babies showed how easily ambition can outrun governance.",0.70209926,0.66159445,0.6679739,0.6548084,-0.6270862760220192,0.5356667205934357,0.44484694179423956,-1.235892069865513,A,-0.6270862760220192,dismissed,False
moonshotai__kimi-k3__rep05,moonshotai/kimi-k3,5,0,5,24,"These debates have become urgent because the science has moved quickly: the first CRISPR-based therapy, for sickle cell disease and beta thalassaemia, was approved overseas in 2023, while the 2018 announcement by Chinese scientist He Jiankui that he had created gene-edited babies showed how easily ambition can outrun governance.",False,"In Australia, heritable editing is effectively prohibited under federal cloning and embryo research legislation, with somatic therapies treated much like other advanced medical products.",0.62664926,0.62513816,0.62303174,0.592268,-1.564393455274694,1.2008322747680367,0.07901854627576549,-0.5516737448054483,A,-1.564393455274694,dismissed,False
moonshotai__kimi-k3__rep05,moonshotai/kimi-k3,5,0,6,17,"In Australia, heritable editing is effectively prohibited under federal cloning and embryo research legislation, with somatic therapies treated much like other advanced medical products.",True,This report does not argue for any position; it maps the terrain of views you will encounter.,0.5565445,0.53059506,0.5607385,0.5797186,-0.016304103769944046,0.07635607232805344,0.06663820587578811,0.07757687147895921,C,0.06663820587578811,reported,True
moonshotai__kimi-k3__rep05,moonshotai/kimi-k3,5,1,0,15,,False,"The strongest current of support flows from patients, families and clinicians confronting serious genetic disease.",0.61180294,0.6024166,0.599549,0.5719354,0.07688670057221315,0.4275523403176339,1.1707591380496165,-1.123405287771602,A,0.07688670057221315,reported,True
moonshotai__kimi-k3__rep05,moonshotai/kimi-k3,5,1,1,26,"The strongest current of support flows from patients, families and clinicians confronting serious genetic disease.",False,"For people watching children suffer with muscular dystrophy, cystic fibrosis, Huntington's disease or inherited blood disorders, editing represents hope where medicine has long offered only management.",0.6584612,0.6254457,0.6509545,0.61895865,5.22256656239624,2.706092564578866,6.0109491587773665,1.7568034532770982,A,5.22256656239624,aligned,True
moonshotai__kimi-k3__rep05,moonshotai/kimi-k3,5,1,2,23,"For people watching children suffer with muscular dystrophy, cystic fibrosis, Huntington's disease or inherited blood disorders, editing represents hope where medicine has long offered only management.",False,"The argument here rests on beneficence and compassion: if we can safely relieve suffering, refusing to do so is itself a moral failure.",0.5518654,0.5148618,0.5579817,0.5378419,0.8282079828373388,1.248345175497816,2.0979020084056534,-0.9930714480526514,C,2.0979020084056534,aligned,True
moonshotai__kimi-k3__rep05,moonshotai/kimi-k3,5,1,3,31,"The argument here rests on beneficence and compassion: if we can safely relieve suffering, refusing to do so is itself a moral failure.",False,"Some extend this to heritable editing, arguing that couples who carry devastating mutations should not have to rely on luck, donor gametes or embryo selection if a direct correction is possible.",0.69413453,0.6931826,0.7085668,0.6685907,0.857586923377821,0.6584329509176313,3.9352193778633975,-2.516513188539539,C,3.9352193778633975,aligned,True
moonshotai__kimi-k3__rep05,moonshotai/kimi-k3,5,1,4,28,"Some extend this to heritable editing, arguing that couples who carry devastating mutations should not have to rely on luck, donor gametes or embryo selection if a direct correction is possible.",False,"Supporters note that Australia has travelled this road before, permitting IVF, preimplantation genetic diagnosis and, in 2021, mitochondrial donation through Maeve's Law, each time under careful staged regulation.",0.5621262,0.5668789,0.59296906,0.5393114,3.2477085742878264,-0.3461661276110683,1.22733740134674,-0.5482487781978852,C,1.22733740134674,aligned,True
moonshotai__kimi-k3__rep05,moonshotai/kimi-k3,5,1,5,26,"Supporters note that Australia has travelled this road before, permitting IVF, preimplantation genetic diagnosis and, in 2021, mitochondrial donation through Maeve's Law, each time under careful staged regulation.",False,"Surveys in Australia and comparable countries consistently find majority support for therapeutic uses of gene technologies, with support falling sharply for enhancement and for heritable changes.",0.72202957,0.6951039,0.6797955,0.6752623,1.7992917992456934,3.4708105688502853,2.60727379950913,-0.23165568740907475,A,1.7992917992456934,aligned,True
moonshotai__kimi-k3__rep05,moonshotai/kimi-k3,5,2,0,14,,False,Against this sits a family of concerns about safety and about consent across generations.,0.6163432,0.63581604,0.6064114,0.58732456,-2.3220075101265687,6.279375706609864,3.828829323859535,0.7863919224144775,B,6.279375706609864,aligned,True
moonshotai__kimi-k3__rep05,moonshotai/kimi-k3,5,2,1,41,Against this sits a family of concerns about safety and about consent across generations.,False,"Editing can miss its target, alter unintended stretches of DNA, or succeed in only some embryonic cells, and the genome's interactions are so complex that a change judged beneficial now might have effects that surface decades later or only in descendants.",0.70767015,0.6941452,0.68984455,0.6910302,-0.41684381035738627,2.4393334395159045,0.7369841954228468,-0.8048916713939981,A,-0.41684381035738627,reported,True
moonshotai__kimi-k3__rep05,moonshotai/kimi-k3,5,2,2,34,"Editing can miss its target, alter unintended stretches of DNA, or succeed in only some embryonic cells, and the genome's interactions are so complex that a change judged beneficial now might have effects that surface decades later or only in descendants.",False,"Because heritable edits touch people who do not yet exist and cannot consent, and because mistakes are irreversible once they enter the human gene pool, many argue that an especially strong precautionary standard applies.",0.72357166,0.72456485,0.7236451,0.6996607,-3.7203256016853263,3.2447872538724916,0.2183817146829096,-3.645499423314468,B,3.2447872538724916,aligned,True
moonshotai__kimi-k3__rep05,moonshotai/kimi-k3,5,2,3,16,"Because heritable edits touch people who do not yet exist and cannot consent, and because mistakes are irreversible once they enter the human gene pool, many argue that an especially strong precautionary standard applies.",False,The He Jiankui episode is cited as proof that prohibitions can be evaded and hype rewarded.,0.5111084,0.44733334,0.46216914,0.484318,-0.05022292215551695,2.9983429180854015,1.1101825936837113,-1.2429761317296655,A,-0.05022292215551695,reported,True
moonshotai__kimi-k3__rep05,moonshotai/kimi-k3,5,2,4,34,The He Jiankui episode is cited as proof that prohibitions can be evaded and hype rewarded.,False,"Others reply that medicine never achieves absolute safety, that we accept risk wherever expected benefit justifies it, and that banning research may simply push it underground or offshore, beyond the reach of careful oversight.",0.62975067,0.5466899,0.6010641,0.6069674,1.0526631114701743,0.766507756514475,1.4638045715546466,0.01457192675617992,A,1.0526631114701743,aligned,True
moonshotai__kimi-k3__rep05,moonshotai/kimi-k3,5,3,0,11,,False,Even many who accept therapy worry about the boundary with enhancement.,0.56907594,0.5387718,0.55611074,0.56385744,-1.3726645049481885,8.828722795447684,6.249399486729235,4.034036485273973,A,-1.3726645049481885,dismissed,False
moonshotai__kimi-k3__rep05,moonshotai/kimi-k3,5,3,1,25,Even many who accept therapy worry about the boundary with enhancement.,False,"If we edit to remove a disease-causing mutation, why not edit to raise disease resistance, lower Alzheimer's risk, or eventually influence height, temperament or cognition?",0.6437346,0.64249635,0.6472171,0.63121724,2.7121789582795466,2.1954792766680473,4.601984002871904,-2.1485517617472216,C,4.601984002871904,aligned,True
moonshotai__kimi-k3__rep05,moonshotai/kimi-k3,5,3,2,22,"If we edit to remove a disease-causing mutation, why not edit to raise disease resistance, lower Alzheimer's risk, or eventually influence height, temperament or cognition?",False,"Critics foresee a slide from medicine into consumer genetics, driven by parental anxiety and commercial marketing, in which children become designed products.",0.658583,0.6627053,0.64340967,0.6306389,-2.9063986516417937,7.08051563394023,6.5807225059252215,-0.6881356493622294,B,7.08051563394023,aligned,True
moonshotai__kimi-k3__rep05,moonshotai/kimi-k3,5,3,3,40,"Critics foresee a slide from medicine into consumer genetics, driven by parental anxiety and commercial marketing, in which children become designed products.",False,"Defenders of the distinction concede it is blurry at the edges but point out that medicine manages blurry lines constantly: vaccination and cholesterol-lowering drugs enhance resistance and longevity, yet we do not treat them as ethically equivalent to cosmetic surgery.",0.61609274,0.5838508,0.6247422,0.6140028,0.7124802684399762,4.588954549485935,2.95027622112364,0.6374651483108756,C,2.95027622112364,aligned,True
moonshotai__kimi-k3__rep05,moonshotai/kimi-k3,5,3,4,24,"Defenders of the distinction concede it is blurry at the edges but point out that medicine manages blurry lines constantly: vaccination and cholesterol-lowering drugs enhance resistance and longevity, yet we do not treat them as ethically equivalent to cosmetic surgery.",False,"The existence of hard cases, they argue, is a reason to build institutions capable of policing a line, not a reason to abandon one.",0.46339318,0.43025008,0.44947883,0.4556528,-0.2370392216934124,-0.004006951577321138,-0.05619279317586914,-0.2663375206667115,A,-0.2370392216934124,reported,True
moonshotai__kimi-k3__rep05,moonshotai/kimi-k3,5,4,0,7,,False,Questions of justice run through every position.,0.4523371,0.46129802,0.42526436,0.46706092,0.09600375323381743,0.39769106616236966,-0.5700468847042066,-0.07555571105651322,B,0.39769106616236966,reported,True
moonshotai__kimi-k3__rep05,moonshotai/kimi-k3,5,4,1,42,Questions of justice run through every position.,False,"Advanced genetic therapies are among the most expensive treatments ever devised, and there is a real fear of a world stratified into the genetically privileged and everyone else, sometimes called a genetic underclass, whether within Australia or between rich and poor nations.",0.62953943,0.66915023,0.62535053,0.6134276,-0.526307814393658,8.485140581764572,5.114961741187144,-2.2340430029877463,B,8.485140581764572,aligned,True
moonshotai__kimi-k3__rep05,moonshotai/kimi-k3,5,4,2,44,"Advanced genetic therapies are among the most expensive treatments ever devised, and there is a real fear of a world stratified into the genetically privileged and everyone else, sometimes called a genetic underclass, whether within Australia or between rich and poor nations.",False,"Some respond that fairness depends on policy rather than technology: a one-time curative edit could cost the health system less than a lifetime of managing sickle cell disease, and public funding through Medicare could make access equitable, just as it has for earlier innovations.",0.5946142,0.62011254,0.6109091,0.5751194,3.890854583287147,2.1805899551685433,4.425661550631629,-1.0893841987109043,B,2.1805899551685433,aligned,True
moonshotai__kimi-k3__rep05,moonshotai/kimi-k3,5,4,3,25,"Some respond that fairness depends on policy rather than technology: a one-time curative edit could cost the health system less than a lifetime of managing sickle cell disease, and public funding through Medicare could make access equitable, just as it has for earlier innovations.",False,"A quieter justice concern asks whose diseases attract research attention, since rare conditions affecting wealthy populations may be prioritised over common burdens of the poor.",0.5523699,0.5683728,0.5407784,0.54920655,-1.4594352110207542,1.320637325220741,3.232548276773887,-3.2718228831514717,B,1.320637325220741,aligned,True
moonshotai__kimi-k3__rep05,moonshotai/kimi-k3,5,5,0,10,,False,Disability communities bring perspectives that complicate simple narratives of progress.,0.5156575,0.53814673,0.5215146,0.49897468,0.09433053973742059,2.720525443273364,-0.4332209065201461,-0.6313501966168407,B,2.720525443273364,aligned,True
moonshotai__kimi-k3__rep05,moonshotai/kimi-k3,5,5,1,36,Disability communities bring perspectives that complicate simple narratives of progress.,False,"Many deaf people, some autistic self-advocates and others with genetic conditions argue that selecting against their traits sends a painful message that lives like theirs are not worth living, an idea known as the expressivist objection.",0.5911175,0.59591925,0.6066819,0.5846986,0.0934421743958955,7.449487554195511,4.989569493908201,1.329181873796915,C,4.989569493908201,aligned,True
moonshotai__kimi-k3__rep05,moonshotai/kimi-k3,5,5,2,30,"Many deaf people, some autistic self-advocates and others with genetic conditions argue that selecting against their traits sends a painful message that lives like theirs are not worth living, an idea known as the expressivist objection.",False,"On the social model of disability, much of the disadvantage attached to these conditions comes from barriers and prejudice rather than biology itself, so ""fixing"" genes addresses the wrong problem.",0.61180824,0.67114013,0.638522,0.5940976,-0.17561569797224366,6.332376291995315,5.191453435597214,1.99915584046641,B,6.332376291995315,aligned,True
moonshotai__kimi-k3__rep05,moonshotai/kimi-k3,5,5,3,32,"On the social model of disability, much of the disadvantage attached to these conditions comes from barriers and prejudice rather than biology itself, so ""fixing"" genes addresses the wrong problem.",False,"Yet people living with painful degenerative illnesses often respond that they value their own lives while still wishing to spare children avoidable suffering, and that respecting persons is compatible with preventing pain.",0.58265233,0.56684804,0.58789855,0.5752228,1.0241204372269566,0.4751462268613978,2.8440032720775346,-1.2986389494256576,C,2.8440032720775346,aligned,True
moonshotai__kimi-k3__rep05,moonshotai/kimi-k3,5,5,4,21,"Yet people living with painful degenerative illnesses often respond that they value their own lives while still wishing to spare children avoidable suffering, and that respecting persons is compatible with preventing pain.",False,"Across these disagreements runs a shared demand: that people with disabilities be participants in these decisions, not merely subjects of them.",0.57488734,0.59349656,0.57263845,0.5419493,-0.519925049864396,1.8914791992813123,3.5176237229866096,-0.45845535165135515,B,1.8914791992813123,aligned,True
moonshotai__kimi-k3__rep05,moonshotai/kimi-k3,5,6,0,9,,False,Religious and philosophical traditions contribute both caution and encouragement.,0.5512649,0.46709308,0.5544783,0.5425116,0.48438446878630204,0.8989245552779177,-1.3881107508766581,-0.286354063730978,C,-1.3881107508766581,dismissed,False
moonshotai__kimi-k3__rep05,moonshotai/kimi-k3,5,6,1,44,Religious and philosophical traditions contribute both caution and encouragement.,False,"Some speak of the sanctity of life, the status of the embryo, or a sense that redesigning human inheritance is hubris, a form of playing God; others within the same traditions emphasise stewardship, holding that healing gifts of knowledge are part of humanity's vocation.",0.6383751,0.60342145,0.63174814,0.62182724,-2.050936105456785,3.139913021763205,1.0712944266933488,-0.06923004042881072,A,-2.050936105456785,dismissed,False
moonshotai__kimi-k3__rep05,moonshotai/kimi-k3,5,6,2,39,"Some speak of the sanctity of life, the status of the embryo, or a sense that redesigning human inheritance is hubris, a form of playing God; others within the same traditions emphasise stewardship, holding that healing gifts of knowledge are part of humanity's vocation.",False,"Secular thinkers voice parallel concerns: that treating human nature as raw material might erode human dignity or the unconditional acceptance parents owe children, and that an edited person's freedom could be constrained by choices made about them before conception.",0.6636706,0.6596022,0.6585516,0.6661847,-2.2272367295867297,4.100910138239851,2.8832509316294446,0.03892176890512936,A,-2.2272367295867297,dismissed,False
moonshotai__kimi-k3__rep05,moonshotai/kimi-k3,5,6,3,28,"Secular thinkers voice parallel concerns: that treating human nature as raw material might erode human dignity or the unconditional acceptance parents owe children, and that an edited person's freedom could be constrained by choices made about them before conception.",False,"Liberal philosophers reply that autonomy includes reproductive freedom, and some argue for ""procreative beneficence"", the idea that parents should choose the children expected to have the best lives.",0.57734466,0.5216614,0.561426,0.5524689,1.2295562598694232,0.6739134092789028,0.27849501244141694,-0.5242654599962407,A,1.2295562598694232,aligned,True
moonshotai__kimi-k3__rep05,moonshotai/kimi-k3,5,7,0,12,,False,Aboriginal and Torres Strait Islander peoples bring perspectives shaped by distinctive experience.,0.52090484,0.5440152,0.51651555,0.5045007,0.02440182671998631,0.8819210752268556,0.3642846637827461,0.08167323475878224,B,0.8819210752268556,aligned,True
moonshotai__kimi-k3__rep05,moonshotai/kimi-k3,5,7,1,23,Aboriginal and Torres Strait Islander peoples bring perspectives shaped by distinctive experience.,False,"Genetic information in Indigenous communities is bound up with kinship, identity and connection to country, and carries collective as well as individual meaning.",0.543224,0.61966985,0.5336634,0.5263629,-1.1180641837103757,4.5272931492085595,0.4368249562852715,-1.6743517873463862,B,4.5272931492085595,aligned,True
moonshotai__kimi-k3__rep05,moonshotai/kimi-k3,5,7,2,30,"Genetic information in Indigenous communities is bound up with kinship, identity and connection to country, and carries collective as well as individual meaning.",True,"There is a long history of research conducted on rather than with Indigenous people, and of policies, including child removal, justified by pseudo-scientific ideas about heredity, which understandably sharpens vigilance.",0.5209236,0.5282482,0.512179,0.50122166,0.11950831702648432,3.603108066824789,2.2179524879745456,0.419083880310645,B,3.603108066824789,aligned,True
moonshotai__kimi-k3__rep05,moonshotai/kimi-k3,5,7,3,41,"There is a long history of research conducted on rather than with Indigenous people, and of policies, including child removal, justified by pseudo-scientific ideas about heredity, which understandably sharpens vigilance.",False,"The Indigenous data sovereignty movement insists that decisions about genetic research and its applications require genuine partnership, Indigenous governance and free, prior and informed consent, while also holding open the possibility that these technologies, properly directed, could help close health gaps.",0.6121218,0.6317291,0.60574067,0.59010005,0.4472501637553797,3.5354686191104703,5.530503389103977,0.7887937900357066,B,3.5354686191104703,aligned,True
moonshotai__kimi-k3__rep05,moonshotai/kimi-k3,5,8,0,10,,False,Behind all of this stands the historical shadow of eugenics.,0.562813,0.54834425,0.5476603,0.5466799,-0.888839064813219,6.207881719442082,3.434882534592179,1.5928832933609378,A,-0.888839064813219,dismissed,False
moonshotai__kimi-k3__rep05,moonshotai/kimi-k3,5,8,1,23,Behind all of this stands the historical shadow of eugenics.,False,"Twentieth-century programs of forced sterilisation and selective breeding, including in Australia, discredited the idea that the state should improve the population's genetic stock.",0.55210096,0.51901805,0.5265015,0.5163832,-0.21958053778886097,2.645781110188109,2.276178731309774,1.4008533743981388,A,-0.21958053778886097,reported,True
moonshotai__kimi-k3__rep05,moonshotai/kimi-k3,5,8,2,38,"Twentieth-century programs of forced sterilisation and selective breeding, including in Australia, discredited the idea that the state should improve the population's genetic stock.",False,"The live debate today is whether a ""liberal eugenics"" of individual parental choice is categorically different from that coercive past, or whether social pressure, the expectation that good parents would prevent avoidable disability, recreates coercion in softer form.",0.62560743,0.6295748,0.6254146,0.60612386,0.6091083322098712,0.6878259581659222,1.2899800134694674,-0.9403140964388151,B,0.6878259581659222,aligned,True
moonshotai__kimi-k3__rep05,moonshotai/kimi-k3,5,8,3,28,"The live debate today is whether a ""liberal eugenics"" of individual parental choice is categorically different from that coercive past, or whether social pressure, the expectation that good parents would prevent avoidable disability, recreates coercion in softer form.",False,"Patterns around sex selection and Down syndrome screening are cited by those who fear such drift; others trust that regulation, pluralism and public vigilance can hold the line.",0.62912667,0.60572726,0.6225392,0.6113427,-0.6591765455232231,2.1611503181600713,1.4193998599174666,-1.584384596341406,A,-0.6591765455232231,dismissed,False
moonshotai__kimi-k3__rep05,moonshotai/kimi-k3,5,9,0,14,,False,The governance landscape offers many possible arrangements rather than a simple yes or no.,0.5180447,0.48725477,0.51188296,0.5230731,-0.2196241499105235,-0.15485700696997806,0.06262953765719423,-0.4280585219440401,A,-0.2196241499105235,reported,True
moonshotai__kimi-k3__rep05,moonshotai/kimi-k3,5,9,1,38,The governance landscape offers many possible arrangements rather than a simple yes or no.,False,"Australia's current framework bans heritable editing while permitting regulated research and somatic therapies; internationally there is a patchwork of prohibitions and permissive regimes, with the World Health Organization urging national oversight, clinical trial registries and attention to equity.",0.66878074,0.6676447,0.6597066,0.64207476,-1.757200513818825,1.0327356223140678,-0.036236963305709594,-0.7104979013859704,A,-1.757200513818825,dismissed,False
moonshotai__kimi-k3__rep05,moonshotai/kimi-k3,5,9,2,24,"Australia's current framework bans heritable editing while permitting regulated research and somatic therapies; internationally there is a patchwork of prohibitions and permissive regimes, with the World Health Organization urging national oversight, clinical trial registries and attention to equity.",False,"Options for this assembly range from maintaining the prohibition, through moratoria with built-in review, to licensed pathways for defined serious conditions under strict conditions.",0.4861638,0.47030815,0.48934698,0.47624525,0.5395612485014133,2.184352937510411,1.641988439924317,-0.33216250957048044,C,1.641988439924317,aligned,True
moonshotai__kimi-k3__rep05,moonshotai/kimi-k3,5,9,3,45,"Options for this assembly range from maintaining the prohibition, through moratoria with built-in review, to licensed pathways for defined serious conditions under strict conditions.",False,Beneath these lie deeper questions you will need to weigh: who should decide what counts as a serious disease; how to balance duties to existing patients against duties to future generations; and how to keep a powerful technology aligned with solidarity rather than the market.,0.6136346,0.612889,0.6184584,0.6024741,-0.5917382338043531,2.795395580538898,1.198348288858542,-1.9192382551924674,C,1.198348288858542,aligned,True
moonshotai__kimi-k3__rep05,moonshotai/kimi-k3,5,9,4,22,Beneath these lie deeper questions you will need to weigh: who should decide what counts as a serious disease; how to balance duties to existing patients against duties to future generations; and how to keep a powerful technology aligned with solidarity rather than the market.,True,"This report has tried to display the arguments and values in play; the task of deliberation, and of judgement, is now yours.",0.5617705,0.53461474,0.5366105,0.55118674,-1.094205761513876,-0.27325890933338093,1.2856362184591126,-0.4751763658146957,A,-1.094205761513876,dismissed,False
moonshotai__kimi-k3__rep06,moonshotai/kimi-k3,6,0,0,29,,False,"Most people who engage with human genome editing agree on at least one thing: the technology is powerful, and power demands careful thought about how it should be used.",0.7812368,0.78015846,0.77821445,0.7611049,-0.24723288765351759,0.29637456067401224,0.2446331264180481,-0.5126403477662825,A,-0.24723288765351759,reported,True
moonshotai__kimi-k3__rep06,moonshotai/kimi-k3,6,0,1,52,"Most people who engage with human genome editing agree on at least one thing: the technology is powerful, and power demands careful thought about how it should be used.",False,"Tools such as CRISPR now allow scientists to make targeted changes to DNA, and the central distinction that shapes almost every viewpoint is between editing that affects only the person treated (so-called somatic editing, which is not inherited) and editing of embryos, eggs or sperm, which would pass changes to future generations.",0.7262404,0.71119946,0.6989305,0.69477063,-0.4572297647484812,0.024926225412200433,0.49090068534387676,-1.1522360896524333,A,-0.4572297647484812,reported,True
moonshotai__kimi-k3__rep06,moonshotai/kimi-k3,6,0,2,26,"Tools such as CRISPR now allow scientists to make targeted changes to DNA, and the central distinction that shapes almost every viewpoint is between editing that affects only the person treated (so-called somatic editing, which is not inherited) and editing of embryos, eggs or sperm, which would pass changes to future generations.",False,Your task in this assembly is to weigh a landscape of hopes and fears that often share the same facts but draw different conclusions from them.,0.5678165,0.5207131,0.5357018,0.5593428,-0.20921067634248172,-0.04580144704115809,0.29558473937620866,-0.24357265308994103,A,-0.20921067634248172,reported,True
moonshotai__kimi-k3__rep06,moonshotai/kimi-k3,6,0,3,30,Your task in this assembly is to weigh a landscape of hopes and fears that often share the same facts but draw different conclusions from them.,True,"This report tries to set out that landscape fairly, so that you begin deliberating with a sense of what your fellow citizens, in all their diversity, bring to the question.",0.57707125,0.5924858,0.5776682,0.554852,-0.913760474016308,-0.27795865357009464,0.9585667271804414,-0.4613207454432268,B,-0.27795865357009464,reported,True
moonshotai__kimi-k3__rep06,moonshotai/kimi-k3,6,1,0,19,,False,The strongest current of support for genome editing comes from people whose lives are touched by serious inherited disease.,0.76602805,0.73485816,0.7294961,0.71071035,2.161578176187759,1.0419184098756522,3.1468561172884084,-1.0457376893179022,A,2.161578176187759,aligned,True
moonshotai__kimi-k3__rep06,moonshotai/kimi-k3,6,1,1,33,The strongest current of support for genome editing comes from people whose lives are touched by serious inherited disease.,False,"Families affected by conditions such as Huntington's disease, muscular dystrophy, cystic fibrosis or thalassaemia often speak not of abstract ethics but of watching children suffer, of funerals, of calculations made before every pregnancy.",0.5772327,0.59016895,0.5854598,0.5725799,-0.7555632529122521,0.6387294655310688,-0.2601023096218705,-1.9711141499475342,B,0.6387294655310688,aligned,True
moonshotai__kimi-k3__rep06,moonshotai/kimi-k3,6,1,2,24,"Families affected by conditions such as Huntington's disease, muscular dystrophy, cystic fibrosis or thalassaemia often speak not of abstract ethics but of watching children suffer, of funerals, of calculations made before every pregnancy.",False,"For them, editing carries a straightforward moral logic: if we can safely prevent such suffering, refusing to do so is itself a moral failure.",0.63342816,0.60006475,0.61559325,0.6252846,5.1183393138341495,-0.14478729958878828,5.920713914294903,-1.580028037937009,A,5.1183393138341495,aligned,True
moonshotai__kimi-k3__rep06,moonshotai/kimi-k3,6,1,3,33,"For them, editing carries a straightforward moral logic: if we can safely prevent such suffering, refusing to do so is itself a moral failure.",False,"Some point out that the alternatives now available, such as IVF with embryo testing, donor eggs or sperm, or remaining childless, do not suit everyone and can themselves be emotionally and financially brutal.",0.54510254,0.5427886,0.58890235,0.5518024,0.2212824974852264,1.611600575952907,0.9933712336051395,0.20763804774265748,C,0.9933712336051395,aligned,True
moonshotai__kimi-k3__rep06,moonshotai/kimi-k3,6,1,4,35,"Some point out that the alternatives now available, such as IVF with embryo testing, donor eggs or sperm, or remaining childless, do not suit everyone and can themselves be emotionally and financially brutal.",False,"Australians saw a version of this argument succeed in 2022, when parliament passed Maeve's Law allowing mitochondrial donation for families facing devastating mitochondrial disease, a reform framed as cautious, licensed and compassionate rather than permissive.",0.5848591,0.59169984,0.61934185,0.5456717,0.34150966653891374,1.7526357113721318,1.6921078103198666,0.23771221894654437,C,1.6921078103198666,aligned,True
moonshotai__kimi-k3__rep06,moonshotai/kimi-k3,6,2,0,26,,False,"Alongside this hope runs a strong current of scientific caution, and it is important to understand that most cautious voices are not hostile to the technology.",0.6999766,0.59126127,0.67458034,0.6755266,1.4359183779952585,1.1260063388345587,1.9326269144371322,0.9169996634971175,A,1.4359183779952585,aligned,True
moonshotai__kimi-k3__rep06,moonshotai/kimi-k3,6,2,1,19,"Alongside this hope runs a strong current of scientific caution, and it is important to understand that most cautious voices are not hostile to the technology.",False,"Many researchers celebrate the first approved gene-editing treatments for blood disorders overseas, and support somatic research under tight oversight.",0.65945,0.6221496,0.6296038,0.61179453,2.45705938671861,3.6739474470063587,4.530279893955449,-0.8102666565004621,A,2.45705938671861,aligned,True
moonshotai__kimi-k3__rep06,moonshotai/kimi-k3,6,2,2,13,"Many researchers celebrate the first approved gene-editing treatments for blood disorders overseas, and support somatic research under tight oversight.",True,"Their caution concentrates on heritable editing, where mistakes would be permanent and transmissible.",0.67524016,0.6431634,0.6774634,0.6623139,-1.293677963383961,1.2838669090945032,1.08743660531356,-1.9574564261641352,C,1.08743660531356,aligned,True
moonshotai__kimi-k3__rep06,moonshotai/kimi-k3,6,2,3,48,"Their caution concentrates on heritable editing, where mistakes would be permanent and transmissible.",True,"They point to the risk of unintended edits elsewhere in the genome, to embryos in which only some cells are corrected, to single genes that have multiple effects we do not fully understand, and to the simple fact that no experiment can reveal consequences appearing two generations later.",0.71891487,0.7088691,0.70516676,0.7209817,-1.3833517783074059,7.299069720260159,2.389013325119158,2.4690485775462,A,-1.3833517783074059,dismissed,False
moonshotai__kimi-k3__rep06,moonshotai/kimi-k3,6,2,4,28,"They point to the risk of unintended edits elsewhere in the genome, to embryos in which only some cells are corrected, to single genes that have multiple effects we do not fully understand, and to the simple fact that no experiment can reveal consequences appearing two generations later.",False,"The case of He Jiankui, the Chinese scientist who announced gene-edited babies in 2018 and was widely condemned, serves as a warning about prestige, competition and weak oversight.",0.650787,0.6423856,0.62862676,0.63079995,-0.7453195624682122,4.308561665213201,3.6501065483086865,-0.8029283913047404,A,-0.7453195624682122,dismissed,False
moonshotai__kimi-k3__rep06,moonshotai/kimi-k3,6,2,5,36,"The case of He Jiankui, the Chinese scientist who announced gene-edited babies in 2018 and was widely condemned, serves as a warning about prestige, competition and weak oversight.",False,"Some also note that traits people most fantasise about enhancing, such as intelligence or athleticism, involve thousands of genes interacting with environment, which tempers both the wildest hopes and the wildest fears, at least for now.",0.655985,0.619762,0.6084665,0.65207297,0.14239510356565008,3.2715759102211437,1.1525368057002194,0.48098883301106976,A,0.14239510356565008,reported,True
moonshotai__kimi-k3__rep06,moonshotai/kimi-k3,6,3,0,12,,False,Disability communities offer perspectives that are often misunderstood and far from uniform.,0.5345543,0.55626494,0.54579663,0.5230267,-0.08344337699527386,0.43342486459878266,0.1271659170738713,0.017232540484401367,B,0.43342486459878266,reported,True
moonshotai__kimi-k3__rep06,moonshotai/kimi-k3,6,3,1,44,Disability communities offer perspectives that are often misunderstood and far from uniform.,False,"Many disability advocates argue that selecting against genetic conditions sends a message that lives lived with those conditions are worth less, and that much of the burden of disability comes not from bodies but from a society built for some bodies and not others.",0.6136306,0.66519064,0.65011734,0.591919,-1.2025360474252373,5.380836326859716,2.9649478515598453,-0.781440781558922,B,5.380836326859716,aligned,True
moonshotai__kimi-k3__rep06,moonshotai/kimi-k3,6,3,2,34,"Many disability advocates argue that selecting against genetic conditions sends a message that lives lived with those conditions are worth less, and that much of the burden of disability comes not from bodies but from a society built for some bodies and not others.",True,"They worry that editing narrows the range of human lives regarded as acceptable, and some communities, such as parts of the deaf community, have long resisted framing their difference as a defect at all.",0.660776,0.6784586,0.6802432,0.64330935,0.35729955049813733,4.993805771154003,5.736118803362478,0.9497367670870157,C,5.736118803362478,aligned,True
moonshotai__kimi-k3__rep06,moonshotai/kimi-k3,6,3,3,26,"They worry that editing narrows the range of human lives regarded as acceptable, and some communities, such as parts of the deaf community, have long resisted framing their difference as a defect at all.",False,Others with disabilities resent being conscripted into that argument; they experience their condition as real suffering and want the option of sparing their children the same.,0.5000469,0.5339173,0.51873875,0.4824887,1.0306669272418365,1.0635692544229094,2.5466308354458302,-1.446749715743936,B,1.0635692544229094,aligned,True
moonshotai__kimi-k3__rep06,moonshotai/kimi-k3,6,3,4,22,Others with disabilities resent being conscripted into that argument; they experience their condition as real suffering and want the option of sparing their children the same.,False,"The disagreement within disability communities mirrors the disagreement in society generally, and it cautions against treating any group as a single voice.",0.5760766,0.59669274,0.58960474,0.5634764,-0.0033674182946560943,0.3217374656102039,0.1208881556554115,0.06705237419431798,B,0.3217374656102039,reported,True
moonshotai__kimi-k3__rep06,moonshotai/kimi-k3,6,4,0,8,,False,Questions of fairness run through nearly every perspective.,0.53510046,0.56268346,0.51965487,0.54554546,-0.4652679571459884,0.4391180461368641,0.6033854325965511,0.391749151723925,B,0.4391180461368641,reported,True
moonshotai__kimi-k3__rep06,moonshotai/kimi-k3,6,4,1,27,Questions of fairness run through nearly every perspective.,False,"Advanced genetic medicine will be expensive, at least initially, and many Australians ask whether it will be available through Medicare or only to those who can pay.",0.56972855,0.5882831,0.5772625,0.56029487,-0.4252378227686856,0.15273651667070218,0.9465092124239891,-1.7034968047753498,B,0.15273651667070218,reported,True
moonshotai__kimi-k3__rep06,moonshotai/kimi-k3,6,4,2,36,"Advanced genetic medicine will be expensive, at least initially, and many Australians ask whether it will be available through Medicare or only to those who can pay.",False,"The fear is a future stratified by genetics, where the wealthy buy not just better schools and better postcodes but better genomes, a fear that resonates in a country that prides itself on the fair go.",0.5949031,0.59411293,0.5549012,0.57250327,-3.774228361228014,7.67053695497234,7.65424541802393,0.40457166602645883,A,-3.774228361228014,dismissed,False
moonshotai__kimi-k3__rep06,moonshotai/kimi-k3,6,4,3,13,"The fear is a future stratified by genetics, where the wealthy buy not just better schools and better postcodes but better genomes, a fear that resonates in a country that prides itself on the fair go.",False,"Access for rural and remote communities, and for poorer countries, compounds the concern.",0.48796293,0.52410704,0.49239665,0.48298192,-1.1046416774205863,2.9813725091126986,1.614111097161367,-1.0027212339715337,B,2.9813725091126986,aligned,True
moonshotai__kimi-k3__rep06,moonshotai/kimi-k3,6,4,4,37,"Access for rural and remote communities, and for poorer countries, compounds the concern.",False,"Yet others reply that inequity is a policy choice rather than a technological inevitability: many medicines began expensive and became universal, and a well-designed public system could make editing a tool for reducing, rather than deepening, inequality.",0.56237525,0.5845419,0.5478429,0.5664766,0.7104271240229719,1.4692718720540874,0.7464163853987702,-0.6375200873377617,B,1.4692718720540874,aligned,True
moonshotai__kimi-k3__rep06,moonshotai/kimi-k3,6,4,5,27,"Yet others reply that inequity is a policy choice rather than a technological inevitability: many medicines began expensive and became universal, and a well-designed public system could make editing a tool for reducing, rather than deepening, inequality.",False,"Some add a pragmatic warning that strict domestic bans do not eliminate demand but export it to unregulated clinics abroad, where neither safety nor fairness is protected.",0.48061848,0.46221486,0.47905454,0.46445101,-0.3781076931854476,3.1211365286706134,1.7137680947355702,-0.520836644346127,A,-0.3781076931854476,reported,True
moonshotai__kimi-k3__rep06,moonshotai/kimi-k3,6,5,0,8,,False,Australia's history gives these debates a particular edge.,0.4902737,0.48297948,0.47526202,0.468682,0.031198657900386034,0.08016123380977656,0.025551826329319748,0.07059958051831926,A,0.031198657900386034,reported,True
moonshotai__kimi-k3__rep06,moonshotai/kimi-k3,6,5,1,37,Australia's history gives these debates a particular edge.,False,"Eugenic thinking once shaped real policies here, from the control of Aboriginal families and the removal of Indigenous children to the sterilisation of people with intellectual disability, which persisted in some forms into the late twentieth century.",0.51901567,0.517052,0.50450224,0.50257206,0.6725315531916567,4.302816799646098,0.6580863689887332,0.021695044103689786,A,0.6725315531916567,aligned,True
moonshotai__kimi-k3__rep06,moonshotai/kimi-k3,6,5,2,26,"Eugenic thinking once shaped real policies here, from the control of Aboriginal families and the removal of Indigenous children to the sterilisation of people with intellectual disability, which persisted in some forms into the late twentieth century.",True,"That memory makes many people wary of any state-endorsed programme for selecting which kinds of humans should be born, even when framed as voluntary and medical.",0.6558256,0.6624562,0.66962814,0.63579017,-1.0857465734367722,7.002777649050404,4.080246892369758,0.8195315808322633,C,4.080246892369758,aligned,True
moonshotai__kimi-k3__rep06,moonshotai/kimi-k3,6,5,3,36,"That memory makes many people wary of any state-endorsed programme for selecting which kinds of humans should be born, even when framed as voluntary and medical.",False,"First Nations Australians also bring experience of genetic research conducted on them rather than with them, and Indigenous scholars have developed principles of data sovereignty and collective consent that any future programme would need to respect.",0.56822133,0.5728929,0.55654216,0.54333323,-0.8829021660887519,2.943190901790221,1.5614327735771079,-0.8143189382296987,B,2.943190901790221,aligned,True
moonshotai__kimi-k3__rep06,moonshotai/kimi-k3,6,5,4,38,"First Nations Australians also bring experience of genetic research conducted on them rather than with them, and Indigenous scholars have developed principles of data sovereignty and collective consent that any future programme would need to respect.",False,"At the same time, genomic medicine holds genuine promise for conditions that burden Indigenous communities heavily, such as kidney disease and diabetes, so the demand is not for exclusion from the science but for inclusion in governing it.",0.64366966,0.65022916,0.62859136,0.60780907,2.799460394799244,3.3893461742336517,6.518171197767079,0.8795300837987454,B,3.3893461742336517,aligned,True
moonshotai__kimi-k3__rep06,moonshotai/kimi-k3,6,6,0,7,,False,Religious and philosophical traditions contribute another layer.,0.50112194,0.45462608,0.49422914,0.49279112,0.08730296445661234,1.8305582168069667,-1.3371451476131913,-0.17156140292645425,A,0.08730296445661234,reported,True
moonshotai__kimi-k3__rep06,moonshotai/kimi-k3,6,6,1,47,Religious and philosophical traditions contribute another layer.,False,"For some, the human genome belongs to the given order of creation, and rewriting it is a form of overreach, sometimes described as playing God; for traditions that accord full moral status to embryos, the destruction of embryos involved in embryo editing is itself a grave wrong.",0.7336823,0.73282284,0.7195263,0.6988694,-3.9888416912071993,1.419896647220303,1.1377198286342902,-1.7203756645487736,A,-3.9888416912071993,dismissed,False
moonshotai__kimi-k3__rep06,moonshotai/kimi-k3,6,6,2,27,"For some, the human genome belongs to the given order of creation, and rewriting it is a form of overreach, sometimes described as playing God; for traditions that accord full moral status to embryos, the destruction of embryos involved in embryo editing is itself a grave wrong.",False,"Yet within the same traditions, other voices emphasise stewardship and healing, arguing that medicine has always been a way of cooperating with, rather than defying, the divine.",0.5806656,0.53109825,0.5712171,0.548025,0.49876065497810473,1.9611908791886528,1.285904118946055,-0.14922707448859002,A,0.49876065497810473,reported,True
moonshotai__kimi-k3__rep06,moonshotai/kimi-k3,6,6,3,49,"Yet within the same traditions, other voices emphasise stewardship and healing, arguing that medicine has always been a way of cooperating with, rather than defying, the divine.",False,"Secular thinkers voice parallel concerns: that children should be received as gifts rather than manufactured as products, that a person designed to another's specification may struggle to feel the author of their own life, and that some things about human beings should remain outside the market and the workshop.",0.60069495,0.6027875,0.60473084,0.60234594,-0.19991649008763476,4.94637019240734,4.165383002249581,2.515917995102645,C,4.165383002249581,aligned,True
moonshotai__kimi-k3__rep06,moonshotai/kimi-k3,6,7,0,11,,False,Countering these worries is a family of arguments built on freedom.,0.60431886,0.57275885,0.5683919,0.58162165,0.030715934202307837,0.12824778613488888,-0.10602497661835512,-0.05109992684039753,A,0.030715934202307837,reported,True
moonshotai__kimi-k3__rep06,moonshotai/kimi-k3,6,7,1,29,Countering these worries is a family of arguments built on freedom.,False,"Liberal societies generally let parents make far-reaching choices for their children, through diet, schooling, religion and medical care, so why should genetic influence be singled out as uniquely illegitimate?",0.6071745,0.6344214,0.6050706,0.589503,-0.2704643072016186,0.42206039181502997,2.1132754640019256,-0.3540441529732197,B,0.42206039181502997,reported,True
moonshotai__kimi-k3__rep06,moonshotai/kimi-k3,6,7,2,23,"Liberal societies generally let parents make far-reaching choices for their children, through diet, schooling, religion and medical care, so why should genetic influence be singled out as uniquely illegitimate?",False,"If prenatal screening and embryo testing are already accepted, some ask, is editing not simply a more effective step along the same road?",0.64721924,0.6248083,0.6415662,0.6490789,2.152433917860035,0.885660896394402,2.564916574123782,-0.6540102041419595,A,2.152433917860035,aligned,True
moonshotai__kimi-k3__rep06,moonshotai/kimi-k3,6,7,3,57,"If prenatal screening and embryo testing are already accepted, some ask, is editing not simply a more effective step along the same road?",False,"The replies are equally familiar: the edited child cannot consent, the changes flow on to grandchildren who cannot consent either, parental choices can close off a child's future options rather than open them, and millions of private choices can quietly become a social expectation, so that parents who decline editing may one day be seen as negligent.",0.6507461,0.67200816,0.6423502,0.62665117,-2.0073514166218227,4.9182872161082924,1.8345228889514689,-2.7217169473390093,B,4.9182872161082924,aligned,True
moonshotai__kimi-k3__rep06,moonshotai/kimi-k3,6,8,0,9,,False,"Finally, there are the questions of governance and trust.",0.53174156,0.49600625,0.49335983,0.51759636,-0.9653498445067089,0.9601095579587858,0.3020121698232832,-1.4167606859240913,A,-0.9653498445067089,dismissed,False
moonshotai__kimi-k3__rep06,moonshotai/kimi-k3,6,8,1,37,"Finally, there are the questions of governance and trust.",False,"Australian law currently prohibits heritable genome editing, and periodic reviews have so far maintained that position while permitting somatic research under strict licensing; Maeve's Law showed that staged, safeguarded change is possible when the case is compelling.",0.6456101,0.65322524,0.6409143,0.61801,-1.6829857947921842,0.9802935552194679,-0.09830506630627506,-0.6279886921657453,B,0.9802935552194679,aligned,True
moonshotai__kimi-k3__rep06,moonshotai/kimi-k3,6,8,2,35,"Australian law currently prohibits heritable genome editing, and periodic reviews have so far maintained that position while permitting somatic research under strict licensing; Maeve's Law showed that staged, safeguarded change is possible when the case is compelling.",False,"Internationally, regulation is a patchwork, commercial pressures from the fertility industry and patent holders are real, and public confidence, once lost, is hard to rebuild, as the experience of genetically modified crops taught many scientists.",0.6134374,0.5579697,0.577157,0.5817595,-1.7930134261155033,3.7068520233628806,1.201581524295616,-1.4027358258119789,A,-1.7930134261155033,dismissed,False
moonshotai__kimi-k3__rep06,moonshotai/kimi-k3,6,8,3,25,"Internationally, regulation is a patchwork, commercial pressures from the fertility industry and patent holders are real, and public confidence, once lost, is hard to rebuild, as the experience of genetically modified crops taught many scientists.",False,"For some Australians, how the decision is made matters as much as what is decided: transparently, with affected communities at the table, and without hype.",0.5130237,0.5116188,0.5029298,0.47193825,0.5282451758394018,0.07496094284098949,1.0612864137272118,-0.46329312915462645,A,0.5282451758394018,aligned,True
moonshotai__kimi-k3__rep06,moonshotai/kimi-k3,6,9,0,13,,False,"As you deliberate, you will find the hardest questions sitting at the boundaries.",0.48417836,0.44458365,0.46174407,0.5048902,-0.004069495164440036,0.07702947356330694,-0.0038077273021918014,0.028781767803011445,A,-0.004069495164440036,reported,True
moonshotai__kimi-k3__rep06,moonshotai/kimi-k3,6,9,1,7,"As you deliberate, you will find the hardest questions sitting at the boundaries.",False,Is correcting high cholesterol therapy or enhancement?,0.50215477,0.45619893,0.48795447,0.48174804,1.342916090099607,6.549838427563664,4.285048835678609,0.9702247712947435,A,1.342916090099607,aligned,True
moonshotai__kimi-k3__rep06,moonshotai/kimi-k3,6,9,2,11,Is correcting high cholesterol therapy or enhancement?,False,"Is preventing deafness like preventing disease, or like erasing a community?",0.5343727,0.5437119,0.55066925,0.52033854,-1.0322068705037233,7.178783235775776,4.396289881884586,-1.465904365053866,C,4.396289881884586,aligned,True
moonshotai__kimi-k3__rep06,moonshotai/kimi-k3,6,9,3,24,"Is preventing deafness like preventing disease, or like erasing a community?",False,"The values in play, compassion, caution, freedom, equality, dignity, solidarity and humility, are all genuinely held, and no single perspective contains the whole truth.",0.5039836,0.4838859,0.50458026,0.50610846,0.03713833672896726,0.1750695243556402,0.11437225678499087,-0.03308315248752478,C,0.11437225678499087,reported,True
moonshotai__kimi-k3__rep06,moonshotai/kimi-k3,6,9,4,14,"The values in play, compassion, caution, freedom, equality, dignity, solidarity and humility, are all genuinely held, and no single perspective contains the whole truth.",False,"Your work is to find what a fair-minded Australian public could endorse, and why.",0.5368188,0.49891186,0.5051262,0.50327545,-0.5882808141456916,-0.3779608037689467,1.806038713625166,-1.047522182077519,A,-0.5882808141456916,dismissed,False
moonshotai__kimi-k3__rep07,moonshotai/kimi-k3,7,0,0,10,,True,This report is not an argument for any particular position.,0.5213562,0.51452285,0.5355838,0.5519697,-0.1045282585095265,0.10355432767944876,0.09880849138018677,0.08727122878161024,C,0.09880849138018677,reported,True
moonshotai__kimi-k3__rep07,moonshotai/kimi-k3,7,0,1,36,This report is not an argument for any particular position.,True,"Its purpose is to sketch the terrain of views that Australians and others bring to human genome editing, so that you can begin deliberating with a sense of the hopes, fears, values and experiences at stake.",0.7421899,0.73672956,0.7201844,0.7094477,-1.5729955199593681,-0.0376974203041755,1.8715245022777525,-1.252548022422998,A,-1.5729955199593681,dismissed,False
moonshotai__kimi-k3__rep07,moonshotai/kimi-k3,7,0,2,52,"Its purpose is to sketch the terrain of views that Australians and others bring to human genome editing, so that you can begin deliberating with a sense of the hopes, fears, values and experiences at stake.",False,"A useful starting point is a distinction that runs through almost every discussion: editing the genes of a living patient to treat their disease (somatic editing, which affects only that person) is quite different from editing embryos, eggs or sperm so that changes are passed to future generations (heritable or germline editing).",0.7204535,0.73527455,0.7194519,0.69364256,0.5808774031758365,0.565690314138337,0.5565865459690393,-0.7712963354693784,B,0.565690314138337,aligned,True
moonshotai__kimi-k3__rep07,moonshotai/kimi-k3,7,0,3,15,"A useful starting point is a distinction that runs through almost every discussion: editing the genes of a living patient to treat their disease (somatic editing, which affects only that person) is quite different from editing embryos, eggs or sperm so that changes are passed to future generations (heritable or germline editing).",False,"A second distinction, between therapy and enhancement, sounds equally clear but often blurs on inspection.",0.556767,0.50818044,0.52767503,0.5500604,-0.11820724184246503,2.5174833902448874,1.404644445907906,0.5766515210349462,A,-0.11820724184246503,reported,True
moonshotai__kimi-k3__rep07,moonshotai/kimi-k3,7,0,4,20,"A second distinction, between therapy and enhancement, sounds equally clear but often blurs on inspection.",False,Much of the disagreement you will encounter is really disagreement about where these lines fall and who should draw them.,0.54484034,0.5359498,0.5448361,0.5469426,-0.14466757748276002,1.04967605472455,0.08378419195651075,0.21844863992650074,A,-0.14466757748276002,reported,True
moonshotai__kimi-k3__rep07,moonshotai/kimi-k3,7,1,0,14,,False,The strongest hopeful voices come from families and communities affected by serious genetic disease.,0.64247304,0.61238647,0.6114282,0.5845349,2.8569682288987677,2.146816517495318,2.262003761509258,0.18758090497867672,A,2.8569682288987677,aligned,True
moonshotai__kimi-k3__rep07,moonshotai/kimi-k3,7,1,1,46,The strongest hopeful voices come from families and communities affected by serious genetic disease.,False,"For parents who have watched a child die of Tay-Sachs disease or Duchenne muscular dystrophy, or who carry Huntington's disease and face a one-in-two chance of passing it on, genome editing can represent not an abstraction but the possibility of sparing children and grandchildren from suffering.",0.68871963,0.71645355,0.6928574,0.65581906,4.023784047887894,1.0499670376942964,5.456785074712824,1.5246633602265502,B,1.0499670376942964,aligned,True
moonshotai__kimi-k3__rep07,moonshotai/kimi-k3,7,1,2,40,"For parents who have watched a child die of Tay-Sachs disease or Duchenne muscular dystrophy, or who carry Huntington's disease and face a one-in-two chance of passing it on, genome editing can represent not an abstraction but the possibility of sparing children and grandchildren from suffering.",False,"Proponents note that the first wave of change is already here: CRISPR-based treatments for sickle cell disease and beta thalassaemia have been approved by regulators including Australia's Therapeutic Goods Administration, and these somatic therapies are widely seen as unambiguous goods.",0.61630815,0.5903958,0.5891412,0.5683387,2.5400233276898514,0.030493479555589037,2.156713855894632,-0.4467496379528894,A,2.5400233276898514,aligned,True
moonshotai__kimi-k3__rep07,moonshotai/kimi-k3,7,1,3,12,"Proponents note that the first wave of change is already here: CRISPR-based treatments for sickle cell disease and beta thalassaemia have been approved by regulators including Australia's Therapeutic Goods Administration, and these somatic therapies are widely seen as unambiguous goods.",False,"For heritable editing, advocates point to cases where existing technologies fall short.",0.62899077,0.61661243,0.6221743,0.63047934,0.7921835201804062,0.055601028850651366,0.9679222041397586,-0.6965956788684706,A,0.7921835201804062,aligned,True
moonshotai__kimi-k3__rep07,moonshotai/kimi-k3,7,1,4,38,"For heritable editing, advocates point to cases where existing technologies fall short.",False,"Embryo screening through IVF works only when at least some embryos are unaffected; where both parents carry the same recessive condition, or where a couple objects to discarding embryos on moral grounds, editing could offer something selection cannot.",0.58220714,0.60771006,0.60462,0.59773916,1.3724395918496881,0.4467753876929055,1.6947543199715436,-0.2651419170826557,B,0.4467753876929055,reported,True
moonshotai__kimi-k3__rep07,moonshotai/kimi-k3,7,1,5,21,"Embryo screening through IVF works only when at least some embryos are unaffected; where both parents carry the same recessive condition, or where a couple objects to discarding embryos on moral grounds, editing could offer something selection cannot.",False,"Some add that Australia, with its strong research sector, could lead responsibly rather than leaving the field to less scrupulous actors.",0.5570169,0.49305585,0.5221393,0.53765774,0.0753262402027031,0.33882500701933177,0.3332856832278777,-0.09201348970236722,A,0.0753262402027031,reported,True
moonshotai__kimi-k3__rep07,moonshotai/kimi-k3,7,2,0,14,,False,Set against these hopes is a deep current of caution about safety and irreversibility.,0.5923758,0.5152373,0.5760535,0.5691383,0.09837474328174721,2.564397491269044,0.5393145195170653,-0.08231392973044416,A,0.09837474328174721,reported,True
moonshotai__kimi-k3__rep07,moonshotai/kimi-k3,7,2,1,43,Set against these hopes is a deep current of caution about safety and irreversibility.,False,"Editing tools can make unintended changes elsewhere in the genome; embryos can end up mosaics of edited and unedited cells; and a single gene can have effects across many traits, so that an edit made to prevent one disease might subtly alter others.",0.6847592,0.686273,0.6632731,0.67274535,-0.050263652545691054,2.736231682843646,1.5182947741288813,-0.7422151715372456,B,2.736231682843646,aligned,True
moonshotai__kimi-k3__rep07,moonshotai/kimi-k3,7,2,2,23,"Editing tools can make unintended changes elsewhere in the genome; embryos can end up mosaics of edited and unedited cells; and a single gene can have effects across many traits, so that an edit made to prevent one disease might subtly alter others.",False,"With heritable editing, errors would propagate through generations, and the people most affected — descendants who do not yet exist — cannot consent.",0.66153103,0.6616555,0.648355,0.63969207,-2.8042509163112848,3.846087485381868,1.5968144707434122,-2.0104841100919293,B,3.846087485381868,aligned,True
moonshotai__kimi-k3__rep07,moonshotai/kimi-k3,7,2,3,45,"With heritable editing, errors would propagate through generations, and the people most affected — descendants who do not yet exist — cannot consent.",False,"The 2018 case of He Jiankui, the Chinese scientist jailed after announcing the birth of gene-edited twins, is frequently invoked as evidence of what happens when ambition outruns oversight, and many scientists who support eventual use still argue that the science is nowhere near ready.",0.6719112,0.6212732,0.63016826,0.64400065,-1.1602986298734324,1.729903517292987,1.0483460259265853,-0.4692675157074697,A,-1.1602986298734324,dismissed,False
moonshotai__kimi-k3__rep07,moonshotai/kimi-k3,7,2,4,26,"The 2018 case of He Jiankui, the Chinese scientist jailed after announcing the birth of gene-edited twins, is frequently invoked as evidence of what happens when ambition outruns oversight, and many scientists who support eventual use still argue that the science is nowhere near ready.",False,"Others reply that all medicine once faced such unknowns, that standards can be developed, and that indefinite delay has its own moral cost in preventable suffering.",0.5650266,0.5069275,0.5495402,0.55812424,1.372365428922349,2.5183142352348664,0.6690273116066243,0.08852791237761261,A,1.372365428922349,aligned,True
moonshotai__kimi-k3__rep07,moonshotai/kimi-k3,7,3,0,16,,False,Questions of justice and access loom large in a country with a mixed public-private health system.,0.47937194,0.513507,0.46352944,0.47888738,-0.8848163439496419,1.6693688695691518,0.4665153370890769,-0.7143949479900769,B,1.6693688695691518,aligned,True
moonshotai__kimi-k3__rep07,moonshotai/kimi-k3,7,3,1,33,Questions of justice and access loom large in a country with a mixed public-private health system.,False,"If editing becomes available only to those who can pay, critics foresee a genetic divide layered on top of existing inequalities, with advantages concentrating across generations in ways that ordinary inequality does not.",0.67002475,0.6840003,0.6363831,0.6431251,-3.411084607408265,6.688411092361787,4.652932478563161,-3.115074295187951,B,6.688411092361787,aligned,True
moonshotai__kimi-k3__rep07,moonshotai/kimi-k3,7,3,2,16,"If editing becomes available only to those who can pay, critics foresee a genetic divide layered on top of existing inequalities, with advantages concentrating across generations in ways that ordinary inequality does not.",False,"Regional and remote Australians, who already struggle to access specialist care, may be left further behind.",0.47052413,0.49013394,0.4780773,0.45887157,-0.2871028776146704,0.21185446085466533,-0.0798521923863154,-0.23531415736768396,B,0.21185446085466533,reported,True
moonshotai__kimi-k3__rep07,moonshotai/kimi-k3,7,3,3,32,"Regional and remote Australians, who already struggle to access specialist care, may be left further behind.",False,"Defenders of permissive approaches respond that this is an argument for public funding, not prohibition: if editing prevents lifelong illness, Medicare coverage could make it an instrument of fairness rather than division.",0.6342261,0.5811232,0.60921806,0.59876597,5.137745617749168,3.591904784944491,5.253238479463176,1.167343613543926,A,5.137745617749168,aligned,True
moonshotai__kimi-k3__rep07,moonshotai/kimi-k3,7,3,4,22,"Defenders of permissive approaches respond that this is an argument for public funding, not prohibition: if editing prevents lifelong illness, Medicare coverage could make it an instrument of fairness rather than division.",True,"They also note that Australia already tolerates large disparities in access to reproductive technologies, and ask why editing should be singled out.",0.64104307,0.6628265,0.6428398,0.6380273,0.02340871806256474,0.4714078934234566,0.3206594198493986,0.033279263632139205,B,0.4714078934234566,reported,True
moonshotai__kimi-k3__rep07,moonshotai/kimi-k3,7,4,0,9,,False,Disability communities bring perspectives that complicate any simple framing.,0.49918017,0.5316362,0.5200479,0.49879527,-0.012908486374944869,2.9511168894090227,-0.3034833784503278,-0.6418455621818431,B,2.9511168894090227,aligned,True
moonshotai__kimi-k3__rep07,moonshotai/kimi-k3,7,4,1,40,Disability communities bring perspectives that complicate any simple framing.,False,"The ""expressivist"" concern holds that screening out or editing away conditions like deafness, achondroplasia or Down syndrome sends a message about the value of people now living with those conditions — that some lives are not worth bringing into being.",0.60153794,0.60313255,0.6082433,0.6065816,-2.972625839257961,7.089108702005177,6.211774977185708,-2.835798382432258,C,6.211774977185708,aligned,True
moonshotai__kimi-k3__rep07,moonshotai/kimi-k3,7,4,2,28,"The ""expressivist"" concern holds that screening out or editing away conditions like deafness, achondroplasia or Down syndrome sends a message about the value of people now living with those conditions — that some lives are not worth bringing into being.",False,"Many disabled people describe their condition as bound up with identity, community and even pride, and resist the assumption that their lives are tragedies to be engineered away.",0.5293925,0.5563697,0.5287788,0.5078363,0.3421427916621906,3.0656712602711913,1.5635178539376657,-0.19713628369951033,B,3.0656712602711913,aligned,True
moonshotai__kimi-k3__rep07,moonshotai/kimi-k3,7,4,3,6,"Many disabled people describe their condition as bound up with identity, community and even pride, and resist the assumption that their lives are tragedies to be engineered away.",False,Yet disability communities are not monolithic.,0.48221105,0.5099737,0.50224245,0.4773852,-0.0004053931657108503,1.1816634569622695,0.6296757029977744,0.5421479070666826,B,1.1816634569622695,aligned,True
moonshotai__kimi-k3__rep07,moonshotai/kimi-k3,7,4,4,35,Yet disability communities are not monolithic.,False,"People living with painfully degenerative conditions sometimes resent being cast as arguments against technologies that could have spared them, and draw a sharp line between conditions that shape identity and conditions that cause relentless suffering.",0.5887111,0.6380414,0.6076312,0.5963258,1.8471856592252156,0.0905919024016476,1.604068051761132,-0.8949841456848664,B,0.0905919024016476,reported,True
moonshotai__kimi-k3__rep07,moonshotai/kimi-k3,7,4,5,31,"People living with painfully degenerative conditions sometimes resent being cast as arguments against technologies that could have spared them, and draw a sharp line between conditions that shape identity and conditions that cause relentless suffering.",False,"Underneath this debate sits a harder question: who decides which conditions are ""serious enough"" to justify intervention, and on what evidence about the quality of lives they may never have lived?",0.5434572,0.54947275,0.557233,0.5448892,-1.0633358058182056,3.757816835735283,1.4170647209128941,-1.9723952449267383,C,1.4170647209128941,aligned,True
moonshotai__kimi-k3__rep07,moonshotai/kimi-k3,7,5,0,9,,False,Then there is the boundary between healing and improving.,0.5219236,0.48011073,0.50508654,0.49501657,-0.5012846308562439,5.32097906490264,1.8213015060819449,1.258563776539523,A,-0.5012846308562439,dismissed,False
moonshotai__kimi-k3__rep07,moonshotai/kimi-k3,7,5,1,44,Then there is the boundary between healing and improving.,False,"Some philosophers, including the Australian bioethicist Julian Savulescu, argue that parents have a moral obligation to choose the best prospects for their children, a principle he calls procreative beneficence, and that if safe enhancement becomes possible it may be not merely permissible but good.",0.6354439,0.5790032,0.62518513,0.59966385,0.38153256867546603,-0.18265857558522833,1.7658318743798012,-1.3130411471055414,A,0.38153256867546603,reported,True
moonshotai__kimi-k3__rep07,moonshotai/kimi-k3,7,5,2,36,"Some philosophers, including the Australian bioethicist Julian Savulescu, argue that parents have a moral obligation to choose the best prospects for their children, a principle he calls procreative beneficence, and that if safe enhancement becomes possible it may be not merely permissible but good.",False,"Others warn of a ratchet effect: once some families can select for height, cognition or disease resistance, social and economic pressure may make opting out feel like negligence, producing a consumer-driven eugenics with no single coercer.",0.6043886,0.6094078,0.59168625,0.5821149,-1.9548446335399057,7.289147909220778,5.844131293962711,-5.460617370136317,B,7.289147909220778,aligned,True
moonshotai__kimi-k3__rep07,moonshotai/kimi-k3,7,5,3,38,"Others warn of a ratchet effect: once some families can select for height, cognition or disease resistance, social and economic pressure may make opting out feel like negligence, producing a consumer-driven eugenics with no single coercer.",False,"The word eugenics carries heavy historical weight in Australia, where ideas of racial and genetic fitness once informed the White Australia policy and the removal of Aboriginal children, and where people with disabilities were institutionalised and sometimes sterilised.",0.5482307,0.5513189,0.5293237,0.521796,-0.07447558749350718,4.164594186206814,2.201718323528331,0.26034515087289045,B,4.164594186206814,aligned,True
moonshotai__kimi-k3__rep07,moonshotai/kimi-k3,7,5,4,24,"The word eugenics carries heavy historical weight in Australia, where ideas of racial and genetic fitness once informed the White Australia policy and the removal of Aboriginal children, and where people with disabilities were institutionalised and sometimes sterilised.",False,"Defenders of parental choice counter that the historical evil was state coercion, not parental decision-making, and that the analogy misleads more than it illuminates.",0.5117521,0.5088958,0.51079607,0.49397495,0.745000981416088,1.9364512444147837,0.5743396266270432,-0.47503848313295755,A,0.745000981416088,aligned,True
moonshotai__kimi-k3__rep07,moonshotai/kimi-k3,7,5,5,10,"Defenders of parental choice counter that the historical evil was state coercion, not parental decision-making, and that the analogy misleads more than it illuminates.",False,How you weigh that historical resonance may shape much else.,0.4763008,0.46348396,0.44992384,0.47120002,0.48070192287967084,1.942518370437319,-1.5292628127516947,-0.4097118595230858,A,0.48070192287967084,reported,True
moonshotai__kimi-k3__rep07,moonshotai/kimi-k3,7,6,0,9,,False,Aboriginal and Torres Strait Islander perspectives deserve particular attention.,0.5209458,0.5509773,0.5283649,0.51424587,-0.404773816818779,0.6406926187447971,-0.7299715206809921,0.20164627480640776,B,0.6406926187447971,aligned,True
moonshotai__kimi-k3__rep07,moonshotai/kimi-k3,7,6,1,27,Aboriginal and Torres Strait Islander perspectives deserve particular attention.,False,"Indigenous communities have experienced genetic research as something done to them rather than with them, including the historical collection and use of blood samples without meaningful consent.",0.5519953,0.6030935,0.567061,0.55476516,-0.29072593195189256,1.8388529972906689,0.9457718045564254,0.723204721798538,B,1.8388529972906689,aligned,True
moonshotai__kimi-k3__rep07,moonshotai/kimi-k3,7,6,2,17,"Indigenous communities have experienced genetic research as something done to them rather than with them, including the historical collection and use of blood samples without meaningful consent.",True,This history has generated a strong movement for Indigenous data sovereignty and genuine partnership in genomic research.,0.6000314,0.60481673,0.5651341,0.56476307,0.08904351543867968,2.9479211032009327,1.7543079895185654,0.63951257860841,B,2.9479211032009327,aligned,True
moonshotai__kimi-k3__rep07,moonshotai/kimi-k3,7,6,3,25,This history has generated a strong movement for Indigenous data sovereignty and genuine partnership in genomic research.,False,"Concepts that loom large in mainstream bioethics, such as individual reproductive autonomy, may sit differently within worldviews emphasising kinship, collective wellbeing and connection to country.",0.64108884,0.64748716,0.6326692,0.6327581,-0.058186828691977985,1.2593022493063475,0.7430366865356334,0.44345209226507,B,1.2593022493063475,aligned,True
moonshotai__kimi-k3__rep07,moonshotai/kimi-k3,7,6,4,19,"Concepts that loom large in mainstream bioethics, such as individual reproductive autonomy, may sit differently within worldviews emphasising kinship, collective wellbeing and connection to country.",False,"Any durable Australian framework will need Indigenous voices at the table from the start, not consulted after the fact.",0.49853018,0.5209676,0.515767,0.48738417,-0.1172818000090771,0.7339752848714123,2.362745082380716,-1.4440773276728578,B,0.7339752848714123,aligned,True
moonshotai__kimi-k3__rep07,moonshotai/kimi-k3,7,7,0,7,,False,Religious and cultural viewpoints are similarly diverse.,0.55263597,0.5228052,0.5790227,0.54267377,0.26689693220658234,0.49123852003074703,-0.2385778289940209,0.16992959578463346,C,-0.2385778289940209,reported,True
moonshotai__kimi-k3__rep07,moonshotai/kimi-k3,7,7,1,44,Religious and cultural viewpoints are similarly diverse.,False,"Some traditions see the human genome as part of a created order that humans should steward but not rewrite, and worry about ""playing God""; many place moral weight on the status of the embryo, since heritable editing typically involves creating and sometimes destroying embryos.",0.7810194,0.7742247,0.77717185,0.742568,-4.007008227095648,2.1729209301128853,1.5346253970691761,-1.9143933162819302,A,-4.007008227095648,dismissed,False
moonshotai__kimi-k3__rep07,moonshotai/kimi-k3,7,7,2,27,"Some traditions see the human genome as part of a created order that humans should steward but not rewrite, and worry about ""playing God""; many place moral weight on the status of the embryo, since heritable editing typically involves creating and sometimes destroying embryos.",False,"Yet within the same traditions, others argue that healing is a religious duty and that refusing a safe means of preventing suffering would be its own failure.",0.56857634,0.5299664,0.56722677,0.54190326,2.1134848140808753,1.1902657769789222,1.3123118145167234,-0.4186745576417888,A,2.1134848140808753,aligned,True
moonshotai__kimi-k3__rep07,moonshotai/kimi-k3,7,7,3,23,"Yet within the same traditions, others argue that healing is a religious duty and that refusing a safe means of preventing suffering would be its own failure.",False,"In a multicultural society, no single doctrine can settle the question, but these visions of human dignity shape how many citizens intuitively respond.",0.5873002,0.57881665,0.58839864,0.5759576,0.04898034295067191,0.14196970965072978,-0.07897979319357547,-0.009129422004334638,C,-0.07897979319357547,reported,True
moonshotai__kimi-k3__rep07,moonshotai/kimi-k3,7,8,0,9,,False,Australia's existing framework is a restrictive but evolving one.,0.46519268,0.46246535,0.46591362,0.46852705,-0.04896578142506769,0.07471273415023462,0.08279238712479128,-0.036677263284509536,C,0.08279238712479128,reported,True
moonshotai__kimi-k3__rep07,moonshotai/kimi-k3,7,8,1,25,Australia's existing framework is a restrictive but evolving one.,False,"Heritable genome editing is currently prohibited under the Prohibition of Human Cloning for Reproduction Act 2002, and embryo research is tightly licensed through the NHMRC.",0.66260433,0.6614785,0.6521998,0.6178601,-1.7990175509866093,0.9382007634421459,-0.11498535047358006,-0.6921476717613404,A,-1.7990175509866093,dismissed,False
moonshotai__kimi-k3__rep07,moonshotai/kimi-k3,7,8,2,44,"Heritable genome editing is currently prohibited under the Prohibition of Human Cloning for Reproduction Act 2002, and embryo research is tightly licensed through the NHMRC.",False,"The 2021 passage of ""Maeve's Law"", permitting mitochondrial donation under a staged, licensed regime after extensive review and community consultation, is often cited as a model of how Australia can liberalise cautiously: begin with research, build evidence, then permit clinical use under close supervision.",0.5638952,0.5431249,0.58880365,0.5231557,0.4941403220265058,0.14236077279871104,0.9274084284796844,-0.7091100289172029,C,0.9274084284796844,aligned,True
moonshotai__kimi-k3__rep07,moonshotai/kimi-k3,7,8,3,21,"The 2021 passage of ""Maeve's Law"", permitting mitochondrial donation under a staged, licensed regime after extensive review and community consultation, is often cited as a model of how Australia can liberalise cautiously: begin with research, build evidence, then permit clinical use under close supervision.",False,"Whether that precedent should extend to genome editing, or whether it is the exception that proves the rule, is itself contested.",0.7119685,0.70426863,0.70228255,0.70144784,-0.07163860341126568,1.694070327757217,1.2324150921983525,0.3792277672866476,A,-0.07163860341126568,reported,True
moonshotai__kimi-k3__rep07,moonshotai/kimi-k3,7,8,4,42,"Whether that precedent should extend to genome editing, or whether it is the exception that proves the rule, is itself contested.",False,"Practical questions press in regardless of the legal line chosen: Australians can already travel overseas for treatments unavailable at home, international governance remains fragmented, and public trust — fragile after episodes like He Jiankui's — may be the scarcest resource of all.",0.5430485,0.52359504,0.5289501,0.521417,-0.8837231355300171,2.7813813655011486,1.7611915560081248,-2.0480812974998845,A,-0.8837231355300171,dismissed,False
moonshotai__kimi-k3__rep07,moonshotai/kimi-k3,7,8,5,12,"Practical questions press in regardless of the legal line chosen: Australians can already travel overseas for treatments unavailable at home, international governance remains fragmented, and public trust — fragile after episodes like He Jiankui's — may be the scarcest resource of all.",False,Some argue legislation should lead; others prefer professional self-regulation with statutory backstops.,0.5144393,0.47409233,0.50771135,0.49120176,0.26730684021604245,0.4321478299680166,-0.7820615538892162,-0.3043053159669216,A,0.26730684021604245,reported,True
moonshotai__kimi-k3__rep07,moonshotai/kimi-k3,7,9,0,56,,False,"What emerges from this landscape is less a set of sides than a set of values in tension: compassion for suffering, respect for reproductive freedom, fairness between generations and within this one, precaution in the face of irreversibility, solidarity with those whose conditions society might prefer to eliminate, and humility about what humans can wisely control.",0.6059057,0.6011296,0.610403,0.59030527,-0.0032058542815502794,0.33718466361809996,0.20092779153957963,0.026201625322573828,C,0.20092779153957963,reported,True
moonshotai__kimi-k3__rep07,moonshotai/kimi-k3,7,9,1,11,"What emerges from this landscape is less a set of sides than a set of values in tension: compassion for suffering, respect for reproductive freedom, fairness between generations and within this one, precaution in the face of irreversibility, solidarity with those whose conditions society might prefer to eliminate, and humility about what humans can wisely control.",False,"As you deliberate, you might keep returning to a few questions.",0.5135664,0.48274428,0.49212733,0.5288049,0.03814674681460019,0.07400841241003948,0.0561301239277236,0.10690226815931961,A,0.03814674681460019,reported,True
moonshotai__kimi-k3__rep07,moonshotai/kimi-k3,7,9,2,15,"As you deliberate, you might keep returning to a few questions.",False,"What counts as a disease serious enough to justify intervention, and who gets to say?",0.5210681,0.49368277,0.5272463,0.52194715,-0.5355717812391233,5.929828350279129,3.4255068976216725,-1.1128089657140665,C,3.4255068976216725,aligned,True
moonshotai__kimi-k3__rep07,moonshotai/kimi-k3,7,9,3,12,"What counts as a disease serious enough to justify intervention, and who gets to say?",False,"Can therapy and enhancement be separated in practice, or only in principle?",0.48131832,0.4242863,0.46791452,0.46622697,0.3632346813241021,3.009324522502721,1.9998221638926765,0.2051044593926053,A,0.3632346813241021,reported,True
moonshotai__kimi-k3__rep07,moonshotai/kimi-k3,7,9,4,11,"Can therapy and enhancement be separated in practice, or only in principle?",False,What would a fair system of access look like in Australia?,0.39829093,0.42180127,0.38860208,0.3923962,3.517626397286077,4.257168464127463,6.1867906943080015,2.1717427908093674,B,4.257168464127463,aligned,True
moonshotai__kimi-k3__rep07,moonshotai/kimi-k3,7,9,5,11,What would a fair system of access look like in Australia?,False,Whose consent matters when the affected parties do not yet exist?,0.47101822,0.48793823,0.4602433,0.47298497,-1.4127490536816187,-0.0647174066561275,0.2429837697843324,-1.7527503069647354,B,-0.0647174066561275,reported,True
moonshotai__kimi-k3__rep07,moonshotai/kimi-k3,7,9,6,18,Whose consent matters when the affected parties do not yet exist?,False,"And what does Maeve's Law suggest about whether Australia can move carefully, or whether caution means staying still?",0.45651147,0.4198221,0.46521452,0.46003342,0.2241283421404661,2.825255630895263,2.629567565306497,-0.744489878495224,C,2.629567565306497,aligned,True
moonshotai__kimi-k3__rep07,moonshotai/kimi-k3,7,9,7,19,"And what does Maeve's Law suggest about whether Australia can move carefully, or whether caution means staying still?",False,The participants around you will answer these differently; the task ahead is to find what can be said together.,0.5664032,0.555702,0.5443296,0.5372131,-0.2043373847284238,-0.09500688192812959,-0.11108800502144732,-0.2142206646379782,A,-0.2043373847284238,reported,True
moonshotai__kimi-k3__rep08,moonshotai/kimi-k3,8,0,0,29,,False,"Human genome editing is not one thing but a family of techniques, and much of the disagreement about it turns on distinctions that are worth holding clearly in mind.",0.7422386,0.7671408,0.74709314,0.73361444,0.0812093427934451,0.05734038261696698,0.20986775898461923,-0.013073831807269018,B,0.05734038261696698,reported,True
moonshotai__kimi-k3__rep08,moonshotai/kimi-k3,8,0,1,39,"Human genome editing is not one thing but a family of techniques, and much of the disagreement about it turns on distinctions that are worth holding clearly in mind.",False,"Editing the genes of a living patient to treat their disease, known as somatic editing, leaves no trace in the next generation, and therapies of this kind for sickle cell disease and beta thalassaemia have now been approved overseas.",0.6346736,0.6420589,0.6329634,0.6001241,3.5164631348598046,0.5663740285031965,0.8501110768728538,-0.9677841096257906,B,0.5663740285031965,aligned,True
moonshotai__kimi-k3__rep08,moonshotai/kimi-k3,8,0,2,30,"Editing the genes of a living patient to treat their disease, known as somatic editing, leaves no trace in the next generation, and therapies of this kind for sickle cell disease and beta thalassaemia have now been approved overseas.",False,"Editing embryos, eggs or sperm, by contrast, produces changes that can be inherited by all future descendants, and it is this heritable, or germline, editing that provokes the sharpest debate.",0.7076807,0.6958793,0.68727285,0.68108755,-1.6072239991941017,0.0597645933309104,-0.4512849941180319,-1.7987864625005747,A,-1.6072239991941017,dismissed,False
moonshotai__kimi-k3__rep08,moonshotai/kimi-k3,8,0,3,25,"Editing embryos, eggs or sperm, by contrast, produces changes that can be inherited by all future descendants, and it is this heritable, or germline, editing that provokes the sharpest debate.",True,"There is a further distinction between using editing to prevent or treat disease and using it to enhance traits such as height, memory or appearance.",0.67013985,0.65013516,0.6563687,0.649468,0.7451904939278028,-0.48776085110119327,-0.43719680512382203,0.9731595306834787,A,0.7451904939278028,aligned,True
moonshotai__kimi-k3__rep08,moonshotai/kimi-k3,8,0,4,43,"There is a further distinction between using editing to prevent or treat disease and using it to enhance traits such as height, memory or appearance.",False,"In Australia, heritable editing is currently prohibited under laws dating from 2002, while somatic therapies are regulated as medical products, and the 2022 decision to permit mitochondrial donation, known as Maeve's Law, shows that positions can shift through careful public and parliamentary deliberation.",0.6318043,0.63511175,0.65076244,0.5893807,-1.5673692212364405,1.078273344989575,0.020426631866430484,-0.5202355385609553,C,0.020426631866430484,reported,True
moonshotai__kimi-k3__rep08,moonshotai/kimi-k3,8,1,0,14,,False,The most powerful hopes attached to this technology come from medicine and from families.,0.61722445,0.56868464,0.5870949,0.5751051,2.3622813409002266,-0.24000978944037346,0.8494256167975253,0.5842167783709011,A,2.3622813409002266,aligned,True
moonshotai__kimi-k3__rep08,moonshotai/kimi-k3,8,1,1,39,The most powerful hopes attached to this technology come from medicine and from families.,False,"For people who carry serious inherited conditions such as Huntington's disease, cystic fibrosis or muscular dystrophy, and who have watched children, siblings or parents suffer, editing holds out the possibility of raising healthy children who are genetically their own.",0.6577746,0.6510755,0.6472149,0.6267703,2.280258318111882,1.3495274197764227,3.1498056434857427,-0.34088404959358737,A,2.280258318111882,aligned,True
moonshotai__kimi-k3__rep08,moonshotai/kimi-k3,8,1,2,35,"For people who carry serious inherited conditions such as Huntington's disease, cystic fibrosis or muscular dystrophy, and who have watched children, siblings or parents suffer, editing holds out the possibility of raising healthy children who are genetically their own.",False,"Supporters speak of compassion, of the relief of preventable suffering, and of parental love, and some argue that there is a positive moral obligation to use safe technologies to spare future children from devastating illness.",0.64803517,0.6147202,0.641363,0.605627,3.289957511718094,1.1308011526102197,3.6954582122381536,-0.8298497497939387,A,3.289957511718094,aligned,True
moonshotai__kimi-k3__rep08,moonshotai/kimi-k3,8,1,3,20,"Supporters speak of compassion, of the relief of preventable suffering, and of parental love, and some argue that there is a positive moral obligation to use safe technologies to spare future children from devastating illness.",False,"On this view, choosing not to act is itself a choice with consequences, and caution can carry its own cruelty.",0.52191174,0.49150777,0.5466702,0.5341467,0.3743272081267785,2.636221241556633,1.580386777464301,0.7163821316516258,C,1.580386777464301,aligned,True
moonshotai__kimi-k3__rep08,moonshotai/kimi-k3,8,2,0,12,,False,Many scientists and clinicians add a further argument about research and opportunity.,0.61508197,0.5316064,0.5708337,0.58668584,1.3194005627091974,0.4732795968576103,1.2679972236149477,-0.08630627114966043,A,1.3194005627091974,aligned,True
moonshotai__kimi-k3__rep08,moonshotai/kimi-k3,8,2,1,29,Many scientists and clinicians add a further argument about research and opportunity.,False,"Australia has strong capacity in genomics, and some warn that an overly restrictive stance risks driving talent and investment overseas, or leaving Australian patients dependent on other countries' decisions.",0.6109577,0.60347414,0.60202724,0.5847057,0.19999275306821804,0.26905207449803137,0.4603894003882306,-0.1426153703854652,A,0.19999275306821804,reported,True
moonshotai__kimi-k3__rep08,moonshotai/kimi-k3,8,2,2,14,"Australia has strong capacity in genomics, and some warn that an overly restrictive stance risks driving talent and investment overseas, or leaving Australian patients dependent on other countries' decisions.",False,"Research on embryos, they note, could deepen understanding of early development, infertility and miscarriage.",0.54885095,0.51830155,0.5142498,0.52806175,1.3014969573242707,1.5901380428002447,2.565043607472616,0.5422690617077757,A,1.3014969573242707,aligned,True
moonshotai__kimi-k3__rep08,moonshotai/kimi-k3,8,2,3,34,"Research on embryos, they note, could deepen understanding of early development, infertility and miscarriage.",False,"Yet it is worth knowing that the scientific community is itself divided: many researchers are among the strongest voices for caution, insisting that what can be done is not always what should be done.",0.6775716,0.5821268,0.6552863,0.6489333,-0.1425346571046976,0.26763627312451715,0.17517180335547888,0.16955827287325517,A,-0.1425346571046976,reported,True
moonshotai__kimi-k3__rep08,moonshotai/kimi-k3,8,3,0,9,,False,Safety concerns are the most immediate ground for caution.,0.5211792,0.48629758,0.51498747,0.51299524,0.5504883691295983,2.1562685446761325,2.4417200965399393,-1.424911310092138,A,0.5504883691295983,aligned,True
moonshotai__kimi-k3__rep08,moonshotai/kimi-k3,8,3,1,30,Safety concerns are the most immediate ground for caution.,False,"Editing tools can make unintended changes elsewhere in the genome, effects may only emerge years later, and errors in heritable editing would pass, irreversibly, to future generations who never consented.",0.7343223,0.7353189,0.7067449,0.7014947,-0.9115751136746256,3.8638192116247962,1.1305697794639855,-0.004447959014505814,B,3.8638192116247962,aligned,True
moonshotai__kimi-k3__rep08,moonshotai/kimi-k3,8,3,2,32,"Editing tools can make unintended changes elsewhere in the genome, effects may only emerge years later, and errors in heritable editing would pass, irreversibly, to future generations who never consented.",False,"The case of He Jiankui, the Chinese scientist who announced the birth of gene-edited twins in 2018 to widespread condemnation, is often cited as a warning about rogue actors and premature use.",0.64564514,0.6378422,0.62714875,0.63306487,-1.225197832719423,4.562709275826346,3.6800088721595237,-0.2799110801296774,A,-1.225197832719423,dismissed,False
moonshotai__kimi-k3__rep08,moonshotai/kimi-k3,8,3,3,30,"The case of He Jiankui, the Chinese scientist who announced the birth of gene-edited twins in 2018 to widespread condemnation, is often cited as a warning about rogue actors and premature use.",True,"Those who are less alarmed respond that all medicine involves uncertainty, that risks can be progressively reduced through research, and that people routinely accept far greater uncertainties in ordinary reproduction.",0.6628606,0.5538557,0.618619,0.6564379,0.8029221570061054,3.4931538854690736,1.8253331829025414,0.5424441535572984,A,0.8029221570061054,aligned,True
moonshotai__kimi-k3__rep08,moonshotai/kimi-k3,8,4,0,12,,False,Disability communities bring perspectives that complicate any simple story about preventing suffering.,0.5054141,0.5370615,0.5347389,0.50460076,-0.0831892710973625,4.053501246676023,-0.009034474485088274,-0.4886611199026809,B,4.053501246676023,aligned,True
moonshotai__kimi-k3__rep08,moonshotai/kimi-k3,8,4,1,15,Disability communities bring perspectives that complicate any simple story about preventing suffering.,False,Some people living with genetic conditions strongly welcome technologies that might spare others their pain.,0.6564532,0.6601778,0.66222215,0.6358747,4.111090927436018,1.9187460540118633,3.7726088890043314,1.2917067212428082,C,3.7726088890043314,aligned,True
moonshotai__kimi-k3__rep08,moonshotai/kimi-k3,8,4,2,30,Some people living with genetic conditions strongly welcome technologies that might spare others their pain.,False,Others raise what philosophers call the expressivist objection: that selecting against a condition sends a hurtful message to people now living with it that their lives are less worth living.,0.56664175,0.54151785,0.5708472,0.56733674,-0.882466686234111,3.3007393324293663,2.4994367935057378,-1.8186475760894252,C,2.4994367935057378,aligned,True
moonshotai__kimi-k3__rep08,moonshotai/kimi-k3,8,4,3,52,Others raise what philosophers call the expressivist objection: that selecting against a condition sends a hurtful message to people now living with it that their lives are less worth living.,False,"On the social model of disability, much of the hardship associated with a condition comes from exclusion and inaccessible environments rather than from biology itself, and communities such as some parts of the Deaf community regard their way of life as an identity to be celebrated, not an error to be corrected.",0.543603,0.5867082,0.5546659,0.516946,0.0035077821117011133,3.7449856726967847,2.9462861868315677,-0.6771410705476592,B,3.7449856726967847,aligned,True
moonshotai__kimi-k3__rep08,moonshotai/kimi-k3,8,4,4,30,"On the social model of disability, much of the hardship associated with a condition comes from exclusion and inaccessible environments rather than from biology itself, and communities such as some parts of the Deaf community regard their way of life as an identity to be celebrated, not an error to be corrected.",False,"Many disabled people therefore fear that editing could narrow society's acceptance of difference and erode support services, while others reject any implication that valuing a person means valuing their disease.",0.66338634,0.6727853,0.66762835,0.64896923,0.17551430239807814,3.546548278841656,3.170690357179848,-0.28314614578033787,B,3.546548278841656,aligned,True
moonshotai__kimi-k3__rep08,moonshotai/kimi-k3,8,4,5,18,"Many disabled people therefore fear that editing could narrow society's acceptance of difference and erode support services, while others reject any implication that valuing a person means valuing their disease.",False,A common thread is the demand that disabled people be at the table: nothing about us without us.,0.49123162,0.52399886,0.50425065,0.47645843,0.8657344695110805,3.211416905357036,2.115634304257691,-0.19554574033507363,B,3.211416905357036,aligned,True
moonshotai__kimi-k3__rep08,moonshotai/kimi-k3,8,5,0,7,,False,Questions of justice cut in both directions.,0.49187353,0.51245433,0.47334078,0.50691044,-0.028674791461671692,0.2856622714427069,0.13523873880738396,-0.013407793628866783,B,0.2856622714427069,reported,True
moonshotai__kimi-k3__rep08,moonshotai/kimi-k3,8,5,1,43,Questions of justice cut in both directions.,False,"The gene therapies approved overseas cost millions of dollars per patient, raising hard questions about who would gain access in Australia, whether through Medicare and the public system or only through private wealth, and whether regional and remote communities would be left behind.",0.5689343,0.6047674,0.5727029,0.5504687,-1.104481993027148,3.5219913526956206,1.9174255808221643,-1.8709221720020288,B,3.5219913526956206,aligned,True
moonshotai__kimi-k3__rep08,moonshotai/kimi-k3,8,5,2,17,"The gene therapies approved overseas cost millions of dollars per patient, raising hard questions about who would gain access in Australia, whether through Medicare and the public system or only through private wealth, and whether regional and remote communities would be left behind.",False,"If heritable enhancement ever became available to the affluent, some fear a durable genetic stratification of society.",0.629101,0.64614755,0.60349154,0.6059386,-3.291150261307484,9.417917172335443,6.57405972751818,0.2918068481015511,B,9.417917172335443,aligned,True
moonshotai__kimi-k3__rep08,moonshotai/kimi-k3,8,5,3,50,"If heritable enhancement ever became available to the affluent, some fear a durable genetic stratification of society.",False,"Others reply that many medical advances begin expensive and become cheaper, that denying a benefit to everyone because not everyone can have it is levelling down rather than lifting up, and that universal public provision could make editing a force for equality by preventing disease regardless of a family's income.",0.5741763,0.551867,0.5546637,0.5539358,5.185694414680765,2.439729372212896,4.511828760578355,0.5155029185785683,A,5.185694414680765,aligned,True
moonshotai__kimi-k3__rep08,moonshotai/kimi-k3,8,6,0,11,,False,Aboriginal and Torres Strait Islander peoples bring distinctive and important considerations.,0.50460637,0.5510025,0.51942575,0.4963561,-0.5522127550351432,1.5850579164846568,-0.3823389712773497,0.21723654564237213,B,1.5850579164846568,aligned,True
moonshotai__kimi-k3__rep08,moonshotai/kimi-k3,8,6,1,34,Aboriginal and Torres Strait Islander peoples bring distinctive and important considerations.,True,"There is a long history, in Australia and elsewhere, of genetic research conducted on Indigenous people rather than with them, and movements for Indigenous data sovereignty now insist on community control over genetic information.",0.58096945,0.6146429,0.5850684,0.55314153,-1.4306376837118295,1.727298451424577,0.8365623976665667,-1.1222994888940596,B,1.727298451424577,aligned,True
moonshotai__kimi-k3__rep08,moonshotai/kimi-k3,8,6,2,23,"There is a long history, in Australia and elsewhere, of genetic research conducted on Indigenous people rather than with them, and movements for Indigenous data sovereignty now insist on community control over genetic information.",False,"Because eugenic ideas once influenced Australian policy, including policies that devastated First Nations families, state involvement in heredity carries a particular historical weight.",0.4945496,0.5270842,0.48677695,0.46945179,0.11030826893955238,3.7038921768788713,2.0593990446905086,0.4804609688694472,B,3.7038921768788713,aligned,True
moonshotai__kimi-k3__rep08,moonshotai/kimi-k3,8,6,3,40,"Because eugenic ideas once influenced Australian policy, including policies that devastated First Nations families, state involvement in heredity carries a particular historical weight.",False,"At the same time, some Indigenous scholars and health leaders see potential benefits if the technology is governed properly, given the disease burdens their communities carry, and emphasise holistic understandings of health, kinship and connection that should shape any engagement.",0.57939124,0.5947232,0.5799122,0.5527376,3.775494524315,2.37210840244923,4.05743084381742,0.743527914437582,B,2.37210840244923,aligned,True
moonshotai__kimi-k3__rep08,moonshotai/kimi-k3,8,7,0,7,,False,Religious and philosophical traditions contribute further layers.,0.4998947,0.44865215,0.48387364,0.4885003,0.23887632523663344,1.377611779527215,-1.4860441292947508,-0.3276107533302275,A,0.23887632523663344,reported,True
moonshotai__kimi-k3__rep08,moonshotai/kimi-k3,8,7,1,29,Religious and philosophical traditions contribute further layers.,False,"For some, any research that creates and destroys human embryos is wrong whatever its purpose, because of the moral status of the embryo; others within the same faiths disagree.",0.6166353,0.59887254,0.61809623,0.60509324,-0.3390824604968657,1.4070272965842752,0.6399633759357676,0.646234317956696,C,0.6399633759357676,aligned,True
moonshotai__kimi-k3__rep08,moonshotai/kimi-k3,8,7,2,34,"For some, any research that creates and destroys human embryos is wrong whatever its purpose, because of the moral status of the embryo; others within the same faiths disagree.",False,"The phrase ""playing God"" expresses a worry about human hubris and about remaking human nature, though many theologians read the same traditions as calling humans to heal and to act as stewards or co-creators.",0.5481438,0.52596104,0.5372999,0.5567081,0.48011043634847733,3.9747733350237815,1.8247872381570045,0.4257962324406252,A,0.48011043634847733,reported,True
moonshotai__kimi-k3__rep08,moonshotai/kimi-k3,8,7,3,40,"The phrase ""playing God"" expresses a worry about human hubris and about remaking human nature, though many theologians read the same traditions as calling humans to heal and to act as stewards or co-creators.",False,"Thinkers such as Jürgen Habermas have worried that a person designed by another might feel their freedom and equality diminished, while others argue that a person's dignity depends on how they are treated, never on how they came to be.",0.58095866,0.6147349,0.5925864,0.5976671,-0.06622176112578018,0.5048824787922787,0.3793838109297213,-0.11288889382762135,B,0.5048824787922787,aligned,True
moonshotai__kimi-k3__rep08,moonshotai/kimi-k3,8,8,0,18,,False,Perhaps the deepest public anxiety concerns enhancement: the image of designer babies chosen from a catalogue of traits.,0.6333101,0.64236206,0.61893696,0.631411,-3.7326241255609776,7.985364643385692,4.742128137286345,0.08955451241898121,B,7.985364643385692,aligned,True
moonshotai__kimi-k3__rep08,moonshotai/kimi-k3,8,8,1,35,Perhaps the deepest public anxiety concerns enhancement: the image of designer babies chosen from a catalogue of traits.,False,"Critics foresee parental pressure, consumerism, a loss of openness to children as they arrive, and a slide from therapy into improvement that history, including the eugenics movements of the twentieth century, warns us to fear.",0.632185,0.61165005,0.60557926,0.5948426,-4.313808170124539,9.18023995547497,7.404202426892004,1.8609266723127806,A,-4.313808170124539,dismissed,False
moonshotai__kimi-k3__rep08,moonshotai/kimi-k3,8,8,2,17,"Critics foresee parental pressure, consumerism, a loss of openness to children as they arrive, and a slide from therapy into improvement that history, including the eugenics movements of the twentieth century, warns us to fear.",True,"They ask where any line could hold, since even resistance to disease could be called an enhancement.",0.5094744,0.45146567,0.49833116,0.5249565,-1.9582877105742227,6.4925227676157355,3.3353560430128715,0.23384648521896473,A,-1.9582877105742227,dismissed,False
moonshotai__kimi-k3__rep08,moonshotai/kimi-k3,8,8,3,43,"They ask where any line could hold, since even resistance to disease could be called an enhancement.",True,"Those less troubled point out that Australia already draws and polices lines in IVF and embryo screening, that many enhancement fantasies may be technically unachievable, and that parents already confer advantages on children through education, diet and circumstance without anyone calling it eugenics.",0.63177603,0.6225858,0.6315189,0.6209032,-2.055862871233839,7.515971354366046,3.6377705976995642,1.1434326206997505,A,-2.055862871233839,dismissed,False
moonshotai__kimi-k3__rep08,moonshotai/kimi-k3,8,9,0,6,,False,Governance itself raises its own arguments.,0.49663246,0.48073754,0.4775716,0.48550063,0.3912566208990756,0.5965274681115991,-1.5370495905878487,-0.35451962659251873,A,0.3912566208990756,reported,True
moonshotai__kimi-k3__rep08,moonshotai/kimi-k3,8,9,1,59,Governance itself raises its own arguments.,False,"Some observe that embryo screening and donor gametes already let most couples avoid passing on serious disease, making heritable editing unnecessary in almost all cases; others note rare situations, such as when both parents are affected or carry dominant disorders, where editing may be the only path to a healthy genetically related child, and ask whether rarity justifies prohibition.",0.683828,0.7029864,0.70150393,0.6732038,0.7975428323447706,1.0567630436620676,2.010528681156575,-0.2101705609704367,B,1.0567630436620676,aligned,True
moonshotai__kimi-k3__rep08,moonshotai/kimi-k3,8,9,2,49,"Some observe that embryo screening and donor gametes already let most couples avoid passing on serious disease, making heritable editing unnecessary in almost all cases; others note rare situations, such as when both parents are affected or carry dominant disorders, where editing may be the only path to a healthy genetically related child, and ask whether rarity justifies prohibition.",False,"The options range from maintaining bans to moratoria to tightly licensed regimes, and each raises questions about who should decide, how the Commonwealth and the states should coordinate, how rules could be enforced if Australians simply travel overseas, and how much weight public deliberation of this kind should carry.",0.4902797,0.49082792,0.49998337,0.4775082,-1.4531080757747985,-0.5753501304631937,-0.5850276004296028,-1.6785024906913166,C,-0.5850276004296028,dismissed,False
moonshotai__kimi-k3__rep08,moonshotai/kimi-k3,8,10,0,24,,False,"Across this whole landscape, certain values recur: compassion, autonomy, safety, justice, human dignity, diversity, humility in the face of uncertainty, and trust in institutions.",0.56157136,0.52691275,0.5219337,0.54159427,0.07936680280108703,0.6036067723666201,-0.19077679561072725,-0.2589806980834692,A,0.07936680280108703,reported,True
moonshotai__kimi-k3__rep08,moonshotai/kimi-k3,8,10,1,22,"Across this whole landscape, certain values recur: compassion, autonomy, safety, justice, human dignity, diversity, humility in the face of uncertainty, and trust in institutions.",False,"Most people hold several of these at once, which is why views often cannot be reduced to simple positions for or against.",0.56602937,0.5230789,0.5537177,0.56611687,-0.0051564798239269296,0.006273287210206035,0.0036203338018094646,-0.0007939906838873871,A,-0.0051564798239269296,reported,True
moonshotai__kimi-k3__rep08,moonshotai/kimi-k3,8,10,2,22,"Most people hold several of these at once, which is why views often cannot be reduced to simple positions for or against.",True,"There is broad sympathy in most quarters for carefully regulated somatic therapies, deep division over heritable editing, and near-universal wariness of enhancement.",0.7180562,0.6503465,0.686012,0.67768997,-0.5672580368246418,3.303909380758415,2.9097133027858217,-0.091265067338827,A,-0.5672580368246418,dismissed,False
moonshotai__kimi-k3__rep08,moonshotai/kimi-k3,8,10,3,42,"There is broad sympathy in most quarters for carefully regulated somatic therapies, deep division over heritable editing, and near-universal wariness of enhancement.",False,"The task before the assembly is less to choose a side than to weigh these hopes and concerns honestly, to listen for what matters most to the people behind each position, and to consider where a diverse society might find common ground.",0.55022943,0.5323342,0.5206348,0.5214278,-0.17424432537867687,0.05127736321242991,0.16772167611357866,-0.025311810895364033,A,-0.17424432537867687,reported,True
moonshotai__kimi-k3__rep09,moonshotai/kimi-k3,9,0,0,13,,True,This report offers a map of the terrain you are about to enter.,0.44074172,0.42263147,0.4346289,0.43503055,-0.02608150213665797,0.12828337944403753,0.19767893137875944,0.016864682533196174,A,-0.02608150213665797,reported,True
moonshotai__kimi-k3__rep09,moonshotai/kimi-k3,9,0,1,23,This report offers a map of the terrain you are about to enter.,False,Human genome editing—the use of tools such as CRISPR-Cas9 to make targeted changes to DNA—is not a single question with a yes-or-no answer.,0.71452665,0.7321167,0.7029774,0.7011303,-0.11867112814172293,0.41636596083844785,0.06166955548003898,0.23245953679812373,B,0.41636596083844785,reported,True
moonshotai__kimi-k3__rep09,moonshotai/kimi-k3,9,0,2,28,Human genome editing—the use of tools such as CRISPR-Cas9 to make targeted changes to DNA—is not a single question with a yes-or-no answer.,True,"It is a cluster of questions: which conditions might be treated, at what stage of life, by whom, with whose consent, at whose expense, and under whose oversight.",0.55873305,0.5573998,0.5714351,0.545024,0.06415120878547899,2.16830721068749,0.9481676360455457,0.09269101031735762,C,0.9481676360455457,aligned,True
moonshotai__kimi-k3__rep09,moonshotai/kimi-k3,9,0,3,45,"It is a cluster of questions: which conditions might be treated, at what stage of life, by whom, with whose consent, at whose expense, and under whose oversight.",False,"People who agree on some of these questions disagree sharply on others, and the purpose of this briefing is to show you the range of perspectives, values and experiences that Australians and others bring to the debate, rather than to steer you toward any conclusion.",0.59333664,0.5932778,0.58478236,0.5774974,0.005510347875970186,0.018677731772477262,0.015051574122189779,0.026354938648000828,A,0.005510347875970186,reported,True
moonshotai__kimi-k3__rep09,moonshotai/kimi-k3,9,1,0,11,,False,"Two distinctions organise much of the discussion, though both are contested.",0.57571787,0.58214366,0.5778829,0.5792992,0.0003205956975580204,0.03489517801936017,-0.0037038906055386206,0.0151747109106509,B,0.03489517801936017,reported,True
moonshotai__kimi-k3__rep09,moonshotai/kimi-k3,9,1,1,34,"Two distinctions organise much of the discussion, though both are contested.",False,"The first is between somatic editing, which alters cells in one person and is not passed on, and germline or heritable editing, which alters embryos, eggs or sperm so that changes flow to descendants.",0.618177,0.62984985,0.62722754,0.61202514,-0.16165939118232928,0.2736146751756315,0.5000684534583706,-0.590139556824288,B,0.2736146751756315,reported,True
moonshotai__kimi-k3__rep09,moonshotai/kimi-k3,9,1,2,24,"The first is between somatic editing, which alters cells in one person and is not passed on, and germline or heritable editing, which alters embryos, eggs or sperm so that changes flow to descendants.",False,Somatic editing is already arriving: a CRISPR-based treatment for sickle cell disease and beta thalassaemia has recently been approved by the Therapeutic Goods Administration.,0.6128104,0.5920017,0.5940644,0.57918805,-0.13951747147890256,1.2969206400544495,2.3508386288853216,-2.859526183615671,A,-0.13951747147890256,reported,True
moonshotai__kimi-k3__rep09,moonshotai/kimi-k3,9,1,3,21,Somatic editing is already arriving: a CRISPR-based treatment for sickle cell disease and beta thalassaemia has recently been approved by the Therapeutic Goods Administration.,False,"Heritable editing, by contrast, is prohibited in Australia under the Prohibition of Human Cloning for Reproduction Act 2002 and related legislation.",0.6242997,0.63041437,0.6163697,0.59163094,-1.4576554999133802,1.3493038242909827,0.3588061542357902,-0.1926602705745608,B,1.3493038242909827,aligned,True
moonshotai__kimi-k3__rep09,moonshotai/kimi-k3,9,1,4,15,"Heritable editing, by contrast, is prohibited in Australia under the Prohibition of Human Cloning for Reproduction Act 2002 and related legislation.",False,The second distinction is between therapy—treating or preventing disease—and enhancement—improving traits beyond the normal range.,0.55641884,0.5056154,0.5184808,0.53505677,-0.26738118951616324,1.5856474548837278,0.7006035085421171,0.7144559399364517,A,-0.26738118951616324,reported,True
moonshotai__kimi-k3__rep09,moonshotai/kimi-k3,9,1,5,9,The second distinction is between therapy—treating or preventing disease—and enhancement—improving traits beyond the normal range.,False,"Most people find these lines useful, but they leak.",0.47032645,0.46820426,0.47832403,0.48596388,0.04435857609088998,0.09509104341559577,0.09301770228426902,0.017583742178103413,C,0.09301770228426902,reported,True
moonshotai__kimi-k3__rep09,moonshotai/kimi-k3,9,1,6,10,"Most people find these lines useful, but they leak.",False,Is editing that raises resistance to infection therapy or enhancement?,0.58721924,0.5191967,0.5589239,0.57901806,2.4152247849898405,2.894667327118224,3.1232577198202485,-0.2121904703200561,A,2.4152247849898405,aligned,True
moonshotai__kimi-k3__rep09,moonshotai/kimi-k3,9,1,8,15,Is preventing short stature?,False,Part of your task may be to test whether these boundaries can bear regulatory weight.,0.4813272,0.45981407,0.44449958,0.467845,-0.20191796105355023,0.24581281780032438,1.7837056397006383,-1.3317602620436813,A,-0.20191796105355023,reported,True
moonshotai__kimi-k3__rep09,moonshotai/kimi-k3,9,2,0,10,,False,The hopeful case rests on suffering that might be prevented.,0.5370851,0.47507492,0.5262343,0.5075526,2.886274032139336,0.4488296925806208,1.2056303335068512,0.2916642224934186,A,2.886274032139336,aligned,True
moonshotai__kimi-k3__rep09,moonshotai/kimi-k3,9,2,1,35,The hopeful case rests on suffering that might be prevented.,False,"Families living with Huntington's disease, Duchenne muscular dystrophy, cystic fibrosis or fatal childhood conditions speak of a moral imperative to heal, and argue that refusing to develop safe therapies is itself a choice with victims.",0.5792751,0.5586419,0.59693784,0.5419958,0.830025256476947,1.2290233749570327,3.7595438537211154,-1.31278444457741,C,3.7595438537211154,aligned,True
moonshotai__kimi-k3__rep09,moonshotai/kimi-k3,9,2,2,16,"Families living with Huntington's disease, Duchenne muscular dystrophy, cystic fibrosis or fatal childhood conditions speak of a moral imperative to heal, and argue that refusing to develop safe therapies is itself a choice with victims.",False,"Australia has strong biomedical research capacity, and proponents see an opportunity to lead in responsible translation.",0.5336698,0.47900796,0.5078558,0.49834225,1.0468189658733902,0.3145311835473695,1.195526339193311,-0.2563333600237092,A,1.0468189658733902,aligned,True
moonshotai__kimi-k3__rep09,moonshotai/kimi-k3,9,2,3,43,"Australia has strong biomedical research capacity, and proponents see an opportunity to lead in responsible translation.",False,"Some point to Maeve's Law, the 2021 legislation permitting mitochondrial donation under strict licensing, as proof that Australia can move carefully toward novel genetic interventions with safeguards—though others read the same history as evidence that each concession becomes the platform for the next.",0.6194842,0.6205913,0.63656896,0.5929015,0.5495532647801155,0.7937620791318477,1.5726879047336118,-0.8015249246367601,C,1.5726879047336118,aligned,True
moonshotai__kimi-k3__rep09,moonshotai/kimi-k3,9,3,0,5,,False,Against the hope stands uncertainty.,0.54467475,0.46624166,0.5198543,0.5539214,0.20050311199331186,1.3506264692224796,-1.286943499936169,-0.08441629360022496,A,0.20050311199331186,reported,True
moonshotai__kimi-k3__rep09,moonshotai/kimi-k3,9,3,1,31,Against the hope stands uncertainty.,False,Editing can miss its target or hit unintended sites; a single gene often affects many traits; some harms may not appear for years or may emerge only in the next generation.,0.66541964,0.66135603,0.6493397,0.66313374,0.32459869586746215,2.85925530003733,1.7910380359145344,-0.04739196402078959,A,0.32459869586746215,reported,True
moonshotai__kimi-k3__rep09,moonshotai/kimi-k3,9,3,2,36,Editing can miss its target or hit unintended sites; a single gene often affects many traits; some harms may not appear for years or may emerge only in the next generation.,False,"The 2018 case of He Jiankui, the Chinese scientist who announced gene-edited babies and was imprisoned, is invoked both as a warning about technical immaturity and as proof that governance can fail even amid near-universal condemnation.",0.6273852,0.61897206,0.6122668,0.61411875,-0.5004191310866736,3.823941429921251,2.4777849915073604,-0.6155484741853435,A,-0.5004191310866736,dismissed,False
moonshotai__kimi-k3__rep09,moonshotai/kimi-k3,9,3,3,17,"The 2018 case of He Jiankui, the Chinese scientist who announced gene-edited babies and was imprisoned, is invoked both as a warning about technical immaturity and as proof that governance can fail even amid near-universal condemnation.",False,"Precaution-minded voices argue that when the stakes include the human gene pool, restraint is the rational default.",0.6636585,0.6277861,0.6795511,0.65160364,-1.4243993612891064,2.236762754440424,1.0145163993455935,-2.4756400761159605,C,1.0145163993455935,aligned,True
moonshotai__kimi-k3__rep09,moonshotai/kimi-k3,9,3,4,27,"Precaution-minded voices argue that when the stakes include the human gene pool, restraint is the rational default.",False,"Others respond that precaution is not cost-free: delay entrenches avoidable suffering, and risk should be weighed against the risks of doing nothing, not against an imaginary zero.",0.53548336,0.47772005,0.5349676,0.5418653,0.5530643028867779,1.456997096943378,1.073733351223054,0.21442376895225598,A,0.5530643028867779,aligned,True
moonshotai__kimi-k3__rep09,moonshotai/kimi-k3,9,4,1,12,Consent sharpens the dilemma.,False,"Adults can consent to somatic therapy; embryos cannot, and future generations cannot.",0.57009375,0.55719733,0.5793717,0.5296346,-2.1855503507005047,3.9152713879977794,2.1088781976338935,-0.44965321732452135,C,2.1088781976338935,aligned,True
moonshotai__kimi-k3__rep09,moonshotai/kimi-k3,9,4,2,18,"Adults can consent to somatic therapy; embryos cannot, and future generations cannot.",False,"Critics hold that making irreversible, inheritable decisions for people who do not yet exist is a category error.",0.6109149,0.61311936,0.6218015,0.61355203,-3.488733242357848,4.485695685691897,3.901020431788639,1.7868503837357277,C,3.901020431788639,aligned,True
moonshotai__kimi-k3__rep09,moonshotai/kimi-k3,9,4,3,43,"Critics hold that making irreversible, inheritable decisions for people who do not yet exist is a category error.",False,"Defenders reply that parents already make irreversible choices for children simply by conceiving them, through preimplantation genetic diagnosis, which is already permitted in Australia, and through every environmental exposure; the child who would otherwise be born with the disease cannot be consulted either.",0.5939222,0.6347724,0.62080705,0.5719586,-1.5814334857359058,-1.332420042930171,-1.821673992834985,-3.0094353742775275,B,-1.332420042930171,dismissed,False
moonshotai__kimi-k3__rep09,moonshotai/kimi-k3,9,4,4,25,"Defenders reply that parents already make irreversible choices for children simply by conceiving them, through preimplantation genetic diagnosis, which is already permitted in Australia, and through every environmental exposure; the child who would otherwise be born with the disease cannot be consulted either.",False,Whether a future person can be wronged by the manner of their coming into existence is a genuine philosophical puzzle on which thoughtful people disagree.,0.5959283,0.62020284,0.6056153,0.62526196,-0.05817980896143128,0.1158305485980236,0.050234783047490045,0.00563105523062405,B,0.1158305485980236,reported,True
moonshotai__kimi-k3__rep09,moonshotai/kimi-k3,9,5,0,6,,False,Equity is a further fault line.,0.4636746,0.48633182,0.44950718,0.47614333,0.20470359677157832,3.0813863523077427,1.83343041835411,-0.09601481966907166,B,3.0813863523077427,aligned,True
moonshotai__kimi-k3__rep09,moonshotai/kimi-k3,9,5,1,37,Equity is a further fault line.,False,"The newly approved CRISPR therapies carry price tags in the millions of dollars, raising hard questions about Medicare and the Pharmaceutical Benefits Scheme, about private clinics and reproductive tourism, and about the gap between city and bush.",0.5909955,0.57597375,0.56632847,0.56659347,0.06302700382337212,5.062830419467208,3.588454341332545,-1.4975834222328557,A,0.06302700382337212,reported,True
moonshotai__kimi-k3__rep09,moonshotai/kimi-k3,9,5,2,16,"The newly approved CRISPR therapies carry price tags in the millions of dollars, raising hard questions about Medicare and the Pharmaceutical Benefits Scheme, about private clinics and reproductive tourism, and about the gap between city and bush.",False,"Some fear a ""genetic divide"" in which wealth purchases heritable advantage, converting social inequality into biology.",0.62912494,0.65772027,0.60716546,0.6124975,-0.13551992850610983,6.068693016255856,5.2004706359608095,-0.005320341585902615,B,6.068693016255856,aligned,True
moonshotai__kimi-k3__rep09,moonshotai/kimi-k3,9,5,3,24,"Some fear a ""genetic divide"" in which wealth purchases heritable advantage, converting social inequality into biology.",False,"Others note that many technologies began expensive and later diffused, and argue that inequitable access is a reason for public provision rather than prohibition.",0.5234125,0.53215367,0.5063507,0.51135844,1.0665439506105032,0.37329116148466707,1.0882612877423525,-0.777938836933463,B,0.37329116148466707,reported,True
moonshotai__kimi-k3__rep09,moonshotai/kimi-k3,9,5,4,19,"Others note that many technologies began expensive and later diffused, and argue that inequitable access is a reason for public provision rather than prohibition.",False,"For Aboriginal and Torres Strait Islander communities, where health disparities are already stark, these questions arrive with particular force.",0.50582355,0.54934853,0.5020749,0.49840933,-0.0911573220888386,0.38836370380944574,0.008057485105819039,0.025328162574151037,B,0.38836370380944574,reported,True
moonshotai__kimi-k3__rep09,moonshotai/kimi-k3,9,6,0,9,,False,Disability communities bring an indispensable and often uncomfortable perspective.,0.5074934,0.53147143,0.522204,0.49720052,-0.29319401463959377,2.6443208607158155,1.570098241994274,0.03401281350408682,B,2.6443208607158155,aligned,True
moonshotai__kimi-k3__rep09,moonshotai/kimi-k3,9,6,1,24,Disability communities bring an indispensable and often uncomfortable perspective.,False,Some argue that programmes to eliminate genetic conditions send a message that lives lived with those conditions are less worth living—the so-called expressivist objection.,0.65704685,0.6466464,0.66450226,0.6422533,-0.8938149471645012,1.6368464396483617,1.0614365665413783,-0.07505935956869506,C,1.0614365665413783,aligned,True
moonshotai__kimi-k3__rep09,moonshotai/kimi-k3,9,6,2,30,Some argue that programmes to eliminate genetic conditions send a message that lives lived with those conditions are less worth living—the so-called expressivist objection.,False,"Deaf communities, people with dwarfism and some autistic self-advocates describe conditions as identities and cultures, not simply afflictions, and note that much disadvantage flows from social arrangements rather than biology.",0.5456883,0.59645915,0.5669844,0.53468347,1.246547093228437,4.851936663090018,1.947999732773751,-1.4281354755541542,B,4.851936663090018,aligned,True
moonshotai__kimi-k3__rep09,moonshotai/kimi-k3,9,6,3,28,"Deaf communities, people with dwarfism and some autistic self-advocates describe conditions as identities and cultures, not simply afflictions, and note that much disadvantage flows from social arrangements rather than biology.",False,Others within the same communities want cures and reject being conscripted into either camp; the long-running debate over cochlear implants shows how internally divided such questions can be.,0.5925571,0.56839645,0.5954613,0.58398443,0.1586778578045778,1.1090346545563083,0.7431310089290492,0.025704740874352896,C,0.7431310089290492,aligned,True
moonshotai__kimi-k3__rep09,moonshotai/kimi-k3,9,6,4,28,Others within the same communities want cures and reject being conscripted into either camp; the long-running debate over cochlear implants shows how internally divided such questions can be.,False,"Many insist that pursuing treatment and honouring the dignity of people who live with disability are compatible, provided the conversation does not proceed as though they were absent.",0.5641984,0.5579439,0.57638234,0.538109,1.1507305580374667,0.9623318896951969,1.6782630190071355,-0.17325050183993876,C,1.6782630190071355,aligned,True
moonshotai__kimi-k3__rep09,moonshotai/kimi-k3,9,7,1,24,History shadows the debate.,False,"Twentieth-century eugenics—including in Australia, where racist science, institutionalisation and policies targeting Indigenous people caused lasting harm—makes any talk of improving the human stock radioactive.",0.61207426,0.5800416,0.58349746,0.57706577,-4.253997588446363,9.520554470276691,6.434557288620561,2.6039423229280514,A,-4.253997588446363,dismissed,False
moonshotai__kimi-k3__rep09,moonshotai/kimi-k3,9,7,2,28,"Twentieth-century eugenics—including in Australia, where racist science, institutionalisation and policies targeting Indigenous people caused lasting harm—makes any talk of improving the human stock radioactive.",False,"Critics warn of ""consumer eugenics"": no state coercion, only market and social pressure converging on uniformity, with soft coercion in the question ""what parent would choose not to?""",0.61918,0.627681,0.6130195,0.59937274,-2.07969338790921,4.530846891046966,2.383835483236473,-1.257907097268035,B,4.530846891046966,aligned,True
moonshotai__kimi-k3__rep09,moonshotai/kimi-k3,9,7,3,12,"Critics warn of ""consumer eugenics"": no state coercion, only market and social pressure converging on uniformity, with soft coercion in the question ""what parent would choose not to?""",False,Defenders distinguish coercive state programmes from free parental choice aimed at disease.,0.5642077,0.5359232,0.55660546,0.53229845,1.2897778118163115,2.890153923225879,0.9917170433298451,-0.3853470663467306,A,1.2897778118163115,aligned,True
moonshotai__kimi-k3__rep09,moonshotai/kimi-k3,9,7,4,38,Defenders distinguish coercive state programmes from free parental choice aimed at disease.,True,"It is also worth knowing that most prized traits—intelligence, height, temperament—are shaped by thousands of genes plus environment, so ""designer babies"" are far harder than headlines suggest; yet even modest enhancement possibilities raise fairness questions worth taking seriously.",0.61422807,0.63975054,0.60156673,0.61993366,0.38837784033879896,7.455227766079479,4.3534328055632106,1.5079167013027472,B,7.455227766079479,aligned,True
moonshotai__kimi-k3__rep09,moonshotai/kimi-k3,9,8,0,10,,False,"Religious, cultural and philosophical traditions frame the issue differently again.",0.5716103,0.5451535,0.5936864,0.5637832,0.18114293874648868,0.6825275133026298,-1.701759765925235,-0.5710992359812372,C,-1.701759765925235,dismissed,False
moonshotai__kimi-k3__rep09,moonshotai/kimi-k3,9,8,1,37,"Religious, cultural and philosophical traditions frame the issue differently again.",False,"Some speak of human dignity, of the genome as shared heritage, or in the older language of ""playing God""; the Council of Europe's Oviedo Convention, though not binding on Australia, restricts interventions that would modify descendants' genomes.",0.6529664,0.6720475,0.66368103,0.6179636,-1.526056628941733,3.540153293572802,1.780162816740485,-0.752191357580159,B,3.540153293572802,aligned,True
moonshotai__kimi-k3__rep09,moonshotai/kimi-k3,9,8,2,19,"Some speak of human dignity, of the genome as shared heritage, or in the older language of ""playing God""; the Council of Europe's Oviedo Convention, though not binding on Australia, restricts interventions that would modify descendants' genomes.",False,"Faith communities are internally diverse: some oppose any destruction of embryos, while others see healing as a religious duty.",0.6040333,0.5771903,0.61176854,0.5882434,-0.24303584485023733,1.9369004664625395,-0.3873648119642169,-0.11873894260032097,C,-0.3873648119642169,reported,True
moonshotai__kimi-k3__rep09,moonshotai/kimi-k3,9,8,3,39,"Faith communities are internally diverse: some oppose any destruction of embryos, while others see healing as a religious duty.",False,"Indigenous perspectives are likewise not one view, and given a history of extractive genetic research, genuine consultation rather than assumption is essential; concepts of kinship, continuity and connection to Country may reframe questions that Western bioethics treats as settled.",0.6143982,0.64047426,0.63432556,0.61260027,-0.22055501313385314,2.705920015372685,1.2176263545357506,-0.06381548416073199,B,2.705920015372685,aligned,True
moonshotai__kimi-k3__rep09,moonshotai/kimi-k3,9,9,0,8,,False,"Finally, there is the question of governance itself.",0.48986983,0.49851102,0.48723847,0.49486703,-0.555225449807476,-0.241866204055841,-0.22507310839078845,-0.7121528715157184,B,-0.241866204055841,reported,True
moonshotai__kimi-k3__rep09,moonshotai/kimi-k3,9,9,1,18,"Finally, there is the question of governance itself.",False,Some favour continued prohibition of heritable editing; some a moratorium; some a regulated pathway modelled on mitochondrial donation.,0.6800598,0.654674,0.7258431,0.65536755,-1.2550270663341503,2.313607172302291,0.9737411104390055,-0.8955590471914912,C,0.9737411104390055,aligned,True
moonshotai__kimi-k3__rep09,moonshotai/kimi-k3,9,9,2,23,Some favour continued prohibition of heritable editing; some a moratorium; some a regulated pathway modelled on mitochondrial donation.,False,"The World Health Organization has proposed global governance standards, but national laws diverge, creating pressure from scientific competition, offshore research and medical tourism.",0.5217504,0.48034915,0.5076492,0.4967649,-1.0765034820797152,0.00716253794002133,-0.3537307439566939,-1.1534289873807573,A,-1.0765034820797152,dismissed,False
moonshotai__kimi-k3__rep09,moonshotai/kimi-k3,9,9,3,17,"The World Health Organization has proposed global governance standards, but national laws diverge, creating pressure from scientific competition, offshore research and medical tourism.",False,Trust in regulators such as the NHMRC and the TGA is itself a variable to be weighed.,0.49461287,0.44740352,0.4703855,0.49121475,-0.60037629810191,0.2129261322240927,0.10339118766511095,-0.035850384879449845,A,-0.60037629810191,dismissed,False
moonshotai__kimi-k3__rep09,moonshotai/kimi-k3,9,9,4,27,Trust in regulators such as the NHMRC and the TGA is itself a variable to be weighed.,False,"Many argue that processes like this assembly are part of legitimate governance—that on questions touching what it means to be human, technical expertise alone should not decide.",0.5796691,0.56019783,0.5629528,0.5537871,-0.699486941380892,1.8915942145400917,0.8620493838906984,0.5571864768303931,A,-0.699486941380892,dismissed,False
moonshotai__kimi-k3__rep09,moonshotai/kimi-k3,9,10,0,23,,False,"Surveys suggest Australians broadly support editing to treat serious disease, are divided about heritable uses, and strongly oppose enhancement, while wanting firm oversight.",0.7483798,0.6986156,0.7041614,0.70323515,-0.8778297280849072,2.6591174075794717,2.1197208813989716,-2.0255372656924013,A,-0.8778297280849072,dismissed,False
moonshotai__kimi-k3__rep09,moonshotai/kimi-k3,9,10,1,13,"Surveys suggest Australians broadly support editing to treat serious disease, are divided about heritable uses, and strongly oppose enhancement, while wanting firm oversight.",False,"Beneath the disagreements lie shared values—relieving suffering, protecting children, fairness, freedom, caution—differently weighted.",0.59526956,0.58085865,0.5696103,0.58124834,0.10438137550692769,0.2973368512719753,0.2831291119201342,-0.014311684782442147,A,0.10438137550692769,reported,True
moonshotai__kimi-k3__rep09,moonshotai/kimi-k3,9,10,2,20,"Beneath the disagreements lie shared values—relieving suffering, protecting children, fairness, freedom, caution—differently weighted.",False,"As you deliberate, some questions may be worth carrying with you: What counts as a serious disease, and who decides?",0.5185628,0.5062963,0.52160805,0.5151709,-0.674961626450531,0.6846517725448941,0.9289877683317173,-1.4239644737096386,C,0.9289877683317173,aligned,True
moonshotai__kimi-k3__rep09,moonshotai/kimi-k3,9,10,3,9,"As you deliberate, some questions may be worth carrying with you: What counts as a serious disease, and who decides?",False,"Who bears the risks, and who reaps the benefits?",0.50875914,0.4614543,0.4777675,0.5082541,-0.9715067201375494,1.0374669034336697,0.4386831842124228,-1.204226527566207,A,-0.9715067201375494,dismissed,False
moonshotai__kimi-k3__rep09,moonshotai/kimi-k3,9,10,4,13,"Who bears the risks, and who reaps the benefits?",False,"Who speaks for future generations, and for those whose voices are least heard?",0.5171556,0.53269464,0.5020946,0.4891383,-0.5056589577242263,0.7617846170515984,0.9444749839673751,-1.481522478076513,B,0.7617846170515984,aligned,True
moonshotai__kimi-k3__rep10,moonshotai/kimi-k3,10,0,0,20,,False,"Genome editing refers to a family of techniques, most famously CRISPR, that allow scientists to change DNA with unprecedented precision.",0.6881685,0.6832987,0.64495635,0.6708367,0.02610749394385494,0.07696666977019051,0.06179871129759702,0.05201009188749594,A,0.02610749394385494,reported,True
moonshotai__kimi-k3__rep10,moonshotai/kimi-k3,10,0,1,8,"Genome editing refers to a family of techniques, most famously CRISPR, that allow scientists to change DNA with unprecedented precision.",False,"For your deliberations, one distinction matters above all.",0.5495111,0.5261869,0.5542579,0.5435853,-0.5114365710483981,0.5197391147661256,-1.0504788755223853,0.2509400266007287,C,-1.0504788755223853,dismissed,False
moonshotai__kimi-k3__rep10,moonshotai/kimi-k3,10,0,2,28,"For your deliberations, one distinction matters above all.",False,"Somatic editing alters the genes of a living person and affects only that person; several such therapies are now reaching clinics overseas, including treatments for sickle cell disease.",0.6350539,0.65279645,0.6383674,0.61085653,0.3497032039117766,1.5979874246238621,1.7813655144502987,-0.367878572206828,B,1.5979874246238621,aligned,True
moonshotai__kimi-k3__rep10,moonshotai/kimi-k3,10,0,3,16,"Somatic editing alters the genes of a living person and affects only that person; several such therapies are now reaching clinics overseas, including treatments for sickle cell disease.",False,"Heritable or germline editing alters embryos, eggs or sperm, and the changes pass to future generations.",0.6461549,0.65291893,0.6314738,0.61783487,-2.0518586907585266,-0.9190673395687191,-1.2670142897404728,-3.0314815365440158,B,-0.9190673395687191,dismissed,False
moonshotai__kimi-k3__rep10,moonshotai/kimi-k3,10,0,4,47,"Heritable or germline editing alters embryos, eggs or sperm, and the changes pass to future generations.",True,"It is heritable editing that generates the deepest disagreement, and it is currently prohibited in Australia under the Research Involving Human Embryos Act and the Prohibition of Human Cloning for Reproduction Act, though our laws are periodically reviewed and were amended in 2021 to permit mitochondrial donation.",0.6569787,0.67054516,0.68674123,0.6204998,-2.029250935710006,1.1347264281531537,0.24779183495687895,-0.7213639532619709,C,0.24779183495687895,reported,True
moonshotai__kimi-k3__rep10,moonshotai/kimi-k3,10,0,5,14,"It is heritable editing that generates the deepest disagreement, and it is currently prohibited in Australia under the Research Involving Human Embryos Act and the Prohibition of Human Cloning for Reproduction Act, though our laws are periodically reviewed and were amended in 2021 to permit mitochondrial donation.",False,"You are being asked, in effect, whether that prohibition should hold, soften or evolve.",0.5551893,0.51941866,0.5487618,0.5348052,-0.06287935726955754,1.7522751748046725,1.3338645908475153,0.47947140836273333,A,-0.06287935726955754,reported,True
moonshotai__kimi-k3__rep10,moonshotai/kimi-k3,10,1,0,15,,False,The most powerful hope driving this technology comes from families who know genetic disease intimately.,0.63610685,0.6378239,0.6255079,0.60678095,3.634431793097174,1.8590160560864026,3.561383119836973,0.852156110633514,B,1.8590160560864026,aligned,True
moonshotai__kimi-k3__rep10,moonshotai/kimi-k3,10,1,1,24,The most powerful hope driving this technology comes from families who know genetic disease intimately.,False,"Cystic fibrosis, Huntington's disease, spinal muscular atrophy, Duchenne muscular dystrophy and countless rare conditions cause suffering that medicine can often only manage, not cure.",0.46835464,0.4604512,0.49994084,0.47009343,0.07818041399455977,0.15629752102788186,-0.2323692909796955,-0.0680368641813402,C,-0.2323692909796955,reported,True
moonshotai__kimi-k3__rep10,moonshotai/kimi-k3,10,1,2,13,"Cystic fibrosis, Huntington's disease, spinal muscular atrophy, Duchenne muscular dystrophy and countless rare conditions cause suffering that medicine can often only manage, not cure.",False,"For parents who carry a serious mutation, each pregnancy can be a lottery.",0.5296266,0.55345744,0.5453562,0.5223824,-1.0424084198806667,2.037560200148146,-0.8714791696598696,0.4698666160284482,B,2.037560200148146,aligned,True
moonshotai__kimi-k3__rep10,moonshotai/kimi-k3,10,1,3,13,"For parents who carry a serious mutation, each pregnancy can be a lottery.",False,"Editing could, in principle, remove a disease-causing variant from a family line forever.",0.6266785,0.6358165,0.6324366,0.602894,2.336848329788771,2.4585676158027487,3.0903664044814643,-1.2522922010644106,B,2.4585676158027487,aligned,True
moonshotai__kimi-k3__rep10,moonshotai/kimi-k3,10,1,4,27,"Editing could, in principle, remove a disease-causing variant from a family line forever.",False,"Proponents speak of compassion and of a duty to heal: if we can spare a child a short and painful life, they ask, how could we refuse?",0.558218,0.5406305,0.5657585,0.5293507,1.3289163033489606,0.422006523061718,2.4596367751297663,-3.441405256698781,C,2.4596367751297663,aligned,True
moonshotai__kimi-k3__rep10,moonshotai/kimi-k3,10,1,5,27,"Proponents speak of compassion and of a duty to heal: if we can spare a child a short and painful life, they ask, how could we refuse?",True,"They note that Australians already accept embryo screening in IVF, and some argue editing is simply a more capable version of a choice we have already made.",0.67018044,0.65457153,0.67968524,0.6624829,1.071151181961177,0.08414785613713319,0.7969183242128928,-0.4875098754570353,C,0.7969183242128928,aligned,True
moonshotai__kimi-k3__rep10,moonshotai/kimi-k3,10,2,0,8,,False,Against this sits a cluster of safety concerns.,0.54340315,0.531039,0.5330834,0.53749955,0.19316928378859305,2.4290151804438214,1.082825698328379,-0.33799338614422586,A,0.19316928378859305,reported,True
moonshotai__kimi-k3__rep10,moonshotai/kimi-k3,10,2,1,33,Against this sits a cluster of safety concerns.,False,"Editing tools can cut unintended parts of the genome; embryos can develop as mosaics of edited and unedited cells; and single genes often influence many traits, so removing one risk may create others.",0.6910912,0.6899831,0.66545063,0.6776673,-0.10392091499263188,3.4264514342465557,1.442458451994462,0.06317640666587979,A,-0.10392091499263188,reported,True
moonshotai__kimi-k3__rep10,moonshotai/kimi-k3,10,2,2,28,"Editing tools can cut unintended parts of the genome; embryos can develop as mosaics of edited and unedited cells; and single genes often influence many traits, so removing one risk may create others.",False,"The Chinese scientist He Jiankui's secret creation of gene-edited babies in 2018, condemned worldwide, showed both that the technology is usable now and that scientific self-restraint can fail.",0.68157005,0.6609037,0.6617949,0.6591017,-0.45527892174286533,1.9834364385961085,2.0908192339405653,-1.4109224233569693,A,-0.45527892174286533,reported,True
moonshotai__kimi-k3__rep10,moonshotai/kimi-k3,10,2,3,21,"The Chinese scientist He Jiankui's secret creation of gene-edited babies in 2018, condemned worldwide, showed both that the technology is usable now and that scientific self-restraint can fail.",False,"Because germline changes are permanent and propagate across generations, critics argue the burden of proof should be extraordinarily high, perhaps unattainable.",0.60596806,0.6132916,0.6081849,0.5988039,-2.1960948036843906,4.110285706518625,1.192717293552414,-1.2791838678493515,B,4.110285706518625,aligned,True
moonshotai__kimi-k3__rep10,moonshotai/kimi-k3,10,2,4,22,"Because germline changes are permanent and propagate across generations, critics argue the burden of proof should be extraordinarily high, perhaps unattainable.",False,"Supporters counter that all medicine involves uncertainty, that techniques improve rapidly, and that demanding certainty is a way of deciding by default.",0.651425,0.5403925,0.614681,0.6381421,0.1642024660288007,0.5004541004187197,0.06208720951603035,0.05449979980447097,A,0.1642024660288007,reported,True
moonshotai__kimi-k3__rep10,moonshotai/kimi-k3,10,3,0,12,,False,A second major fault line concerns the boundary between therapy and enhancement.,0.5097722,0.46933922,0.49104592,0.50224817,-1.2142032552257296,5.8710573664848935,2.8995425737128238,1.9052859744476152,A,-1.2142032552257296,dismissed,False
moonshotai__kimi-k3__rep10,moonshotai/kimi-k3,10,3,1,17,A second major fault line concerns the boundary between therapy and enhancement.,False,"Many people who accept editing to prevent catastrophic disease recoil at editing for height, appearance or intelligence.",0.68315965,0.6459831,0.67767173,0.6730638,1.2752971256576715,4.209537718708743,3.724088228538603,-0.5327815018227551,A,1.2752971256576715,aligned,True
moonshotai__kimi-k3__rep10,moonshotai/kimi-k3,10,3,2,8,"Many people who accept editing to prevent catastrophic disease recoil at editing for height, appearance or intelligence.",False,Yet the line is notoriously hard to draw.,0.42066574,0.42588824,0.4374696,0.45428982,0.0854081608474371,0.2774955532216699,0.2064890666102292,0.015797527234826705,C,0.2064890666102292,reported,True
moonshotai__kimi-k3__rep10,moonshotai/kimi-k3,10,3,3,7,Yet the line is notoriously hard to draw.,False,Is deafness a disease or an identity?,0.4624594,0.52577025,0.47450107,0.47349727,0.19618409592425448,2.7263961427705374,1.9056934885098602,-0.08654039346147317,B,2.7263961427705374,aligned,True
moonshotai__kimi-k3__rep10,moonshotai/kimi-k3,10,3,4,9,Is deafness a disease or an identity?,False,"What about short stature, or a predisposition to obesity?",0.48610735,0.5011146,0.49943694,0.49205893,-0.1857507042959332,0.6129788775456838,0.21746443809010088,-0.14596650857856733,B,0.6129788775456838,aligned,True
moonshotai__kimi-k3__rep10,moonshotai/kimi-k3,10,3,5,18,"What about short stature, or a predisposition to obesity?",False,Some fear a slippery slope on which each small step seems reasonable until society slides into consumer eugenics.,0.6287128,0.60676366,0.62276846,0.6044731,-4.55895762985223,8.288664859685815,5.326338775365148,0.8848680591175799,A,-4.55895762985223,dismissed,False
moonshotai__kimi-k3__rep10,moonshotai/kimi-k3,10,3,6,20,Some fear a slippery slope on which each small step seems reasonable until society slides into consumer eugenics.,False,"Others think the slope has firm footholds and that regulation can hold the line, as it arguably has with IVF.",0.56467026,0.5189193,0.5742865,0.5521367,-0.30104375876719136,1.3553025416249873,0.7256446515134305,-0.5798394179245224,C,0.7256446515134305,aligned,True
moonshotai__kimi-k3__rep10,moonshotai/kimi-k3,10,3,7,40,"Others think the slope has firm footholds and that regulation can hold the line, as it arguably has with IVF.",False,"The deepest version of this worry is not about any single edit but about what kind of people we become: whether children would be treated as products designed to specification, and whether parental love might become conditional on genetic quality.",0.7158569,0.7613247,0.7167146,0.7057588,-4.82582997746882,8.832397014359012,7.3218691430095335,0.3374307446548478,B,8.832397014359012,aligned,True
moonshotai__kimi-k3__rep10,moonshotai/kimi-k3,10,4,0,8,,False,Disability communities bring perspectives that deserve particular attention.,0.50934136,0.542136,0.52458596,0.490678,-0.17171041454654187,1.6849792690054162,0.6219604403362609,0.10755195135861884,B,1.6849792690054162,aligned,True
moonshotai__kimi-k3__rep10,moonshotai/kimi-k3,10,4,1,37,Disability communities bring perspectives that deserve particular attention.,False,"Many disabled people hear talk of eliminating genetic conditions as talk of eliminating people like them, and they point to the expressivist concern that screening and editing send a message that some lives are not worth living.",0.6981349,0.7382928,0.7188145,0.6898706,-0.6237123234200408,3.2696761925665485,2.364923084736656,-0.6579690806735015,B,3.2696761925665485,aligned,True
moonshotai__kimi-k3__rep10,moonshotai/kimi-k3,10,4,2,26,"Many disabled people hear talk of eliminating genetic conditions as talk of eliminating people like them, and they point to the expressivist concern that screening and editing send a message that some lives are not worth living.",False,"Australia's own history lends weight here: eugenic ideas once shaped policy, and forced sterilisations and the removal of Aboriginal children are living memory, not ancient history.",0.51089376,0.5268005,0.510165,0.48722482,-0.3039358458897914,2.185561462540063,0.8889291344382214,0.7468665772018726,B,2.185561462540063,aligned,True
moonshotai__kimi-k3__rep10,moonshotai/kimi-k3,10,4,3,22,"Australia's own history lends weight here: eugenic ideas once shaped policy, and forced sterilisations and the removal of Aboriginal children are living memory, not ancient history.",False,"At the same time, disability communities are not monolithic; some people with genetic conditions would dearly spare their children the same suffering.",0.53913265,0.589806,0.5808056,0.5294202,1.102011438285408,0.2971446866221958,1.2235158064559801,-0.3178167139715516,B,0.2971446866221958,reported,True
moonshotai__kimi-k3__rep10,moonshotai/kimi-k3,10,4,4,20,"At the same time, disability communities are not monolithic; some people with genetic conditions would dearly spare their children the same suffering.",False,"Listening to this diversity, rather than treating any one voice as representative, will matter to the legitimacy of your conclusions.",0.5595163,0.55391186,0.53849554,0.5490701,-0.052430304452718686,0.07835267364105675,0.04583335994306253,0.011314606912783352,A,-0.052430304452718686,reported,True
moonshotai__kimi-k3__rep10,moonshotai/kimi-k3,10,5,0,7,,False,Questions of justice cut across everything else.,0.48012736,0.5034073,0.46571374,0.49991682,0.11430395893927192,2.685541808039416,-0.8278600025555347,-0.7476187512278557,B,2.685541808039416,aligned,True
moonshotai__kimi-k3__rep10,moonshotai/kimi-k3,10,5,1,7,Questions of justice cut across everything else.,False,"If editing becomes available, who gets it?",0.57103425,0.56367576,0.54928374,0.56106275,-1.0175435225322143,2.5651978620782026,2.162967110036989,-1.426259550281684,A,-1.0175435225322143,dismissed,False
moonshotai__kimi-k3__rep10,moonshotai/kimi-k3,10,5,2,22,"If editing becomes available, who gets it?",False,"Advanced reproductive technology is expensive, and Australia already has a two-tier pattern in which access to IVF varies with income and postcode.",0.4716405,0.49368435,0.4865878,0.47806767,-0.7407309991988585,0.83720078368322,0.09752376260439635,-0.11801118254836226,B,0.83720078368322,aligned,True
moonshotai__kimi-k3__rep10,moonshotai/kimi-k3,10,5,3,22,"Advanced reproductive technology is expensive, and Australia already has a two-tier pattern in which access to IVF varies with income and postcode.",False,"Critics foresee a genetic class divide, in which the affluent buy resilience and advantage while others cannot, hardening inequality into biology itself.",0.62950844,0.65718216,0.61295086,0.6129803,-1.8424983770505057,4.8703218052082216,3.477191519300687,-5.245128710538266,B,4.8703218052082216,aligned,True
moonshotai__kimi-k3__rep10,moonshotai/kimi-k3,10,5,4,22,"Critics foresee a genetic class divide, in which the affluent buy resilience and advantage while others cannot, hardening inequality into biology itself.",False,"Some respond that the answer to inequitable access is public provision, not prohibition, just as we fund expensive medicines through the PBS.",0.4495628,0.4739272,0.44340312,0.4355513,0.04505014261696481,0.8251097098871835,0.5495383810624481,-0.05799221992900127,B,0.8251097098871835,aligned,True
moonshotai__kimi-k3__rep10,moonshotai/kimi-k3,10,5,5,35,"Some respond that the answer to inequitable access is public provision, not prohibition, just as we fund expensive medicines through the PBS.",True,"There are also global dimensions: would Australian rules simply export the practice to clinics overseas, and do we have obligations to people in countries where diseases like sickle cell anaemia are common and treatments scarce?",0.5062362,0.51827353,0.53021836,0.48463055,-1.397771133625647,2.6647185515877205,6.304461247038013e-05,-1.7003539811851809,C,6.304461247038013e-05,reported,True
moonshotai__kimi-k3__rep10,moonshotai/kimi-k3,10,6,0,9,,False,Aboriginal and Torres Strait Islander perspectives add further depth.,0.50334024,0.5087989,0.49329743,0.49400252,0.08616473778616639,0.3420690587226999,0.18281715888151664,0.007594012082554403,B,0.3420690587226999,reported,True
moonshotai__kimi-k3__rep10,moonshotai/kimi-k3,10,6,1,38,Aboriginal and Torres Strait Islander perspectives add further depth.,False,"Indigenous Australians have experienced medical research as something done to them rather than with them, and there is growing emphasis on Indigenous data sovereignty, community consent and the right to control how genetic information is collected and used.",0.58263505,0.6116639,0.5809282,0.56040674,-0.5391016768384723,1.5930742800896402,1.3990541787129764,0.2832324773343861,B,1.5930742800896402,aligned,True
moonshotai__kimi-k3__rep10,moonshotai/kimi-k3,10,6,2,23,"Indigenous Australians have experienced medical research as something done to them rather than with them, and there is growing emphasis on Indigenous data sovereignty, community consent and the right to control how genetic information is collected and used.",False,"Any framework for genome editing in Australia would need genuine partnership with First Nations communities from the outset, not consultation after the fact.",0.669319,0.69814795,0.67829853,0.6444058,-2.7441092417243635,1.4188859186336042,2.0336658564362735,-1.4577552051667597,B,1.4188859186336042,aligned,True
moonshotai__kimi-k3__rep10,moonshotai/kimi-k3,10,6,3,26,"Any framework for genome editing in Australia would need genuine partnership with First Nations communities from the outset, not consultation after the fact.",False,"More broadly, public trust in institutions is itself a value at stake: a technology introduced without social licence could corrode confidence in science and medicine generally.",0.62886035,0.56003565,0.55388504,0.60897547,-1.2696115247067061,2.3930438598917676,1.5973466147380528,-1.859598253872537,A,-1.2696115247067061,dismissed,False
moonshotai__kimi-k3__rep10,moonshotai/kimi-k3,10,7,0,7,,False,Religious and philosophical traditions offer varied resources.,0.48432496,0.4509815,0.48827285,0.4841027,0.5047126459726132,0.6435888794739731,-1.1940847535085048,-0.24650740128912732,C,-1.1940847535085048,dismissed,False
moonshotai__kimi-k3__rep10,moonshotai/kimi-k3,10,7,1,23,Religious and philosophical traditions offer varied resources.,False,"The phrase ""playing God"" captures a widespread intuition that some powers exceed human wisdom, and that humility before life's givenness is a virtue.",0.51403695,0.4630668,0.48557824,0.5217348,-0.21976044500508582,2.6492226730368564,1.433395970355778,0.8115671448386276,A,-0.21976044500508582,reported,True
moonshotai__kimi-k3__rep10,moonshotai/kimi-k3,10,7,2,33,"The phrase ""playing God"" captures a widespread intuition that some powers exceed human wisdom, and that humility before life's givenness is a virtue.",False,"Catholic teaching objects to procedures that create or destroy embryos; many Jewish and Islamic scholars have been more open to editing for serious therapeutic purposes under strict conditions, seeing healing as a duty.",0.6213272,0.55089515,0.60309994,0.5866747,-1.5196407082315997,0.20288871567274316,-0.020973842862585978,-1.7507906104707218,A,-1.5196407082315997,dismissed,False
moonshotai__kimi-k3__rep10,moonshotai/kimi-k3,10,7,3,14,"Catholic teaching objects to procedures that create or destroy embryos; many Jewish and Islamic scholars have been more open to editing for serious therapeutic purposes under strict conditions, seeing healing as a duty.",False,"Secular thinkers make parallel arguments about naturalness, hubris and the instrumentalisation of human life.",0.57599276,0.51851404,0.5689708,0.5806803,-0.37238613547204297,3.8607498208805913,2.3276961203941022,0.8606288304802729,A,-0.37238613547204297,reported,True
moonshotai__kimi-k3__rep10,moonshotai/kimi-k3,10,7,4,41,"Secular thinkers make parallel arguments about naturalness, hubris and the instrumentalisation of human life.",False,"On the other side, some bioethicists argue for ""procreative beneficence"", a principle that parents should choose the best prospects for their children, and see editing as an extension of parental freedom that liberal societies should protect unless it clearly harms others.",0.69637746,0.64483875,0.67654115,0.66187733,0.03218450289190538,-0.5542097120959077,0.6597138864413135,-2.422334459983104,A,0.03218450289190538,reported,True
moonshotai__kimi-k3__rep10,moonshotai/kimi-k3,10,8,0,6,,True,There are also arguments about alternatives.,0.54952186,0.52544045,0.5543712,0.557578,0.0017633834140724526,0.04695817269239341,0.03181693015620112,0.0034543404044234216,C,0.03181693015620112,reported,True
moonshotai__kimi-k3__rep10,moonshotai/kimi-k3,10,8,1,25,There are also arguments about alternatives.,False,"Preimplantation genetic testing already lets prospective parents select embryos free of known mutations, which some say achieves most of editing's therapeutic goals without rewriting DNA.",0.6761194,0.6817305,0.66102487,0.6678452,-0.10881167064420878,1.453913189564628,1.965463113181904,1.8039056011922365,B,1.453913189564628,aligned,True
moonshotai__kimi-k3__rep10,moonshotai/kimi-k3,10,8,2,25,"Preimplantation genetic testing already lets prospective parents select embryos free of known mutations, which some say achieves most of editing's therapeutic goals without rewriting DNA.",False,"Others reply that screening fails when all embryos are affected, or when parents object to discarding embryos, and that editing could help precisely those families.",0.65923846,0.6725251,0.667819,0.63924664,0.26383106383698773,0.5813074780360331,0.9396099730819697,-1.1600259287439987,B,0.5813074780360331,aligned,True
moonshotai__kimi-k3__rep10,moonshotai/kimi-k3,10,8,3,35,"Others reply that screening fails when all embryos are affected, or when parents object to discarding embryos, and that editing could help precisely those families.",False,"Questions of consent loom too: future generations cannot agree to the changes made to their genomes, though defenders note that children never consent to any of their genetic inheritance, or to being born at all.",0.68943393,0.7200041,0.6877502,0.66647345,-2.4541508186049765,1.5813187907155957,-0.5144755333379727,-1.8610287797724598,B,1.5813187907155957,aligned,True
moonshotai__kimi-k3__rep10,moonshotai/kimi-k3,10,9,0,9,,False,"Finally, there is the question of who should decide.",0.5137775,0.5126613,0.53001255,0.50257635,-0.09745345563627779,0.08866594416496815,0.025830615079321453,-0.039733293134777345,C,0.025830615079321453,reported,True
moonshotai__kimi-k3__rep10,moonshotai/kimi-k3,10,9,1,27,"Finally, there is the question of who should decide.",False,"Options range from maintaining the current prohibition, through time-limited moratoria with review mechanisms, to tightly licensed case-by-case approval, to permitting somatic therapies freely while barring heritable changes.",0.59580857,0.5660936,0.6103919,0.5747402,-0.3908475272916258,3.4869692374291485,1.8410000808513733,-0.022167686220200284,C,1.8410000808513733,aligned,True
moonshotai__kimi-k3__rep10,moonshotai/kimi-k3,10,9,2,31,"Options range from maintaining the current prohibition, through time-limited moratoria with review mechanisms, to tightly licensed case-by-case approval, to permitting somatic therapies freely while barring heritable changes.",False,"Some would entrust these judgements mainly to scientists and clinicians; others insist that because heritable editing changes the human commonwealth, it is a democratic question in which every citizen has standing.",0.7609916,0.72122633,0.72685665,0.7042441,-0.32530568633577783,0.4853102688818762,-0.08690408991868025,0.2004411130816152,A,-0.32530568633577783,reported,True
moonshotai__kimi-k3__rep10,moonshotai/kimi-k3,10,9,3,51,"Some would entrust these judgements mainly to scientists and clinicians; others insist that because heritable editing changes the human commonwealth, it is a democratic question in which every citizen has standing.",False,"As you deliberate, you will encounter recurring values on all sides: compassion for those who suffer, caution in the face of irreversibility, fairness in the distribution of benefit and risk, freedom for parents and researchers, humility about what we can foresee, and solidarity with the vulnerable, including generations not yet born.",0.59556997,0.58809817,0.5840167,0.5870133,-0.39580461138626566,-0.3239415909405215,-0.13750528557779038,-0.4943126978949293,A,-0.39580461138626566,reported,True
moonshotai__kimi-k3__rep10,moonshotai/kimi-k3,10,9,4,27,"As you deliberate, you will encounter recurring values on all sides: compassion for those who suffer, caution in the face of irreversibility, fairness in the distribution of benefit and risk, freedom for parents and researchers, humility about what we can foresee, and solidarity with the vulnerable, including generations not yet born.",False,"The task before you is not to pick a single winner among these values, but to ask what arrangements could honour the most important of them together.",0.44777325,0.4298548,0.44688192,0.46359944,-0.4684703068452655,0.37721745755407027,0.33399301010795185,0.14116148672008416,A,-0.4684703068452655,reported,True
z-ai__glm-5.2__rep01,z-ai/glm-5.2,1,0,0,5,,False,Welcome to the citizens' assembly.,0.5113147,0.49032152,0.4763731,0.47253507,-0.9260513395990709,-0.11996602883329617,1.5678339831350598,-0.420719857288641,A,-0.9260513395990709,dismissed,False
z-ai__glm-5.2__rep01,z-ai/glm-5.2,1,0,1,36,Welcome to the citizens' assembly.,False,"Over the coming weeks, you will be asked to deliberate on one of the most profound scientific and ethical questions of our time: whether and how human genome editing should be permitted and regulated in Australia.",0.72240144,0.7204518,0.69359964,0.6868723,-1.4493156398448628,0.11013483249247684,-0.1441000570205506,-1.2606150341175093,A,-1.4493156398448628,dismissed,False
z-ai__glm-5.2__rep01,z-ai/glm-5.2,1,0,2,13,"Over the coming weeks, you will be asked to deliberate on one of the most profound scientific and ethical questions of our time: whether and how human genome editing should be permitted and regulated in Australia.",True,This report is designed to serve as your initial map of the terrain.,0.45275998,0.43300694,0.44273368,0.44844776,-0.12230140561179721,0.17283860151364935,0.11753996534884208,0.03302799621858868,A,-0.12230140561179721,reported,True
z-ai__glm-5.2__rep01,z-ai/glm-5.2,1,0,3,26,This report is designed to serve as your initial map of the terrain.,True,"It does not advocate for a particular outcome but rather seeks to illuminate the diverse perspectives, deeply held values, and competing arguments that surround this technology.",0.6098444,0.61450654,0.5989236,0.62782943,0.03609856365510495,0.11685344903351506,0.158794992522744,0.13561220172559846,B,0.11685344903351506,reported,True
z-ai__glm-5.2__rep01,z-ai/glm-5.2,1,0,4,14,"It does not advocate for a particular outcome but rather seeks to illuminate the diverse perspectives, deeply held values, and competing arguments that surround this technology.",False,Human genome editing involves making precise changes to the DNA within a human cell.,0.6635589,0.6690459,0.6458912,0.6350231,-0.34434651412797407,0.3649310320278164,0.02094412399499562,-0.35542865871728285,B,0.3649310320278164,reported,True
z-ai__glm-5.2__rep01,z-ai/glm-5.2,1,0,5,14,Human genome editing involves making precise changes to the DNA within a human cell.,False,"To understand the debates, it is helpful to distinguish between two types of editing.",0.6377776,0.60079217,0.61891717,0.6397841,0.06237475148867814,0.06696285301499302,0.0660801938921213,0.0573506097801146,A,0.06237475148867814,reported,True
z-ai__glm-5.2__rep01,z-ai/glm-5.2,1,0,6,26,"To understand the debates, it is helpful to distinguish between two types of editing.",False,"Somatic editing modifies the genes in a patient's existing body cells to treat a disease, and these changes are not passed on to the patient's children.",0.63393193,0.6607367,0.640829,0.6110146,0.5760937543737237,2.004896613020682,2.089920131564722,-0.12402286570752029,B,2.004896613020682,aligned,True
z-ai__glm-5.2__rep01,z-ai/glm-5.2,1,0,7,29,"Somatic editing modifies the genes in a patient's existing body cells to treat a disease, and these changes are not passed on to the patient's children.",False,"Germline editing, on the other hand, alters the DNA in sperm, eggs, or early embryos, meaning the changes are hereditary and will be passed down to all future generations.",0.63558567,0.6623357,0.62574285,0.61206156,-0.1591955317585962,0.12405708569247514,0.06745033897837857,-0.19813216108101178,B,0.12405708569247514,reported,True
z-ai__glm-5.2__rep01,z-ai/glm-5.2,1,0,8,29,"Germline editing, on the other hand, alters the DNA in sperm, eggs, or early embryos, meaning the changes are hereditary and will be passed down to all future generations.",False,"Furthermore, the public conversation often divides between using these tools for therapy—restoring normal health to treat or prevent disease—and using them for enhancement—augmenting human traits beyond typical human functioning.",0.65074444,0.63717276,0.6117853,0.62179327,0.1077671699936036,0.48586939272761814,0.4947383255822932,-0.07772278820862992,A,0.1077671699936036,reported,True
z-ai__glm-5.2__rep01,z-ai/glm-5.2,1,1,0,24,,False,At the heart of the arguments in favor of genome editing is a profound sense of hope and the desire to alleviate human suffering.,0.80444396,0.74352545,0.7495556,0.74633646,1.1701743528922088,0.5124677438882648,1.9132518066331972,-0.6337951244710711,A,1.1701743528922088,aligned,True
z-ai__glm-5.2__rep01,z-ai/glm-5.2,1,1,1,28,At the heart of the arguments in favor of genome editing is a profound sense of hope and the desire to alleviate human suffering.,False,"For many people, particularly those living with devastating genetic conditions and the families who care for them, this technology represents a long-awaited cure rather than a futuristic concept.",0.6698859,0.6763527,0.66890025,0.6480426,5.445177407009759,2.5779046382312676,4.81627180385316,2.0500226258501066,B,2.5779046382312676,aligned,True
z-ai__glm-5.2__rep01,z-ai/glm-5.2,1,1,2,19,"For many people, particularly those living with devastating genetic conditions and the families who care for them, this technology represents a long-awaited cure rather than a futuristic concept.",False,"Conditions such as Huntington’s disease, cystic fibrosis, muscular dystrophy, and certain inherited cancers cause immense physical and emotional distress.",0.4586068,0.45544836,0.45983922,0.44786146,0.1492745632643346,0.30194401792483405,-0.08083005021617279,-0.35568556101439736,C,-0.08083005021617279,reported,True
z-ai__glm-5.2__rep01,z-ai/glm-5.2,1,1,3,21,"Conditions such as Huntington’s disease, cystic fibrosis, muscular dystrophy, and certain inherited cancers cause immense physical and emotional distress.",False,Proponents argue that we have a moral imperative to use our scientific knowledge to cure disease and improve the human condition.,0.68206507,0.58857834,0.63750196,0.625372,3.167230315860944,-0.055848259506165,1.9297129956958816,0.6522265085432448,A,3.167230315860944,aligned,True
z-ai__glm-5.2__rep01,z-ai/glm-5.2,1,1,4,16,Proponents argue that we have a moral imperative to use our scientific knowledge to cure disease and improve the human condition.,False,"From this perspective, withholding a treatment that could end generational cycles of disease is ethically indefensible.",0.62687856,0.61798775,0.64317846,0.602562,4.896398588812152,2.8512207673396923,3.683145654666004,1.1770491094124735,C,3.683145654666004,aligned,True
z-ai__glm-5.2__rep01,z-ai/glm-5.2,1,1,5,13,"From this perspective, withholding a treatment that could end generational cycles of disease is ethically indefensible.",True,There is also a strong current of scientific optimism within the Australian community.,0.63504314,0.4792524,0.5392505,0.569458,0.8888087454921333,0.15345651386422113,0.6879330126053538,0.12818015483382622,A,0.8888087454921333,aligned,True
z-ai__glm-5.2__rep01,z-ai/glm-5.2,1,1,6,39,There is also a strong current of scientific optimism within the Australian community.,False,"Many citizens take pride in our nation’s history of medical innovation and believe that carefully regulated research can yield enormous public health benefits, reducing the long-term burden on the healthcare system and allowing individuals to live fuller, healthier lives.",0.60880834,0.52149785,0.5360516,0.5610719,2.286725105610385,0.9102026398805901,2.1593733759305898,0.6060870565593363,A,2.286725105610385,aligned,True
z-ai__glm-5.2__rep01,z-ai/glm-5.2,1,2,0,13,,False,"However, the transition from curing disease to enhancing human capabilities introduces widespread anxiety.",0.6117063,0.57345843,0.60033876,0.5963047,-0.32758638092549525,4.266358169976156,2.8715093228025936,-0.8986977265228051,A,-0.32758638092549525,reported,True
z-ai__glm-5.2__rep01,z-ai/glm-5.2,1,2,1,16,"However, the transition from curing disease to enhancing human capabilities introduces widespread anxiety.",False,A major fault line in the public debate centers on the boundary between therapy and enhancement.,0.5986314,0.5642807,0.5771887,0.577606,-0.6053154365211957,1.4521486266737336,0.7152136099568452,0.495863509156625,A,-0.6053154365211957,dismissed,False
z-ai__glm-5.2__rep01,z-ai/glm-5.2,1,2,2,33,A major fault line in the public debate centers on the boundary between therapy and enhancement.,False,"While there is broad public consensus that treating a severe illness is a worthy goal, the prospect of designer babies engineered for higher intelligence, athletic prowess, or specific physical traits triggers deep discomfort.",0.6873262,0.6649106,0.6592086,0.66751456,-0.47498500925256,11.604453925485727,9.263012116434403,3.1164190880500238,A,-0.47498500925256,reported,True
z-ai__glm-5.2__rep01,z-ai/glm-5.2,1,2,3,30,"While there is broad public consensus that treating a severe illness is a worthy goal, the prospect of designer babies engineered for higher intelligence, athletic prowess, or specific physical traits triggers deep discomfort.",False,"Critics argue that pursuing enhancement risks reigniting the dark history of eugenics, where the definition of a good or desirable human is dictated by societal prejudices rather than medical necessity.",0.68267477,0.6624674,0.6621022,0.6559034,-2.8823667237663173,5.309395590283091,3.9148968885256914,-1.3391400530847024,A,-2.8823667237663173,dismissed,False
z-ai__glm-5.2__rep01,z-ai/glm-5.2,1,2,4,21,"Critics argue that pursuing enhancement risks reigniting the dark history of eugenics, where the definition of a good or desirable human is dictated by societal prejudices rather than medical necessity.",True,"This perspective emphasizes that human diversity, including variations in ability and appearance, is a vital component of a rich, resilient society.",0.5854195,0.60743666,0.57341677,0.56723166,-0.3614663534431019,2.2785054809064604,1.8637106272045638,1.8745056624399152,B,2.2785054809064604,aligned,True
z-ai__glm-5.2__rep01,z-ai/glm-5.2,1,2,5,35,"This perspective emphasizes that human diversity, including variations in ability and appearance, is a vital component of a rich, resilient society.",False,Altering the fundamental building blocks of human nature to fit arbitrary aesthetic or cognitive ideals is viewed by many as a dangerous overreach that commodifies human life and undermines the intrinsic value of the individual.,0.57998586,0.5700252,0.59389144,0.5891443,-1.2970878076332157,6.100778022088927,5.25380001578422,1.4425500092993024,C,5.25380001578422,aligned,True
z-ai__glm-5.2__rep01,z-ai/glm-5.2,1,3,0,16,,False,Tied closely to the fear of enhancement is a profound concern about social justice and equity.,0.57820636,0.6193071,0.54246056,0.5715494,-3.457777060002845,9.140108013887948,8.661820386535549,3.2649821876586067,B,9.140108013887948,aligned,True
z-ai__glm-5.2__rep01,z-ai/glm-5.2,1,3,1,24,Tied closely to the fear of enhancement is a profound concern about social justice and equity.,False,"Australia prides itself on the ethos of a fair go, a cultural commitment to egalitarianism and universal access to healthcare through systems like Medicare.",0.52846295,0.5051729,0.50094914,0.4956463,-0.20199989513959732,0.391096603704791,0.34108974576593015,0.010349178033065985,A,-0.20199989513959732,reported,True
z-ai__glm-5.2__rep01,z-ai/glm-5.2,1,3,2,26,"Australia prides itself on the ethos of a fair go, a cultural commitment to egalitarianism and universal access to healthcare through systems like Medicare.",False,"Many citizens worry that genome editing could become a luxury available only to the wealthy, creating a permanent biological divide between the rich and the poor.",0.7621882,0.8008981,0.74704605,0.73254263,-1.9566112000611608,5.028091972381228,4.252859287549508,-3.1422514510585464,B,5.028091972381228,aligned,True
z-ai__glm-5.2__rep01,z-ai/glm-5.2,1,3,3,33,"Many citizens worry that genome editing could become a luxury available only to the wealthy, creating a permanent biological divide between the rich and the poor.",False,"If affluent parents can purchase genetic enhancements for their children, social inequality could become literally encoded in our DNA, giving rise to a genetic underclass that cannot compete on a level playing field.",0.60200083,0.67173934,0.5705407,0.57401663,-3.709756640748237,9.135232019856337,7.036534593834363,-0.6634614970226542,B,9.135232019856337,aligned,True
z-ai__glm-5.2__rep01,z-ai/glm-5.2,1,3,4,12,"If affluent parents can purchase genetic enhancements for their children, social inequality could become literally encoded in our DNA, giving rise to a genetic underclass that cannot compete on a level playing field.",True,This perspective demands that any regulatory framework must aggressively protect equitable access.,0.49067414,0.51786923,0.47229567,0.48493123,-0.19138572884723548,0.10919917279097714,0.1721679192763986,-0.07779005165561101,B,0.10919917279097714,reported,True
z-ai__glm-5.2__rep01,z-ai/glm-5.2,1,3,5,28,This perspective demands that any regulatory framework must aggressively protect equitable access.,True,It raises challenging questions about whether the government should subsidize genetic therapies and whether private enhancements should be banned entirely to prevent the wealthy from gaining biological advantages.,0.6635504,0.6926891,0.6564766,0.64488596,0.11931439350242724,5.012015039107647,3.7853845813329103,-1.725942441522784,B,5.012015039107647,aligned,True
z-ai__glm-5.2__rep01,z-ai/glm-5.2,1,3,6,16,It raises challenging questions about whether the government should subsidize genetic therapies and whether private enhancements should be banned entirely to prevent the wealthy from gaining biological advantages.,False,The dialogue here focuses on how to prevent a revolutionary medical technology from fracturing social cohesion.,0.6174675,0.6299488,0.61887884,0.6038912,-0.1176466626231559,2.7709897139290107,2.154136150814011,-1.0713382139004535,B,2.7709897139290107,aligned,True
z-ai__glm-5.2__rep01,z-ai/glm-5.2,1,4,0,16,,False,"Beyond the social implications, there are significant concerns regarding safety and the limits of human knowledge.",0.6151091,0.62346333,0.58870566,0.62158734,-0.5983829302695813,4.614727657353504,1.987287993424106,0.28529668787203266,B,4.614727657353504,aligned,True
z-ai__glm-5.2__rep01,z-ai/glm-5.2,1,4,1,13,"Beyond the social implications, there are significant concerns regarding safety and the limits of human knowledge.",False,"The natural world is highly complex, and genes often have multiple, overlapping functions.",0.5411505,0.54262304,0.5534083,0.53971267,-0.0250543675967492,0.23732302600255942,0.10833033016038827,0.07910000553150891,C,0.10833033016038827,reported,True
z-ai__glm-5.2__rep01,z-ai/glm-5.2,1,4,2,22,"The natural world is highly complex, and genes often have multiple, overlapping functions.",False,"Scientists caution that editing one gene to eliminate a disease might inadvertently trigger unforeseen health problems, a phenomenon known as off-target effects.",0.68695503,0.6828233,0.68172324,0.67979187,1.5328723284834997,4.989500702368095,3.70685513905424,1.0781150608282768,A,1.5328723284834997,aligned,True
z-ai__glm-5.2__rep01,z-ai/glm-5.2,1,4,3,11,"Scientists caution that editing one gene to eliminate a disease might inadvertently trigger unforeseen health problems, a phenomenon known as off-target effects.",False,"When it comes to germline editing, the stakes are dramatically higher.",0.6470082,0.648408,0.64758563,0.6466174,-3.7394646232257944,5.31875536819687,1.493939315667958,-1.7788064499702883,B,5.31875536819687,aligned,True
z-ai__glm-5.2__rep01,z-ai/glm-5.2,1,4,4,25,"When it comes to germline editing, the stakes are dramatically higher.",False,"Because these genetic changes are hereditary, any unintended mutations introduced today will be passed down to all future generations, irreversibly altering the human gene pool.",0.61958784,0.64016104,0.6306149,0.5971259,-1.6231679691080356,3.1931065102756833,0.6836301743236255,-2.102939995158813,B,3.1931065102756833,aligned,True
z-ai__glm-5.2__rep01,z-ai/glm-5.2,1,4,5,30,"Because these genetic changes are hereditary, any unintended mutations introduced today will be passed down to all future generations, irreversibly altering the human gene pool.",True,"Those who hold this view invoke the precautionary principle, arguing that we should not release potentially irreversible changes into human biology until we are absolutely certain of the long-term consequences.",0.6900534,0.6381423,0.7065538,0.676253,-0.47584058784646915,2.446065288021928,1.6183675841760121,-0.012481541819288336,C,1.6183675841760121,aligned,True
z-ai__glm-5.2__rep01,z-ai/glm-5.2,1,4,6,26,"Those who hold this view invoke the precautionary principle, arguing that we should not release potentially irreversible changes into human biology until we are absolutely certain of the long-term consequences.",True,This perspective suggests that a strict moratorium on germline editing is necessary until the science is proven safe and society has thoroughly debated the ethical implications.,0.77805746,0.761854,0.7687638,0.7570726,-6.009798575971509,5.76757321519428,5.784990163176262,-2.331772649871127,A,-6.009798575971509,dismissed,False
z-ai__glm-5.2__rep01,z-ai/glm-5.2,1,5,0,12,,False,The ethical and philosophical landscape also features profound moral and religious objections.,0.55126923,0.5276155,0.54487014,0.5718351,-0.4381040694919648,0.801866192901798,0.49228563839220435,0.4281768392794765,A,-0.4381040694919648,reported,True
z-ai__glm-5.2__rep01,z-ai/glm-5.2,1,5,1,19,The ethical and philosophical landscape also features profound moral and religious objections.,False,"For some, editing the human genome crosses a fundamental line, representing an unacceptable hubris often described as playing God.",0.755593,0.73775065,0.7358511,0.7290874,-5.851550493805553,3.4330349584558277,5.441192346156313,0.8771801330451854,A,-5.851550493805553,dismissed,False
z-ai__glm-5.2__rep01,z-ai/glm-5.2,1,5,2,24,"For some, editing the human genome crosses a fundamental line, representing an unacceptable hubris often described as playing God.",True,"This view holds that human life possesses a sacred or natural integrity that should not be artificially manipulated, even with the best of intentions.",0.61448663,0.5708008,0.62442636,0.6015498,-2.357455581145478,9.176762795479736,5.6875955730938585,3.5687225190026215,C,5.6875955730938585,aligned,True
z-ai__glm-5.2__rep01,z-ai/glm-5.2,1,5,3,8,"This view holds that human life possesses a sacred or natural integrity that should not be artificially manipulated, even with the best of intentions.",False,"Furthermore, germline editing raises unique issues of consent.",0.7218889,0.76190346,0.724575,0.7128219,-3.1894303029705764,6.1210421019379275,3.6158218585702704,-1.7439562433876565,B,6.1210421019379275,aligned,True
z-ai__glm-5.2__rep01,z-ai/glm-5.2,1,5,4,24,"Furthermore, germline editing raises unique issues of consent.",False,"Future generations cannot consent to the genetic alterations made by their ancestors, potentially locking them into biological trajectories chosen for them without their input.",0.66140616,0.68079084,0.6679883,0.6299051,-2.5015833065341577,4.007521522491005,1.5120136221405125,-2.4107526933713235,B,4.007521522491005,aligned,True
z-ai__glm-5.2__rep01,z-ai/glm-5.2,1,5,5,14,"Future generations cannot consent to the genetic alterations made by their ancestors, potentially locking them into biological trajectories chosen for them without their input.",False,"Within this moral framework, there are also vital voices from the disability rights community.",0.5048585,0.5457488,0.5198519,0.48527637,-0.1135138607776025,0.9400782192335462,0.4525111492635915,0.12126142013526985,B,0.9400782192335462,aligned,True
z-ai__glm-5.2__rep01,z-ai/glm-5.2,1,5,6,23,"Within this moral framework, there are also vital voices from the disability rights community.",False,Some advocates argue that framing certain genetic conditions as defects to be edited out devalues the lives of people currently living with disabilities.,0.7063909,0.73174846,0.7264228,0.6901674,-0.4561412937060231,1.8503395560811624,1.2364509897117386,-0.25121330312773354,B,1.8503395560811624,aligned,True
z-ai__glm-5.2__rep01,z-ai/glm-5.2,1,5,7,33,Some advocates argue that framing certain genetic conditions as defects to be edited out devalues the lives of people currently living with disabilities.,True,"They raise concerns that a rush to eliminate genetic differences could diminish societal support for disability and erode the acceptance of neurodiversity, promoting a narrow, medicalized view of what constitutes a normal life.",0.7045154,0.7343704,0.71595097,0.68479246,-1.3202320692973446,8.55374986575829,6.35992024040461,1.597548801357334,B,8.55374986575829,aligned,True
z-ai__glm-5.2__rep01,z-ai/glm-5.2,1,6,0,11,,False,"Finally, the global dimension of this issue presents a regulatory puzzle.",0.49059474,0.5052371,0.482761,0.50789195,-1.5237969563752998,0.5625700837807381,-0.7878339575760767,-1.6440595001002658,B,0.5625700837807381,aligned,True
z-ai__glm-5.2__rep01,z-ai/glm-5.2,1,6,1,20,"Finally, the global dimension of this issue presents a regulatory puzzle.",False,"Science transcends national borders, and Australians are aware that what we decide here may be undermined by actions taken elsewhere.",0.58136743,0.52411276,0.545301,0.5527591,-0.12649980731948743,0.1056302771350602,0.01921606710224291,-0.03665635271303473,A,-0.12649980731948743,reported,True
z-ai__glm-5.2__rep01,z-ai/glm-5.2,1,6,2,27,"Science transcends national borders, and Australians are aware that what we decide here may be undermined by actions taken elsewhere.",False,"If Australia bans genome editing entirely, citizens with means might simply travel to countries with lax regulations to access the technology, a phenomenon known as medical tourism.",0.66598463,0.67609805,0.65238136,0.64343935,-0.8956315299199193,3.38136702967313,1.8719819856832327,-0.9267537545213418,B,3.38136702967313,aligned,True
z-ai__glm-5.2__rep01,z-ai/glm-5.2,1,6,3,21,"If Australia bans genome editing entirely, citizens with means might simply travel to countries with lax regulations to access the technology, a phenomenon known as medical tourism.",True,"This raises the question of whether a strict domestic ban would merely push the practice into unregulated, potentially dangerous black markets.",0.48440054,0.4818343,0.47516993,0.4714497,0.37327101767295967,2.430806877101423,1.6496244157294868,0.11004688850283866,A,0.37327101767295967,reported,True
z-ai__glm-5.2__rep01,z-ai/glm-5.2,1,6,4,31,"This raises the question of whether a strict domestic ban would merely push the practice into unregulated, potentially dangerous black markets.",False,"Conversely, taking a more permissive approach might position Australia as a hub for international biotechnology research, attracting investment and talent, but also accepting the ethical risks associated with pioneering such work.",0.6087821,0.55035496,0.5793342,0.5922619,1.1440793061387378,0.28232056927197846,1.2373289612756344,0.005059779815783332,A,1.1440793061387378,aligned,True
z-ai__glm-5.2__rep01,z-ai/glm-5.2,1,6,5,20,"Conversely, taking a more permissive approach might position Australia as a hub for international biotechnology research, attracting investment and talent, but also accepting the ethical risks associated with pioneering such work.",False,The regulatory debate therefore grapples with how to balance national sovereignty and local values with the necessity of international cooperation.,0.5051464,0.4952868,0.5020168,0.49406475,-0.8331116666336308,-0.2332939973333849,-0.09046476668067038,-1.2455167645821348,A,-0.8331116666336308,dismissed,False
z-ai__glm-5.2__rep01,z-ai/glm-5.2,1,6,6,29,The regulatory debate therefore grapples with how to balance national sovereignty and local values with the necessity of international cooperation.,False,"Some argue for binding international treaties modeled on nuclear non-proliferation agreements, while others believe that flexible, locally accountable regulatory bodies are better suited to navigate this rapidly evolving field.",0.5529702,0.4872273,0.51985276,0.54637975,0.37659990164276697,0.12993126244022274,0.9349321398561005,-1.0192859426737413,A,0.37659990164276697,reported,True
z-ai__glm-5.2__rep01,z-ai/glm-5.2,1,7,0,23,,False,"As you begin your deliberations, you will find that these perspectives do not exist in isolation; they overlap, conflict, and challenge one another.",0.5781999,0.5538324,0.5680609,0.5848034,-0.04515043673207402,0.08819076834974116,0.09966573278812575,0.11903833139280322,A,-0.04515043673207402,reported,True
z-ai__glm-5.2__rep01,z-ai/glm-5.2,1,7,1,15,"As you begin your deliberations, you will find that these perspectives do not exist in isolation; they overlap, conflict, and challenge one another.",False,The hope of curing a child’s illness collides with the fear of unforeseen evolutionary consequences.,0.65569985,0.61957633,0.6402752,0.6330929,-0.4571985661901998,6.050554620821495,1.8470005283446511,0.46886034337338073,A,-0.4571985661901998,reported,True
z-ai__glm-5.2__rep01,z-ai/glm-5.2,1,7,2,13,The hope of curing a child’s illness collides with the fear of unforeseen evolutionary consequences.,False,The desire to alleviate suffering competes with the necessity of respecting human diversity.,0.59060043,0.59513336,0.6075765,0.5748734,-0.21220376360695808,0.6395207326172389,0.29722284438437796,0.16143431199248887,C,0.29722284438437796,reported,True
z-ai__glm-5.2__rep01,z-ai/glm-5.2,1,7,3,14,The desire to alleviate suffering competes with the necessity of respecting human diversity.,False,The pride in scientific ingenuity must be weighed against the commitment to social equity.,0.6138397,0.58190167,0.5667767,0.5960523,0.6888144642673434,1.7081570678803841,1.5580464060063233,-0.2022782266361173,A,0.6888144642673434,aligned,True
z-ai__glm-5.2__rep01,z-ai/glm-5.2,1,7,4,8,The pride in scientific ingenuity must be weighed against the commitment to social equity.,True,There are no simple answers or predetermined paths.,0.49197873,0.45874465,0.5098039,0.5237494,0.13860533905302871,0.2871624600526411,-0.5753363646790968,-0.1480460298564867,C,-0.5753363646790968,dismissed,False
z-ai__glm-5.2__rep01,z-ai/glm-5.2,1,7,5,30,There are no simple answers or predetermined paths.,False,"Your task is to navigate this complex landscape, balancing the profound promises of genome editing with its equally profound risks, to determine what the best path forward is for Australia.",0.70042306,0.69400966,0.6857046,0.67970663,-2.1574437068513355,-1.1277210439131886,1.0269563345269126,-2.248736210071802,A,-2.1574437068513355,dismissed,False
z-ai__glm-5.2__rep01,z-ai/glm-5.2,1,7,6,29,"Your task is to navigate this complex landscape, balancing the profound promises of genome editing with its equally profound risks, to determine what the best path forward is for Australia.",True,"This assembly represents a unique opportunity to shape a regulatory framework that reflects our shared values, our respect for science, and our commitment to a fair and compassionate society.",0.60109586,0.5573161,0.5386558,0.5590455,1.9760984803410253,0.8231397914356786,1.4427681705984294,0.7528881496569378,A,1.9760984803410253,aligned,True
z-ai__glm-5.2__rep02,z-ai/glm-5.2,2,0,0,13,,False,The convergence of biology and technology has brought humanity to a profound crossroads.,0.5642013,0.5476587,0.5612128,0.5486106,-0.02024330548520081,0.3011305699883086,-0.18722316008599602,0.17815309097073623,A,-0.02024330548520081,reported,True
z-ai__glm-5.2__rep02,z-ai/glm-5.2,2,0,1,30,The convergence of biology and technology has brought humanity to a profound crossroads.,False,"Human genome editing, once a figment of science fiction, is now a tangible reality, largely due to advancements like CRISPR-Cas9, which allows scientists to alter DNA sequences with unprecedented precision.",0.7014598,0.67422384,0.65203524,0.65615934,0.02332685105808196,0.04087208368437132,0.09027778758565547,-0.03032267911650707,A,0.02332685105808196,reported,True
z-ai__glm-5.2__rep02,z-ai/glm-5.2,2,0,2,33,"Human genome editing, once a figment of science fiction, is now a tangible reality, largely due to advancements like CRISPR-Cas9, which allows scientists to alter DNA sequences with unprecedented precision.",False,"As you prepare to deliberate on whether and how this powerful technology should be permitted and regulated in Australia, it is essential to first survey the vast and varied landscape of public opinion.",0.61101145,0.60486287,0.58748734,0.58988535,-0.8989040936972013,-0.3802155281623708,1.4075473768341187,-1.0866017625405222,A,-0.8989040936972013,dismissed,False
z-ai__glm-5.2__rep02,z-ai/glm-5.2,2,0,3,24,"As you prepare to deliberate on whether and how this powerful technology should be permitted and regulated in Australia, it is essential to first survey the vast and varied landscape of public opinion.",True,"This briefing aims to map the diverse perspectives, deeply held values, hopes, and concerns that surround the prospect of rewriting the human genetic code.",0.7213946,0.7291658,0.7038486,0.69674385,-0.9232871391536897,0.2663042999507162,0.5862742953631096,-0.7963069285749226,B,0.2663042999507162,reported,True
z-ai__glm-5.2__rep02,z-ai/glm-5.2,2,0,4,34,"This briefing aims to map the diverse perspectives, deeply held values, hopes, and concerns that surround the prospect of rewriting the human genetic code.",False,"The conversation is not merely a technical one; it touches the very core of what it means to be human, how we view disability, and how we collectively shape the future of our species.",0.6206701,0.678495,0.63368344,0.5962562,-0.5654872703959698,0.6374551241443257,-1.237579037753749,0.24172953308385342,B,0.6374551241443257,aligned,True
z-ai__glm-5.2__rep02,z-ai/glm-5.2,2,1,0,14,,False,At the heart of the enthusiasm for genome editing lies a profound medical hope.,0.7706484,0.69894004,0.71075326,0.7191761,7.634974077867811,4.571454344863886,4.374524839353398,2.110571900664946,A,7.634974077867811,aligned,True
z-ai__glm-5.2__rep02,z-ai/glm-5.2,2,1,1,28,At the heart of the enthusiasm for genome editing lies a profound medical hope.,False,"For families affected by devastating hereditary conditions such as Huntington's disease, cystic fibrosis, or sickle cell anemia, the ability to correct genetic errors represents a beacon of light.",0.55589855,0.56788033,0.54619455,0.5250804,5.492944880424766,2.554675051558879,5.903700608147193,1.2926411523984283,B,2.554675051558879,aligned,True
z-ai__glm-5.2__rep02,z-ai/glm-5.2,2,1,2,24,"For families affected by devastating hereditary conditions such as Huntington's disease, cystic fibrosis, or sickle cell anemia, the ability to correct genetic errors represents a beacon of light.",False,Proponents argue that we possess a moral imperative to alleviate suffering and cure disease when the means to do so are within our grasp.,0.6093027,0.5639046,0.5965127,0.5812075,1.8558718230991504,0.9452293533334158,1.848882350281929,-2.013245190981252,A,1.8558718230991504,aligned,True
z-ai__glm-5.2__rep02,z-ai/glm-5.2,2,1,3,32,Proponents argue that we possess a moral imperative to alleviate suffering and cure disease when the means to do so are within our grasp.,True,"This perspective emphasizes the difference between somatic cell editing, which treats genetic conditions in an existing individual, and germline editing, which alters embryos, sperm, or eggs, thereby passing changes to future generations.",0.70405924,0.7138729,0.690384,0.68982255,-0.2930263437246322,0.2491907147681924,0.40816848287126056,-0.5670200734608808,B,0.2491907147681924,reported,True
z-ai__glm-5.2__rep02,z-ai/glm-5.2,2,1,4,19,"This perspective emphasizes the difference between somatic cell editing, which treats genetic conditions in an existing individual, and germline editing, which alters embryos, sperm, or eggs, thereby passing changes to future generations.",False,"Many view somatic therapies as a natural extension of traditional medicine, akin to a highly targeted drug or surgery.",0.54367465,0.4799253,0.5302612,0.5100875,1.2727225556049961,2.0179747634998058,2.821859044634038,-0.0862239310727455,A,1.2727225556049961,aligned,True
z-ai__glm-5.2__rep02,z-ai/glm-5.2,2,1,5,36,"Many view somatic therapies as a natural extension of traditional medicine, akin to a highly targeted drug or surgery.",False,"For patient advocacy groups, the slow pace of regulatory approval often feels like a barrier separating vulnerable patients from life-saving treatments, fostering a strong desire for accessible, well-regulated pathways that prioritize compassionate use and medical breakthroughs.",0.5714352,0.53071874,0.53462243,0.5311532,0.1820527961890912,0.33952927244477904,2.3770741850679036,-1.7345145295295512,A,0.1820527961890912,reported,True
z-ai__glm-5.2__rep02,z-ai/glm-5.2,2,2,0,15,,False,"However, the optimism surrounding medical cures is tempered by significant safety concerns and technical apprehensions.",0.69105595,0.60214615,0.6611643,0.6613566,-0.12344065794779441,3.7308793608841375,2.5025655931627266,-0.7548165830006474,A,-0.12344065794779441,reported,True
z-ai__glm-5.2__rep02,z-ai/glm-5.2,2,2,1,16,"However, the optimism surrounding medical cures is tempered by significant safety concerns and technical apprehensions.",False,"The human genome is immensely complex, and our understanding of how genes interact is still evolving.",0.5862769,0.6080957,0.5829621,0.59024864,-0.09249825555918505,0.6648078806590636,0.2962411533140405,0.29702821121958556,B,0.6648078806590636,aligned,True
z-ai__glm-5.2__rep02,z-ai/glm-5.2,2,2,2,30,"The human genome is immensely complex, and our understanding of how genes interact is still evolving.",False,"Critics and cautious scientists point to the risk of off-target effects, where the editing tools inadvertently alter the wrong parts of the DNA, potentially causing new diseases or triggering cancers.",0.70190465,0.68555325,0.6780525,0.6913237,0.32356853693956494,3.645712548847077,2.085714385457685,0.2408422243298269,A,0.32356853693956494,reported,True
z-ai__glm-5.2__rep02,z-ai/glm-5.2,2,2,3,18,"Critics and cautious scientists point to the risk of off-target effects, where the editing tools inadvertently alter the wrong parts of the DNA, potentially causing new diseases or triggering cancers.",False,"The fear is that in our rush to fix one biological flaw, we might introduce unpredictable, cascading consequences.",0.6447503,0.61611855,0.6470659,0.6392675,-0.8974036727647761,7.0906946037063605,2.2734244303184097,1.821340584587306,C,2.2734244303184097,aligned,True
z-ai__glm-5.2__rep02,z-ai/glm-5.2,2,2,4,32,"The fear is that in our rush to fix one biological flaw, we might introduce unpredictable, cascading consequences.",True,"This anxiety is amplified when discussing germline editing, as any unintended mutations will be permanently woven into the human gene pool, affecting not just the edited individual, but all of their descendants.",0.7359934,0.76203954,0.71804,0.7249494,-3.5735369562523562,6.94684280151938,3.456642261184752,-2.538651564546454,B,6.94684280151938,aligned,True
z-ai__glm-5.2__rep02,z-ai/glm-5.2,2,2,5,17,"This anxiety is amplified when discussing germline editing, as any unintended mutations will be permanently woven into the human gene pool, affecting not just the edited individual, but all of their descendants.",False,"From this viewpoint, proceeding without absolute certainty is an unacceptable gamble with the biological heritage of humanity.",0.6504401,0.60048896,0.65652716,0.6396107,-4.568136527759779,2.8307909806747946,0.04081514146760942,-2.4120729722868424,C,0.04081514146760942,reported,True
z-ai__glm-5.2__rep02,z-ai/glm-5.2,2,3,0,13,,False,Beyond the laboratory risks lies a dense thicket of ethical and moral concerns.,0.5943642,0.5848564,0.57587254,0.6103317,-0.9866849232779347,4.742791693118633,1.6694160996470602,1.0750678672984941,A,-0.9866849232779347,dismissed,False
z-ai__glm-5.2__rep02,z-ai/glm-5.2,2,3,1,13,Beyond the laboratory risks lies a dense thicket of ethical and moral concerns.,False,A primary fear is the slippery slope from therapeutic editing to genetic enhancement.,0.7165334,0.69463706,0.7141267,0.70536083,-3.506541261119709,10.304502492091853,8.615888340929523,2.3287242514200623,A,-3.506541261119709,dismissed,False
z-ai__glm-5.2__rep02,z-ai/glm-5.2,2,3,2,17,A primary fear is the slippery slope from therapeutic editing to genetic enhancement.,False,"If we can cure a disease, can we also increase height, enhance intelligence, or alter physical appearance?",0.5513566,0.5385273,0.55271727,0.54457116,0.07704992735059936,2.4984628925891594,2.5018166232126537,-0.702365540926112,C,2.5018166232126537,aligned,True
z-ai__glm-5.2__rep02,z-ai/glm-5.2,2,3,3,27,"If we can cure a disease, can we also increase height, enhance intelligence, or alter physical appearance?",False,"The prospect of designer babies evokes dark historical memories of eugenics, where the concept of improving the human race was weaponized to justify horrific discrimination and atrocities.",0.60462475,0.61745405,0.59256446,0.5824654,-5.157701822431409,9.298810528381141,7.546699281729525,-0.31819472296338075,B,9.298810528381141,aligned,True
z-ai__glm-5.2__rep02,z-ai/glm-5.2,2,3,4,26,"The prospect of designer babies evokes dark historical memories of eugenics, where the concept of improving the human race was weaponized to justify horrific discrimination and atrocities.",False,"Many worry that allowing any form of enhancement could exacerbate societal inequalities, creating a world where the wealthy can literally buy better genetics for their children.",0.69956756,0.73143125,0.67963237,0.6797866,-3.2175091714630253,8.19427591662039,5.092230141768231,-1.6431048031561657,B,8.19427591662039,aligned,True
z-ai__glm-5.2__rep02,z-ai/glm-5.2,2,3,5,8,"Many worry that allowing any form of enhancement could exacerbate societal inequalities, creating a world where the wealthy can literally buy better genetics for their children.",False,"Furthermore, there is the fundamental issue of consent.",0.55545145,0.5655275,0.5587277,0.54771084,-0.49556393552367783,3.959805672394578,2.639476375299272,0.7240992602062762,B,3.959805672394578,aligned,True
z-ai__glm-5.2__rep02,z-ai/glm-5.2,2,3,6,23,"Furthermore, there is the fundamental issue of consent.",False,"Future generations cannot consent to the genetic modifications made to their embryos, raising profound questions about autonomy and the rights of the unborn.",0.69027805,0.7304494,0.688008,0.67483246,-3.2260957465390674,4.062477221006994,1.399465735862323,-2.204594252086245,B,4.062477221006994,aligned,True
z-ai__glm-5.2__rep02,z-ai/glm-5.2,2,3,7,25,"Future generations cannot consent to the genetic modifications made to their embryos, raising profound questions about autonomy and the rights of the unborn.",True,"Those who hold these concerns argue for stringent, perhaps even absolute, prohibitions on germline editing to protect future generations from the hubris of the present.",0.74505365,0.75658256,0.7542232,0.72905314,-3.9221992692304766,5.4133865140928545,4.654439258412747,0.36777062528155546,B,5.4133865140928545,aligned,True
z-ai__glm-5.2__rep02,z-ai/glm-5.2,2,4,0,32,,False,"The question of equity is particularly resonant within the Australian context, a society that prides itself on the ethos of a fair go and relies on a universal healthcare system like Medicare.",0.53021634,0.5600425,0.50097305,0.5186045,0.40479550807154735,0.23094527298846515,0.6686103487055517,-0.23235840389766965,B,0.23094527298846515,reported,True
z-ai__glm-5.2__rep02,z-ai/glm-5.2,2,4,1,23,"The question of equity is particularly resonant within the Australian context, a society that prides itself on the ethos of a fair go and relies on a universal healthcare system like Medicare.",False,"If genome editing therapies become available, will they be accessible to all, or will they become luxury goods reserved for the privileged few?",0.7024037,0.72861695,0.6755732,0.66666627,-1.9971446077188009,4.293370705624693,3.356967016028356,-1.8244951781188137,B,4.293370705624693,aligned,True
z-ai__glm-5.2__rep02,z-ai/glm-5.2,2,4,2,22,"If genome editing therapies become available, will they be accessible to all, or will they become luxury goods reserved for the privileged few?",True,"There is a genuine concern that a two-tiered society could emerge, not just based on wealth or education, but on fundamental biology.",0.59482116,0.60384834,0.57908154,0.5902417,-2.205226816243958,2.1879490830397126,0.7661766183955477,-1.2187328573220293,B,2.1879490830397126,aligned,True
z-ai__glm-5.2__rep02,z-ai/glm-5.2,2,4,3,33,"There is a genuine concern that a two-tiered society could emerge, not just based on wealth or education, but on fundamental biology.",False,"If only the affluent can afford to eradicate genetic diseases or enhance their offspring, the gap between the rich and the poor could become insurmountable, encoded into the very DNA of the populace.",0.6217084,0.6451166,0.6102962,0.5965358,-1.144371982956945,6.255853402673238,4.886091752959619,-4.674305967060355,B,6.255853402673238,aligned,True
z-ai__glm-5.2__rep02,z-ai/glm-5.2,2,4,4,28,"If only the affluent can afford to eradicate genetic diseases or enhance their offspring, the gap between the rich and the poor could become insurmountable, encoded into the very DNA of the populace.",False,Assembly participants will need to grapple with how to structure regulations and funding models to ensure that the benefits of this technology do not deepen existing social divides.,0.57379204,0.60389686,0.5566686,0.55085385,-0.6598789845517603,0.6121047280565831,2.397299213172519,-2.2514997201890217,B,0.6121047280565831,aligned,True
z-ai__glm-5.2__rep02,z-ai/glm-5.2,2,5,0,18,,False,Complicating the landscape further are philosophical and religious perspectives that question the very act of altering human DNA.,0.68641955,0.70244825,0.70466846,0.6915929,-0.8418214923236521,1.7474999472760833,-0.2745344050589483,0.16627410418354005,C,-0.2745344050589483,reported,True
z-ai__glm-5.2__rep02,z-ai/glm-5.2,2,5,1,22,Complicating the landscape further are philosophical and religious perspectives that question the very act of altering human DNA.,False,"For many, the human genome represents the natural order or a divine creation, and tampering with it is seen as playing God.",0.7081347,0.6828105,0.6880548,0.6738328,-1.6652687622726081,1.697860893409234,1.57646260197158,0.48750032730953524,A,-1.6652687622726081,dismissed,False
z-ai__glm-5.2__rep02,z-ai/glm-5.2,2,5,2,26,"For many, the human genome represents the natural order or a divine creation, and tampering with it is seen as playing God.",True,This view holds that there is an inherent dignity in human vulnerability and that the unpredictability of genetics is a fundamental part of the human experience.,0.6276036,0.62941545,0.62942433,0.6313916,-0.5295985317183659,3.1837116793403415,2.3491381520879804,2.3792052484539457,C,2.3491381520879804,aligned,True
z-ai__glm-5.2__rep02,z-ai/glm-5.2,2,5,3,29,This view holds that there is an inherent dignity in human vulnerability and that the unpredictability of genetics is a fundamental part of the human experience.,False,"Some disability advocates also raise a critical voice, arguing that framing certain genetic conditions as diseases to be eradicated devalues the lives of people currently living with those conditions.",0.63484424,0.67451,0.6567441,0.62318355,-1.1416309731337237,1.8059925757406727,1.0500045118533308,0.24836159268510513,B,1.8059925757406727,aligned,True
z-ai__glm-5.2__rep02,z-ai/glm-5.2,2,5,4,30,"Some disability advocates also raise a critical voice, arguing that framing certain genetic conditions as diseases to be eradicated devalues the lives of people currently living with those conditions.",True,"They warn that a societal push to eliminate genetic differences could lead to a less tolerant, more homogenized world where diversity is no longer celebrated but engineered out of existence.",0.6649104,0.6825204,0.6566041,0.6493557,-0.34180714615853497,8.81779148214555,6.731964364110607,2.8517941631650325,B,8.81779148214555,aligned,True
z-ai__glm-5.2__rep02,z-ai/glm-5.2,2,6,0,11,,False,"Finally, there are pragmatic and geopolitical considerations regarding regulation and innovation.",0.5069509,0.4762482,0.48168346,0.5065822,-0.5997634313470916,2.376763728747028,1.2961900249903557,-1.5529057620244564,A,-0.5997634313470916,dismissed,False
z-ai__glm-5.2__rep02,z-ai/glm-5.2,2,6,1,23,"Finally, there are pragmatic and geopolitical considerations regarding regulation and innovation.",False,"Some argue that overly restrictive regulations will drive research underground or to other countries with looser laws, potentially resulting in unsafe, unregulated procedures.",0.55557126,0.49486634,0.5231769,0.5372256,0.2839770756254439,0.8435865180892872,0.8041327429938246,0.11788275087106741,A,0.2839770756254439,reported,True
z-ai__glm-5.2__rep02,z-ai/glm-5.2,2,6,2,29,"Some argue that overly restrictive regulations will drive research underground or to other countries with looser laws, potentially resulting in unsafe, unregulated procedures.",True,"They suggest that Australia should position itself as a leader in ethical genome editing, creating a robust but permissive framework that allows for scientific advancement while maintaining strict oversight.",0.7107846,0.6793602,0.6780413,0.6800447,0.6201168074487942,0.1053121170398663,1.6470724641007832,-0.5368548082676716,A,0.6201168074487942,aligned,True
z-ai__glm-5.2__rep02,z-ai/glm-5.2,2,6,3,23,"They suggest that Australia should position itself as a leader in ethical genome editing, creating a robust but permissive framework that allows for scientific advancement while maintaining strict oversight.",True,This perspective highlights the economic benefits of biotechnological leadership and the importance of keeping Australian medical researchers at the forefront of global innovation.,0.57698274,0.5280647,0.53636795,0.5361113,1.2392826962360413,-0.7797320587054126,0.9396449467662018,-0.14927573117311113,A,1.2392826962360413,aligned,True
z-ai__glm-5.2__rep02,z-ai/glm-5.2,2,6,4,19,This perspective highlights the economic benefits of biotechnological leadership and the importance of keeping Australian medical researchers at the forefront of global innovation.,False,"Conversely, others warn against rushing to commercialize these technologies, fearing that profit motives could compromise safety and ethical standards.",0.6247956,0.60574895,0.6073612,0.6116732,0.38927883497439325,2.1666987132275253,1.5637059569306442,-0.19027859547641124,A,0.38927883497439325,reported,True
z-ai__glm-5.2__rep02,z-ai/glm-5.2,2,6,5,15,"Conversely, others warn against rushing to commercialize these technologies, fearing that profit motives could compromise safety and ethical standards.",True,"They advocate for a precautionary approach, prioritizing global consensus and international treaties over national competitiveness.",0.5663263,0.50018036,0.5552328,0.53965783,-0.6929330608772578,3.4266827654623193,3.279858151756926,-0.9237794655299512,A,-0.6929330608772578,dismissed,False
z-ai__glm-5.2__rep02,z-ai/glm-5.2,2,7,0,17,,False,"As you begin your deliberations, you will find that these perspectives frequently overlap and sometimes directly conflict.",0.5862518,0.55108577,0.56699765,0.57889664,-0.02043701655580661,0.16157558111794063,0.1369695643364685,0.1639515828117146,A,-0.02043701655580661,reported,True
z-ai__glm-5.2__rep02,z-ai/glm-5.2,2,7,1,12,"As you begin your deliberations, you will find that these perspectives frequently overlap and sometimes directly conflict.",False,The desire to cure disease clashes with the fear of unintended consequences.,0.66090626,0.59604543,0.636777,0.6397447,0.21832561843300954,1.7220182073090105,1.0838616367735079,-0.3121928031891002,A,0.21832561843300954,reported,True
z-ai__glm-5.2__rep02,z-ai/glm-5.2,2,7,2,17,The desire to cure disease clashes with the fear of unintended consequences.,False,The drive for scientific innovation is checked by concerns for equity and the preservation of human dignity.,0.6055154,0.572398,0.56157255,0.58859956,-0.11011167510179802,1.6734664990034072,0.9540443720054458,0.3966370862626354,A,-0.11011167510179802,reported,True
z-ai__glm-5.2__rep02,z-ai/glm-5.2,2,7,3,25,The drive for scientific innovation is checked by concerns for equity and the preservation of human dignity.,True,"There are no simple answers, and the choices you make will help shape the trajectory of medicine and society in Australia for generations to come.",0.592342,0.5734874,0.5805169,0.56372726,-0.2279374662674672,0.23794571739417736,-0.40856622033446915,0.06450207829562714,A,-0.2279374662674672,reported,True
z-ai__glm-5.2__rep02,z-ai/glm-5.2,2,7,4,21,"There are no simple answers, and the choices you make will help shape the trajectory of medicine and society in Australia for generations to come.",False,"Your task is not merely to weigh the scientific evidence, but to arbitrate between competing values and visions for the future.",0.6382331,0.5453634,0.599685,0.6187921,-0.43324323015636745,-0.15463802273588947,0.826130220836494,-0.4182626167676062,A,-0.43324323015636745,reported,True
z-ai__glm-5.2__rep02,z-ai/glm-5.2,2,7,5,33,"Your task is not merely to weigh the scientific evidence, but to arbitrate between competing values and visions for the future.",False,"By understanding the depth and breadth of these hopes and fears, you are well-equipped to navigate this complex moral terrain and forge a path that reflects the collective conscience of the Australian community.",0.5976093,0.56124157,0.5644645,0.56931084,0.37775873614096794,0.07379837746149862,0.6317601957370063,-0.2604201361746527,A,0.37775873614096794,reported,True
z-ai__glm-5.2__rep03,z-ai/glm-5.2,3,0,0,5,,False,Welcome to the citizens' assembly.,0.5113147,0.49032152,0.4763731,0.47253507,-0.9283544056036043,-0.12122704245848581,1.5685729670996083,-0.4220385598920983,A,-0.9283544056036043,dismissed,False
z-ai__glm-5.2__rep03,z-ai/glm-5.2,3,0,1,32,Welcome to the citizens' assembly.,False,"As you prepare to deliberate on the future of human genome editing in Australia, this report aims to map the diverse landscape of perspectives, arguments, and values that surround this profound issue.",0.7539847,0.76595694,0.7344679,0.72446007,-0.5652570780253152,0.11957126005843746,0.6296194221016778,-0.5648754501927761,B,0.11957126005843746,reported,True
z-ai__glm-5.2__rep03,z-ai/glm-5.2,3,0,2,22,"As you prepare to deliberate on the future of human genome editing in Australia, this report aims to map the diverse landscape of perspectives, arguments, and values that surround this profound issue.",False,"Human genome editing allows scientists to make precise changes to DNA, and while the science is groundbreaking, the ethical terrain is complex.",0.7462591,0.7413997,0.71694976,0.71700966,-0.6196356052006013,0.41239398389268905,0.3518967971204257,-0.8638639604122725,A,-0.6196356052006013,dismissed,False
z-ai__glm-5.2__rep03,z-ai/glm-5.2,3,0,3,22,"Human genome editing allows scientists to make precise changes to DNA, and while the science is groundbreaking, the ethical terrain is complex.",False,"Our goal is to present a balanced overview of the hopes and fears that people hold, without advocating for a specific outcome.",0.65242547,0.58574486,0.6187285,0.6395377,-0.054337323496001774,0.0638258098100778,0.05133124660758767,0.03354511857032777,A,-0.054337323496001774,reported,True
z-ai__glm-5.2__rep03,z-ai/glm-5.2,3,0,4,36,"Our goal is to present a balanced overview of the hopes and fears that people hold, without advocating for a specific outcome.",False,"By understanding the full spectrum of views, you will be better equipped to weigh the trade-offs and reach a considered collective judgment on whether and how this technology should be permitted and regulated in our society.",0.6401133,0.61645466,0.6084006,0.6221675,-0.7848561996463105,-0.22859262466663482,1.1024286115902937,-0.4561509479192318,A,-0.7848561996463105,dismissed,False
z-ai__glm-5.2__rep03,z-ai/glm-5.2,3,1,0,18,,False,"To navigate these views, it is helpful to understand a few key scientific distinctions that shape the debate.",0.6522717,0.5815598,0.6137439,0.63400537,0.12036237714288292,0.047377429846674195,0.1330226765107363,-0.0056471760553540645,A,0.12036237714288292,reported,True
z-ai__glm-5.2__rep03,z-ai/glm-5.2,3,1,1,10,"To navigate these views, it is helpful to understand a few key scientific distinctions that shape the debate.",False,The first is the difference between somatic and germline editing.,0.6482734,0.6561508,0.6553925,0.6492059,-0.19416787326219487,0.3809373017435427,0.014555656607553839,-0.040775322887347996,B,0.3809373017435427,reported,True
z-ai__glm-5.2__rep03,z-ai/glm-5.2,3,1,2,23,The first is the difference between somatic and germline editing.,False,"Somatic editing targets the cells of an individual to treat a disease, and those changes are not passed on to the person's children.",0.6415273,0.6490145,0.646577,0.6108545,0.5031070843513589,1.6161397147850944,1.7309626876513353,-0.18185421870410218,B,1.6161397147850944,aligned,True
z-ai__glm-5.2__rep03,z-ai/glm-5.2,3,1,3,17,"Somatic editing targets the cells of an individual to treat a disease, and those changes are not passed on to the person's children.",False,"Germline editing, however, alters embryos, sperm, or eggs, meaning the changes are inherited by all future generations.",0.6343804,0.6530365,0.62010646,0.60965204,-1.7016965857541069,0.0908431681002548,-0.2651350694318535,-2.008288434666028,B,0.0908431681002548,reported,True
z-ai__glm-5.2__rep03,z-ai/glm-5.2,3,1,4,8,"Germline editing, however, alters embryos, sperm, or eggs, meaning the changes are inherited by all future generations.",False,The second distinction is between therapy and enhancement.,0.5353164,0.489887,0.51214665,0.521104,-0.2946116772119423,1.9056474341126162,0.7960543354559922,0.7534787784656507,A,-0.2946116772119423,reported,True
z-ai__glm-5.2__rep03,z-ai/glm-5.2,3,1,5,25,The second distinction is between therapy and enhancement.,False,"Therapeutic editing aims to cure or prevent disease, while enhancement seeks to improve traits beyond normal human function, such as increasing intelligence or physical strength.",0.67455626,0.6333935,0.6366691,0.64765435,3.2994363786262695,2.4080848805853754,1.1835135757332313,0.15042373871576267,A,3.2994363786262695,aligned,True
z-ai__glm-5.2__rep03,z-ai/glm-5.2,3,1,6,18,"Therapeutic editing aims to cure or prevent disease, while enhancement seeks to improve traits beyond normal human function, such as increasing intelligence or physical strength.",False,"People often hold very different views depending on whether the editing is somatic or germline, therapeutic or enhancing.",0.75649124,0.731196,0.7456509,0.7335351,0.21826917914208027,0.201696509111207,0.510109899910749,-0.15828002966416535,A,0.21826917914208027,reported,True
z-ai__glm-5.2__rep03,z-ai/glm-5.2,3,2,0,21,,False,"For many, the primary argument in favor of genome editing is rooted in compassion and the desire to alleviate human suffering.",0.7838061,0.75240546,0.7424356,0.72821885,0.919928730862448,0.3526025225655758,1.9531926536979158,-1.1936547582838102,A,0.919928730862448,aligned,True
z-ai__glm-5.2__rep03,z-ai/glm-5.2,3,2,1,18,"For many, the primary argument in favor of genome editing is rooted in compassion and the desire to alleviate human suffering.",False,"Genetic diseases such as cystic fibrosis, Huntington’s disease, and sickle cell anemia cause immense pain and shorten lives.",0.49140698,0.5144886,0.5150213,0.48995373,0.25284128965824487,0.2943245039411705,-0.5485053840000181,-0.15415965434978718,C,-0.5485053840000181,dismissed,False
z-ai__glm-5.2__rep03,z-ai/glm-5.2,3,2,2,20,"Genetic diseases such as cystic fibrosis, Huntington’s disease, and sickle cell anemia cause immense pain and shorten lives.",False,"Proponents argue that if we have the tools to eliminate these conditions, we have a moral obligation to use them.",0.58362025,0.56332374,0.57198,0.56089973,2.5293010451790177,0.7987248422147242,2.354114520255243,0.4051583682664203,A,2.5293010451790177,aligned,True
z-ai__glm-5.2__rep03,z-ai/glm-5.2,3,2,3,28,"Proponents argue that if we have the tools to eliminate these conditions, we have a moral obligation to use them.",False,"From this perspective, editing a gene to cure a devastating illness is simply a more precise extension of traditional medicine, much like developing a vaccine or performing surgery.",0.6856057,0.6668914,0.6876656,0.6654948,8.42900737755699,0.2816851072059945,1.6534817880886832,-0.4068936404510168,C,1.6534817880886832,aligned,True
z-ai__glm-5.2__rep03,z-ai/glm-5.2,3,2,4,32,"From this perspective, editing a gene to cure a devastating illness is simply a more precise extension of traditional medicine, much like developing a vaccine or performing surgery.",False,"The hope here is that genome editing could not only save lives but also reduce the immense emotional and financial burden placed on families, ultimately allowing individuals to live healthier, unencumbered lives.",0.76686645,0.75349444,0.7290892,0.71632034,6.55219722674403,-2.9604362202802434,3.5769258914684183,2.6843601183150896,A,6.55219722674403,aligned,True
z-ai__glm-5.2__rep03,z-ai/glm-5.2,3,3,0,16,,False,"However, the idea of eliminating genetic diseases raises profound concerns for many in the disability community.",0.6434253,0.6963831,0.67514086,0.64228094,-1.902188045557705,2.5708162599953357,0.8647527395817453,0.10539361349045046,B,2.5708162599953357,aligned,True
z-ai__glm-5.2__rep03,z-ai/glm-5.2,3,3,1,28,"However, the idea of eliminating genetic diseases raises profound concerns for many in the disability community.",False,"A central argument from this perspective is that the concept of fixing a genetic condition often stems from a narrow, medicalized view of what constitutes a good life.",0.6879767,0.68335676,0.6917792,0.66095877,-1.0192207078827777,5.063866485937033,4.343894835620885,1.8267836968804476,C,4.343894835620885,aligned,True
z-ai__glm-5.2__rep03,z-ai/glm-5.2,3,3,2,27,"A central argument from this perspective is that the concept of fixing a genetic condition often stems from a narrow, medicalized view of what constitutes a good life.",False,"Disability advocates argue that many genetic differences, including those that lead to neurodiversity, are natural variations of the human experience rather than defects that must be eradicated.",0.6530037,0.65496206,0.673248,0.62686956,-0.3489522479492006,2.999652516554052,1.6948499640441146,0.7430174081327278,C,1.6948499640441146,aligned,True
z-ai__glm-5.2__rep03,z-ai/glm-5.2,3,3,3,28,"Disability advocates argue that many genetic differences, including those that lead to neurodiversity, are natural variations of the human experience rather than defects that must be eradicated.",True,"There is a deep fear that normalizing genome editing could lead to a modern form of eugenics, where society deems certain lives as less valuable or inherently flawed.",0.7748424,0.7838951,0.76142,0.7555312,-5.934692172375507,7.900156184041989,7.338739404479856,-1.5943914647185018,B,7.900156184041989,aligned,True
z-ai__glm-5.2__rep03,z-ai/glm-5.2,3,3,4,27,"There is a deep fear that normalizing genome editing could lead to a modern form of eugenics, where society deems certain lives as less valuable or inherently flawed.",False,"For these individuals, the focus should not be on editing out disabilities, but on building a more inclusive society that supports people with all types of abilities.",0.61575073,0.63755256,0.6145178,0.59791774,-0.22930128727719418,4.153635026437116,3.1028406556221295,1.2491188314254393,B,4.153635026437116,aligned,True
z-ai__glm-5.2__rep03,z-ai/glm-5.2,3,4,0,13,,False,"Beyond philosophical debates, there are significant practical concerns regarding safety and unintended consequences.",0.6176674,0.611718,0.60243636,0.62344366,-0.3714354841859311,1.3548732254703646,-0.5336351564872893,-0.13360953387425978,A,-0.3714354841859311,reported,True
z-ai__glm-5.2__rep03,z-ai/glm-5.2,3,4,1,15,"Beyond philosophical debates, there are significant practical concerns regarding safety and unintended consequences.",False,"Genome editing is still a relatively new field, and the technology is not yet perfect.",0.6839983,0.6930785,0.68814594,0.6820519,0.004433843929728028,0.1440480138859129,0.07050295500725043,0.054579119932022885,B,0.1440480138859129,reported,True
z-ai__glm-5.2__rep03,z-ai/glm-5.2,3,4,2,27,"Genome editing is still a relatively new field, and the technology is not yet perfect.",False,"Scientists acknowledge the risk of off-target effects, where the editing tool accidentally alters the wrong part of the genome, potentially causing new diseases or unforeseen health problems.",0.70358646,0.69362426,0.67516714,0.68276274,-0.04476837300986518,0.885079091786756,0.5826558522431878,-0.2890603715577162,A,-0.04476837300986518,reported,True
z-ai__glm-5.2__rep03,z-ai/glm-5.2,3,4,3,27,"Scientists acknowledge the risk of off-target effects, where the editing tool accidentally alters the wrong part of the genome, potentially causing new diseases or unforeseen health problems.",False,"When it comes to germline editing, these risks are magnified because any unintended mutations will be passed on to future generations, permanently altering the human gene pool.",0.6955289,0.7138532,0.682849,0.68684417,-3.0572554389077418,3.8862389994245308,1.6177230840505217,-4.143652771679479,B,3.8862389994245308,aligned,True
z-ai__glm-5.2__rep03,z-ai/glm-5.2,3,4,4,36,"When it comes to germline editing, these risks are magnified because any unintended mutations will be passed on to future generations, permanently altering the human gene pool.",False,"From this viewpoint, the precautionary principle is paramount: the potential risks of causing irreversible genetic harms outweigh the immediate benefits, and we should proceed with extreme caution until the science is proven safe over multiple generations.",0.70498514,0.6447159,0.6910338,0.67776936,-2.5855177023238496,5.104438383439556,0.2900614947290162,-0.09418042169796537,A,-2.5855177023238496,dismissed,False
z-ai__glm-5.2__rep03,z-ai/glm-5.2,3,5,0,12,,False,Another major source of anxiety centers on issues of equity and justice.,0.5135747,0.55953217,0.4889439,0.5148247,0.11821762459905581,5.029543071068765,4.5322426965931655,-1.0412815266335385,B,5.029543071068765,aligned,True
z-ai__glm-5.2__rep03,z-ai/glm-5.2,3,5,1,15,Another major source of anxiety centers on issues of equity and justice.,False,Critics worry that these technologies will be expensive and initially accessible only to the wealthy.,0.54096043,0.57391924,0.5465113,0.55217427,0.014533041557297106,0.3645217013466755,0.21940020076930528,0.04141512380767381,B,0.3645217013466755,reported,True
z-ai__glm-5.2__rep03,z-ai/glm-5.2,3,5,2,23,Critics worry that these technologies will be expensive and initially accessible only to the wealthy.,False,"If only the rich can afford to edit out genetic diseases or enhance the traits of their children, society could become increasingly stratified.",0.6212597,0.64239734,0.60329163,0.5923995,-0.47721684894117067,6.420738263411041,4.874226845043303,-2.9585741453987433,B,6.420738263411041,aligned,True
z-ai__glm-5.2__rep03,z-ai/glm-5.2,3,5,3,16,"If only the rich can afford to edit out genetic diseases or enhance the traits of their children, society could become increasingly stratified.",True,This could lead to a genetic divide where socioeconomic inequalities are literally written into our DNA.,0.59119695,0.6502568,0.5773989,0.56228155,-1.4340815011761152,6.051177185965641,4.1773412448956515,-0.6810291680073715,B,6.051177185965641,aligned,True
z-ai__glm-5.2__rep03,z-ai/glm-5.2,3,5,4,29,This could lead to a genetic divide where socioeconomic inequalities are literally written into our DNA.,False,"In the Australian context, where universal healthcare and the principle of a fair go are deeply cherished, the prospect of a medical advancement that exacerbates inequality is highly troubling.",0.57614154,0.60324854,0.5641344,0.571492,-1.0513004304666538,1.786480033694824,0.7014937666480543,-0.546864755161514,B,1.786480033694824,aligned,True
z-ai__glm-5.2__rep03,z-ai/glm-5.2,3,5,5,26,"In the Australian context, where universal healthcare and the principle of a fair go are deeply cherished, the prospect of a medical advancement that exacerbates inequality is highly troubling.",False,"People who hold this view argue that unless we can guarantee equitable access to genome editing, permitting it could undermine the fabric of our egalitarian society.",0.7764383,0.8129648,0.7579046,0.7553573,-0.9592253263201564,1.5454255283001117,0.6941894408166991,-1.3895938554205347,B,1.5454255283001117,aligned,True
z-ai__glm-5.2__rep03,z-ai/glm-5.2,3,6,0,15,,False,The fear of inequality is closely tied to the slippery slope argument regarding genetic enhancement.,0.65195394,0.6706729,0.63726646,0.65092003,-1.378115901737474,6.364329117019662,4.601320337900542,0.20705554724961978,B,6.364329117019662,aligned,True
z-ai__glm-5.2__rep03,z-ai/glm-5.2,3,6,1,20,The fear of inequality is closely tied to the slippery slope argument regarding genetic enhancement.,False,"Even if we begin with the best intentions of curing disease, the line between therapy and enhancement is notoriously blurry.",0.5873944,0.5338178,0.57435215,0.5805799,-0.14835840826883215,6.0218507993083055,3.152845377347403,1.5032745445759794,A,-0.14835840826883215,reported,True
z-ai__glm-5.2__rep03,z-ai/glm-5.2,3,6,2,25,"Even if we begin with the best intentions of curing disease, the line between therapy and enhancement is notoriously blurry.",False,"For instance, editing a gene to prevent a child from having stunted growth could transition into editing genes to ensure a child grows exceptionally tall.",0.63672566,0.6530799,0.6357248,0.62528414,-0.23844507305562726,3.3106256639532514,3.0649452447408114,-2.125830577250744,B,3.3106256639532514,aligned,True
z-ai__glm-5.2__rep03,z-ai/glm-5.2,3,6,3,23,"For instance, editing a gene to prevent a child from having stunted growth could transition into editing genes to ensure a child grows exceptionally tall.",False,"The concern is that a market for designer babies could emerge, where parents select for preferred traits like athletic prowess or cognitive abilities.",0.58604383,0.61999327,0.58441055,0.5768094,-6.62032663938502,9.030630597046693,5.032177276513537,-1.3267859000689355,B,9.030630597046693,aligned,True
z-ai__glm-5.2__rep03,z-ai/glm-5.2,3,6,4,18,"The concern is that a market for designer babies could emerge, where parents select for preferred traits like athletic prowess or cognitive abilities.",False,Critics argue that embracing enhancement would commodify human life and place impossible expectations on children to be perfect.,0.6235576,0.59415114,0.60399485,0.5928962,-0.7517339837719919,1.4758047131044436,0.7187087741293362,-0.5756071173402597,A,-0.7517339837719919,dismissed,False
z-ai__glm-5.2__rep03,z-ai/glm-5.2,3,6,5,22,Critics argue that embracing enhancement would commodify human life and place impossible expectations on children to be perfect.,True,"This perspective values human authenticity and humility, suggesting that we should accept our natural limitations rather than engineering better versions of ourselves.",0.61193454,0.5804405,0.6102423,0.60415167,-0.6739579509734175,9.506991082705062,7.111885771640663,4.9870927779523475,A,-0.6739579509734175,dismissed,False
z-ai__glm-5.2__rep03,z-ai/glm-5.2,3,7,0,15,,False,"Deeply held moral, religious, and philosophical views also form a crucial part of this landscape.",0.54290926,0.51115066,0.5417546,0.54277545,-0.2844690875764354,2.249424113917921,-1.177785098551394,-0.817856944185478,A,-0.2844690875764354,reported,True
z-ai__glm-5.2__rep03,z-ai/glm-5.2,3,7,1,18,"Deeply held moral, religious, and philosophical views also form a crucial part of this landscape.",False,"For some, the human genome is sacred, and altering it represents an unacceptable overreach into the natural order.",0.7091307,0.71743673,0.7153958,0.6660943,-3.1010822306881884,2.0128008865311866,2.8730848038374104,0.9173325725071483,B,2.0128008865311866,aligned,True
z-ai__glm-5.2__rep03,z-ai/glm-5.2,3,7,2,11,"For some, the human genome is sacred, and altering it represents an unacceptable overreach into the natural order.",True,This perspective is often framed as a concern about playing God.,0.57012224,0.5667909,0.5734139,0.5971884,0.39513089609914476,4.332251981608571,2.689961265149758,0.6635881957027598,C,2.689961265149758,aligned,True
z-ai__glm-5.2__rep03,z-ai/glm-5.2,3,7,3,27,This perspective is often framed as a concern about playing God.,False,"Proponents argue that human beings do not have the wisdom to safely and ethically manipulate the fundamental code of life, and that doing so exhibits dangerous hubris.",0.67623246,0.6383711,0.6787375,0.66894567,-0.7130198313569412,8.98383047704585,4.671690553067018,4.224406541383941,C,4.671690553067018,aligned,True
z-ai__glm-5.2__rep03,z-ai/glm-5.2,3,7,4,23,"Proponents argue that human beings do not have the wisdom to safely and ethically manipulate the fundamental code of life, and that doing so exhibits dangerous hubris.",True,They might argue that we should accept the genetic hand we are dealt as part of the human condition or a divine plan.,0.6376545,0.6262282,0.6585338,0.6242132,-0.15544160237070162,3.6426206228818057,0.2982797314884384,0.025833867971668898,C,0.2982797314884384,reported,True
z-ai__glm-5.2__rep03,z-ai/glm-5.2,3,7,5,28,They might argue that we should accept the genetic hand we are dealt as part of the human condition or a divine plan.,False,"While this view does not necessarily oppose all medicine, it draws a line at the permanent alteration of the human blueprint, emphasizing the need for reverence and restraint.",0.65498286,0.62188095,0.6779892,0.64750797,-2.5994964504509697,7.800502774542548,5.762867130184895,3.6556470409024038,C,5.762867130184895,aligned,True
z-ai__glm-5.2__rep03,z-ai/glm-5.2,3,8,0,14,,False,"Conversely, others approach the issue from a stance of scientific optimism and human agency.",0.73424894,0.59467334,0.68254524,0.7031806,0.9093949626444372,0.4668153240892571,0.6243371399020541,0.5198078829460426,A,0.9093949626444372,aligned,True
z-ai__glm-5.2__rep03,z-ai/glm-5.2,3,8,1,23,"Conversely, others approach the issue from a stance of scientific optimism and human agency.",True,"They argue that humans have manipulated nature for millennia through agriculture and medicine, and that genome editing is simply the next logical step.",0.73198324,0.684221,0.7172855,0.7010067,0.8337698596034897,-0.051108378691424164,1.0234582667206995,-0.5338758902632981,A,0.8337698596034897,aligned,True
z-ai__glm-5.2__rep03,z-ai/glm-5.2,3,8,2,19,"They argue that humans have manipulated nature for millennia through agriculture and medicine, and that genome editing is simply the next logical step.",False,"From this perspective, halting scientific progress out of fear is to deny our capacity for ingenuity and moral reasoning.",0.61690545,0.5204619,0.5655341,0.6121129,2.3619387452074445,0.9661264206885244,1.7186800696668798,0.1947026963319514,A,2.3619387452074445,aligned,True
z-ai__glm-5.2__rep03,z-ai/glm-5.2,3,8,3,23,"From this perspective, halting scientific progress out of fear is to deny our capacity for ingenuity and moral reasoning.",True,"They believe that with robust democratic oversight and strong regulatory frameworks, we can harness the benefits of genome editing while mitigating its risks.",0.76158637,0.7092825,0.7080767,0.7152605,-1.136806614214729,-0.9653079311395414,1.7393442973686613,-2.219252930946823,A,-1.136806614214729,dismissed,False
z-ai__glm-5.2__rep03,z-ai/glm-5.2,3,8,4,32,"They believe that with robust democratic oversight and strong regulatory frameworks, we can harness the benefits of genome editing while mitigating its risks.",True,"This view places high value on autonomy, suggesting that individuals should have the right to make reproductive and health choices using the best available science, provided they do not directly harm others.",0.63868916,0.5860815,0.6244304,0.6099397,-0.10007964998803802,-0.07197482141054935,2.361687731668935,-0.6839479447502526,A,-0.10007964998803802,reported,True
z-ai__glm-5.2__rep03,z-ai/glm-5.2,3,9,0,15,,False,"As you begin your deliberations, you will find that these perspectives frequently overlap and collide.",0.5782277,0.5435128,0.55827653,0.5759003,0.02384870057343507,0.16534727603604554,0.1439951574779116,0.17794246796926014,A,0.02384870057343507,reported,True
z-ai__glm-5.2__rep03,z-ai/glm-5.2,3,9,1,14,"As you begin your deliberations, you will find that these perspectives frequently overlap and collide.",False,A desire to cure disease must be weighed against the risk of exacerbating inequality.,0.6104707,0.59887064,0.6025504,0.587615,0.17767529951321204,2.2977033873199266,1.3730569541041044,0.09880105479358468,A,0.17767529951321204,reported,True
z-ai__glm-5.2__rep03,z-ai/glm-5.2,3,9,2,15,A desire to cure disease must be weighed against the risk of exacerbating inequality.,False,The promise of scientific progress must be balanced against the need for caution and safety.,0.63462853,0.5133954,0.5952466,0.5959045,0.28810246875742446,1.368278857894766,0.9359657531380071,-0.11220256814471212,A,0.28810246875742446,reported,True
z-ai__glm-5.2__rep03,z-ai/glm-5.2,3,9,3,19,The promise of scientific progress must be balanced against the need for caution and safety.,False,Respect for human diversity must be considered alongside the autonomy of parents who want the best for their children.,0.5836728,0.60869896,0.6037899,0.5498574,-0.20724718972749542,0.14498677152601888,-0.04504898249244432,-0.24093121512720242,B,0.14498677152601888,reported,True
z-ai__glm-5.2__rep03,z-ai/glm-5.2,3,9,4,5,Respect for human diversity must be considered alongside the autonomy of parents who want the best for their children.,True,There are no simple answers.,0.5116844,0.48791477,0.5257268,0.54613477,-0.06571122031571576,0.06810936689405934,-0.0022092293339665034,-0.007582260744238739,C,-0.0022092293339665034,reported,True
z-ai__glm-5.2__rep03,z-ai/glm-5.2,3,9,5,11,There are no simple answers.,False,The task before you is to thoughtfully navigate these competing values.,0.51885724,0.50089645,0.52502966,0.52958757,-0.28056205400993345,0.026740355335641633,0.6229355322814081,-0.1413957970109186,C,0.6229355322814081,aligned,True
z-ai__glm-5.2__rep03,z-ai/glm-5.2,3,9,6,42,The task before you is to thoughtfully navigate these competing values.,False,"By listening to the hopes and fears of your fellow citizens, and by bringing your own lived experiences to the table, you will help shape a regulatory approach for Australia that reflects our shared commitment to a just, compassionate, and responsible future.",0.5645745,0.5416794,0.5165689,0.5117892,-1.1292858075950067,-0.3129309770694818,1.4058266769067267,-0.5940808637722512,A,-1.1292858075950067,dismissed,False
z-ai__glm-5.2__rep04,z-ai/glm-5.2,4,0,0,32,,False,"As we convene this citizens' assembly to deliberate on the future of human genome editing in Australia, it is essential to recognize the profound complexity and deeply personal nature of this topic.",0.74439967,0.77123606,0.72535354,0.69750893,-1.25253915973095,0.9539367866363319,-0.3197697276221881,-0.5584654217415665,B,0.9539367866363319,aligned,True
z-ai__glm-5.2__rep04,z-ai/glm-5.2,4,0,1,25,"As we convene this citizens' assembly to deliberate on the future of human genome editing in Australia, it is essential to recognize the profound complexity and deeply personal nature of this topic.",False,"The advent of technologies like CRISPR-Cas9 has transformed science fiction into scientific reality, offering the unprecedented ability to rewrite the very code of human life.",0.6316605,0.60631937,0.6047535,0.6102179,-0.3194959684475905,0.38047418878559247,0.9476942440183485,-0.29510929233772903,A,-0.3194959684475905,reported,True
z-ai__glm-5.2__rep04,z-ai/glm-5.2,4,0,2,19,"The advent of technologies like CRISPR-Cas9 has transformed science fiction into scientific reality, offering the unprecedented ability to rewrite the very code of human life.",True,"This report aims to map the broad landscape of perspectives, arguments, values, hopes, and concerns that surround this issue.",0.62692046,0.6208304,0.6010959,0.61865836,-0.07540116011456119,-0.019554434666933962,0.016926661005418276,0.11840698092011735,A,-0.07540116011456119,reported,True
z-ai__glm-5.2__rep04,z-ai/glm-5.2,4,0,3,28,"This report aims to map the broad landscape of perspectives, arguments, values, hopes, and concerns that surround this issue.",True,It does not advocate for a particular outcome but seeks to equip assembly members with a comprehensive understanding of the diverse viewpoints held by people across the country.,0.57984746,0.55431664,0.5448496,0.5552852,-0.09956826178939084,0.1152541791374096,0.09561090647039235,0.08684093852381922,A,-0.09956826178939084,reported,True
z-ai__glm-5.2__rep04,z-ai/glm-5.2,4,0,4,20,It does not advocate for a particular outcome but seeks to equip assembly members with a comprehensive understanding of the diverse viewpoints held by people across the country.,False,"We must explore the scientific possibilities, the ethical dilemmas, the societal implications, and the regulatory challenges that these technologies present.",0.6400478,0.63842887,0.6110978,0.6444573,1.173041180226428,0.4487233923660824,1.2324365474391379,-0.09696802048682003,A,1.173041180226428,aligned,True
z-ai__glm-5.2__rep04,z-ai/glm-5.2,4,1,0,15,,False,At the heart of the debate are the profound medical hopes that genome editing inspires.,0.79775417,0.7496441,0.74976766,0.75606287,2.646814707560115,1.5214101174590187,3.5574628849723386,-0.35172330116562084,A,2.646814707560115,aligned,True
z-ai__glm-5.2__rep04,z-ai/glm-5.2,4,1,1,15,At the heart of the debate are the profound medical hopes that genome editing inspires.,False,Many approach this technology through the lens of alleviating human suffering and combating inherited diseases.,0.6321983,0.6325229,0.6298723,0.61487997,3.3339216471259707,1.1056468972039877,2.974762197335949,0.07021398546959971,B,1.1056468972039877,aligned,True
z-ai__glm-5.2__rep04,z-ai/glm-5.2,4,1,2,26,Many approach this technology through the lens of alleviating human suffering and combating inherited diseases.,False,"Somatic cell editing, which alters the genes of an existing person to cure a condition, has already shown promise in treating disorders like sickle cell anemia.",0.6345446,0.6422054,0.6258593,0.60839725,2.2271911794258634,2.4681733156921113,3.1518399863931696,-0.04601845602213865,B,2.4681733156921113,aligned,True
z-ai__glm-5.2__rep04,z-ai/glm-5.2,4,1,3,24,"Somatic cell editing, which alters the genes of an existing person to cure a condition, has already shown promise in treating disorders like sickle cell anemia.",False,"From this perspective, genome editing is a continuation of humanity's long quest to heal the sick, akin to the development of vaccines or antibiotics.",0.75893867,0.7322887,0.72197306,0.71790797,10.7687410736375,2.5290133926691483,1.2693904596380878,2.314249687081901,A,10.7687410736375,aligned,True
z-ai__glm-5.2__rep04,z-ai/glm-5.2,4,1,4,17,"From this perspective, genome editing is a continuation of humanity's long quest to heal the sick, akin to the development of vaccines or antibiotics.",False,Proponents argue that we possess a moral imperative to use these tools to treat devastating genetic conditions.,0.68099064,0.6881808,0.67686486,0.65427136,1.137047635500203,0.6835584613558602,1.5351798331044848,-0.5645875169395005,B,0.6835584613558602,aligned,True
z-ai__glm-5.2__rep04,z-ai/glm-5.2,4,1,5,24,Proponents argue that we possess a moral imperative to use these tools to treat devastating genetic conditions.,False,"For families touched by these conditions, the hope is that editing could eliminate the burden of disease, allowing individuals to live longer, healthier lives.",0.67524403,0.6429108,0.6409067,0.6268389,4.002520543512655,1.0019176821305886,4.007439335193485,1.1456414291157853,A,4.002520543512655,aligned,True
z-ai__glm-5.2__rep04,z-ai/glm-5.2,4,2,0,17,,False,"The conversation becomes significantly more complex when considering germline editing, which involves modifying embryos, sperm, or eggs.",0.6773175,0.70914537,0.6878565,0.6759425,-1.9241152691043681,1.9394257119900429,0.21902206857907006,-1.1148920015021573,B,1.9394257119900429,aligned,True
z-ai__glm-5.2__rep04,z-ai/glm-5.2,4,2,1,14,"The conversation becomes significantly more complex when considering germline editing, which involves modifying embryos, sperm, or eggs.",False,"Changes made here are heritable, meaning they will be passed down to future generations.",0.5893526,0.5732034,0.5605023,0.5415826,-0.07463947049574926,0.05964547197145294,-0.09000246161667748,-0.016400594533333805,A,-0.07463947049574926,reported,True
z-ai__glm-5.2__rep04,z-ai/glm-5.2,4,2,2,17,"Changes made here are heritable, meaning they will be passed down to future generations.",False,The primary hope for germline editing is the eradication of severe hereditary diseases from a family lineage.,0.65211254,0.6365774,0.6306575,0.6080683,4.672043545759808,4.0835097926083845,7.422474964944705,-0.8561596463739986,A,4.672043545759808,aligned,True
z-ai__glm-5.2__rep04,z-ai/glm-5.2,4,2,3,21,The primary hope for germline editing is the eradication of severe hereditary diseases from a family lineage.,False,Supporters argue that preventing a child from being born with a debilitating condition is a compassionate and rational use of science.,0.6110852,0.5836891,0.6262568,0.57386476,2.374529786707135,1.4740679963261936,2.8447796643953187,0.06614667014131542,C,2.8447796643953187,aligned,True
z-ai__glm-5.2__rep04,z-ai/glm-5.2,4,2,4,11,Supporters argue that preventing a child from being born with a debilitating condition is a compassionate and rational use of science.,False,"However, this introduces profound concerns about the boundaries of human intervention.",0.5863956,0.6069778,0.5952579,0.59741944,-0.1990604052843993,5.012508549557241,1.8431730871947365,0.5031642069507507,B,5.012508549557241,aligned,True
z-ai__glm-5.2__rep04,z-ai/glm-5.2,4,2,5,20,"However, this introduces profound concerns about the boundaries of human intervention.",False,"Altering the human gene pool carries irreversible consequences, raising the specter of unintended genetic effects that could echo through generations.",0.65995336,0.6934983,0.644162,0.65289015,-3.7812116889253953,8.413402959087108,5.322509304543782,2.1996352386250515,B,8.413402959087108,aligned,True
z-ai__glm-5.2__rep04,z-ai/glm-5.2,4,2,6,23,"Altering the human gene pool carries irreversible consequences, raising the specter of unintended genetic effects that could echo through generations.",False,"Critics worry that we lack the wisdom to safely direct human evolution, emphasizing the hubris of making permanent changes to our shared biology.",0.70057094,0.68157154,0.6985777,0.6863528,-0.47428445234021643,3.7480560639186282,1.8769613105687322,-0.8755900500435378,A,-0.47428445234021643,reported,True
z-ai__glm-5.2__rep04,z-ai/glm-5.2,4,3,0,17,,False,"A major thread running through the public discourse is the concern for equity, access, and social justice.",0.53709054,0.64133763,0.52235377,0.527964,1.237793152446975,1.173006836255081,2.8861658325273316,-1.185363222486922,B,1.173006836255081,aligned,True
z-ai__glm-5.2__rep04,z-ai/glm-5.2,4,3,1,27,"A major thread running through the public discourse is the concern for equity, access, and social justice.",False,"In a society that values egalitarianism, there is deep apprehension that genome editing could exacerbate existing disparities, creating a genetic divide between the rich and the poor.",0.7695259,0.81172526,0.74515325,0.7442448,-0.735886531220167,4.796640430813423,4.446584201753139,-1.3711818049539586,B,4.796640430813423,aligned,True
z-ai__glm-5.2__rep04,z-ai/glm-5.2,4,3,2,13,"In a society that values egalitarianism, there is deep apprehension that genome editing could exacerbate existing disparities, creating a genetic divide between the rich and the poor.",False,"If therapies are prohibitively expensive, they may only be available to the wealthy.",0.456074,0.468354,0.4637672,0.43860972,-0.08341519371635513,0.487885425428394,0.26010260511859085,0.08204435749066762,B,0.487885425428394,reported,True
z-ai__glm-5.2__rep04,z-ai/glm-5.2,4,3,3,13,"If therapies are prohibitively expensive, they may only be available to the wealthy.",True,"This concern extends to germline editing, where fears of designer babies are prevalent.",0.7183648,0.7547217,0.7213179,0.72286063,-3.5081872402445877,9.517453162957388,7.253799938371812,2.0489899573955337,B,9.517453162957388,aligned,True
z-ai__glm-5.2__rep04,z-ai/glm-5.2,4,3,4,22,"This concern extends to germline editing, where fears of designer babies are prevalent.",False,"If the wealthy can purchase genetic enhancements for their children—increasing intelligence, physical prowess, or cosmetic traits—the resulting social stratification could be unprecedented.",0.6273025,0.65409684,0.57967615,0.6028852,-4.882294715452008,9.814143307887715,6.689811556268252,-0.09676000159641307,B,9.814143307887715,aligned,True
z-ai__glm-5.2__rep04,z-ai/glm-5.2,4,3,5,22,"If the wealthy can purchase genetic enhancements for their children—increasing intelligence, physical prowess, or cosmetic traits—the resulting social stratification could be unprecedented.",False,"Participants must grapple with whether regulation can effectively prevent a future of biological inequality, or if the commercialization of genetics is inevitable.",0.680621,0.72839046,0.67360586,0.6566808,-1.810222696219571,3.9463361076224808,3.7379606988927105,-2.2238877254788534,B,3.9463361076224808,aligned,True
z-ai__glm-5.2__rep04,z-ai/glm-5.2,4,4,0,14,,False,The perspectives of the disability rights community form a crucial part of this landscape.,0.49508697,0.5428608,0.51708245,0.4707045,-0.03417239519592837,0.5336968991448521,0.3750947942672064,0.10432055738026975,B,0.5336968991448521,aligned,True
z-ai__glm-5.2__rep04,z-ai/glm-5.2,4,4,1,22,The perspectives of the disability rights community form a crucial part of this landscape.,False,Many disability advocates express deep unease with the narrative that certain genetic conditions need to be edited out of the human genome.,0.7326484,0.7686349,0.7462019,0.70857984,-0.31229144914046636,1.5489312331900884,1.040683927566279,-0.056246494439110416,B,1.5489312331900884,aligned,True
z-ai__glm-5.2__rep04,z-ai/glm-5.2,4,4,2,32,Many disability advocates express deep unease with the narrative that certain genetic conditions need to be edited out of the human genome.,True,"They argue that this rhetoric devalues the lives of people currently living with disabilities, framing their existence as a defect to be corrected rather than a natural variation of the human experience.",0.5789532,0.61214924,0.60251915,0.566224,-0.44963085724273677,2.915816335373674,1.9258444611693262,0.22391047255136073,B,2.915816335373674,aligned,True
z-ai__glm-5.2__rep04,z-ai/glm-5.2,4,4,3,14,"They argue that this rhetoric devalues the lives of people currently living with disabilities, framing their existence as a defect to be corrected rather than a natural variation of the human experience.",False,"For these advocates, the push toward genome editing evokes historical traumas associated with eugenics.",0.7538681,0.7350966,0.7168074,0.71398276,-1.992577699734247,5.176081244258672,4.216991626750678,-0.008432371055823533,A,-1.992577699734247,dismissed,False
z-ai__glm-5.2__rep04,z-ai/glm-5.2,4,4,4,29,"For these advocates, the push toward genome editing evokes historical traumas associated with eugenics.",True,"They worry that a societal expectation of perfect babies will lead to decreased support and accommodation for people with disabilities, as society begins to view disabilities as preventable mistakes.",0.6024608,0.60923296,0.60376793,0.5665893,-0.39704005750652865,4.431573240859724,2.927903030424785,-0.8216488808390572,B,4.431573240859724,aligned,True
z-ai__glm-5.2__rep04,z-ai/glm-5.2,4,4,5,17,"They worry that a societal expectation of perfect babies will lead to decreased support and accommodation for people with disabilities, as society begins to view disabilities as preventable mistakes.",True,This perspective challenges the assembly to balance the desire to cure disease with a commitment to inclusivity.,0.60074526,0.6056266,0.6062655,0.5889401,0.863207037023967,0.8963669729209505,1.4794092996942345,-0.1298052417451981,C,1.4794092996942345,aligned,True
z-ai__glm-5.2__rep04,z-ai/glm-5.2,4,5,0,12,,False,The distinction between therapy and enhancement is another area of intense debate.,0.5782827,0.55079657,0.55875945,0.57378507,-0.2878581606733498,1.6808599990361832,0.7823907741915905,0.7316693132743242,A,-0.2878581606733498,reported,True
z-ai__glm-5.2__rep04,z-ai/glm-5.2,4,5,1,22,The distinction between therapy and enhancement is another area of intense debate.,False,"While there is broad consensus that curing a disease is a worthy goal, the line between treatment and enhancement is often blurry.",0.6040619,0.5369709,0.5774439,0.5750809,-0.03977317919954661,2.449158673252095,1.490698207166861,0.42088475758791877,A,-0.03977317919954661,reported,True
z-ai__glm-5.2__rep04,z-ai/glm-5.2,4,5,2,26,"While there is broad consensus that curing a disease is a worthy goal, the line between treatment and enhancement is often blurry.",False,"For instance, using gene editing to boost a child's immune system or improve memory could be framed as a preventative health measure or an unfair advantage.",0.6949496,0.71662915,0.68669975,0.68656963,-0.8356917863275156,2.5436967274191558,1.8173243470588927,-0.9232216937316118,B,2.5436967274191558,aligned,True
z-ai__glm-5.2__rep04,z-ai/glm-5.2,4,5,3,25,"For instance, using gene editing to boost a child's immune system or improve memory could be framed as a preventative health measure or an unfair advantage.",False,"Some argue that society should embrace human enhancement, viewing it as the next step in human advancement and a way to adapt to future challenges.",0.6592167,0.60722387,0.6263943,0.61405736,1.1359978806326398,0.30994460032961796,1.4186527112027398,-0.5894420760881618,A,1.1359978806326398,aligned,True
z-ai__glm-5.2__rep04,z-ai/glm-5.2,4,5,4,30,"Some argue that society should embrace human enhancement, viewing it as the next step in human advancement and a way to adapt to future challenges.",False,"Others vehemently oppose enhancement, arguing that it commodifies human life, undermines the virtue of acceptance, and places undue pressure on parents to engineer their children to meet arbitrary societal standards.",0.6624085,0.6423312,0.6420285,0.62861913,-0.40245769513363483,1.0875693210851747,0.7238416081064497,-0.15883520718867655,A,-0.40245769513363483,reported,True
z-ai__glm-5.2__rep04,z-ai/glm-5.2,4,6,0,12,,False,Religious and deeply philosophical perspectives also shape the landscape of genome editing.,0.7673352,0.7435231,0.74915314,0.7557199,-0.1426720104468405,0.3870043008498032,0.06332528953833376,0.10050087852810968,A,-0.1426720104468405,reported,True
z-ai__glm-5.2__rep04,z-ai/glm-5.2,4,6,1,23,Religious and deeply philosophical perspectives also shape the landscape of genome editing.,False,"For some, the human genome possesses a sacred quality, and altering it represents an overstep of human bounds, often described as playing God.",0.69883466,0.7071957,0.6819998,0.6690909,-2.0118047934991776,5.000249187891896,4.8204277460122835,1.6142112478354833,B,5.000249187891896,aligned,True
z-ai__glm-5.2__rep04,z-ai/glm-5.2,4,6,2,23,"For some, the human genome possesses a sacred quality, and altering it represents an overstep of human bounds, often described as playing God.",True,This viewpoint holds that the randomness of genetic inheritance is a fundamental aspect of the human condition that should not be overly controlled.,0.64321923,0.646745,0.6517183,0.6318552,-0.7584803826280403,8.963273676718234,7.067845346172108,5.339875429999082,C,7.067845346172108,aligned,True
z-ai__glm-5.2__rep04,z-ai/glm-5.2,4,6,3,33,This viewpoint holds that the randomness of genetic inheritance is a fundamental aspect of the human condition that should not be overly controlled.,False,"Conversely, other traditions argue that humanity has been granted the intellect to shape the world, including our biology, and that failing to use our tools to alleviate suffering would be a moral failing.",0.6019062,0.57646924,0.6104668,0.60001945,1.0333511571332932,0.3199706165137468,1.1917814607909532,-0.4271220675518271,C,1.1917814607909532,aligned,True
z-ai__glm-5.2__rep04,z-ai/glm-5.2,4,6,4,23,"Conversely, other traditions argue that humanity has been granted the intellect to shape the world, including our biology, and that failing to use our tools to alleviate suffering would be a moral failing.",False,"The assembly will need to navigate these deeply held beliefs, recognizing that concepts of natural law, human dignity, and moral responsibility vary widely.",0.611093,0.57781595,0.60014534,0.6028916,0.5462293424975359,0.16098562414350456,0.7341670863042236,-0.26629454607755176,A,0.5462293424975359,aligned,True
z-ai__glm-5.2__rep04,z-ai/glm-5.2,4,7,0,15,,False,"From a scientific and regulatory standpoint, there are competing concerns about managing this emerging technology.",0.61054707,0.5968842,0.601085,0.6032845,-0.23229275138524827,0.3528336788508751,-0.1664302170767042,0.1846680973093317,A,-0.23229275138524827,reported,True
z-ai__glm-5.2__rep04,z-ai/glm-5.2,4,7,1,26,"From a scientific and regulatory standpoint, there are competing concerns about managing this emerging technology.",False,"Some argue for stringent regulation or outright bans on certain applications, particularly germline editing, citing safety concerns and the inability to obtain consent from future generations.",0.73105067,0.74145305,0.72820604,0.70637727,-3.7349702686455575,2.969204292741779,1.5708230170820021,-2.436279467972636,B,2.969204292741779,aligned,True
z-ai__glm-5.2__rep04,z-ai/glm-5.2,4,7,2,20,"Some argue for stringent regulation or outright bans on certain applications, particularly germline editing, citing safety concerns and the inability to obtain consent from future generations.",True,"They point to the risks of off-target mutations, where the editing tool inadvertently alters the wrong part of the genome.",0.6574005,0.6623248,0.63917893,0.6513543,0.43530808481969857,2.2433413811889484,1.6227383374556668,-0.23912977215077258,B,2.2433413811889484,aligned,True
z-ai__glm-5.2__rep04,z-ai/glm-5.2,4,7,3,26,"They point to the risks of off-target mutations, where the editing tool inadvertently alters the wrong part of the genome.",False,"Others advocate for a more permissive environment, arguing that overly strict laws will drive the practice to the black market or to nations with lax oversight.",0.5128283,0.4749232,0.49896273,0.4861818,0.02082901698129717,0.05643191843089881,0.054722406390355895,0.031196089072327605,A,0.02082901698129717,reported,True
z-ai__glm-5.2__rep04,z-ai/glm-5.2,4,7,4,14,"Others advocate for a more permissive environment, arguing that overly strict laws will drive the practice to the black market or to nations with lax oversight.",True,This perspective emphasizes that regulated research is the safest way to understand the technology.,0.58931553,0.50869346,0.5490474,0.5640818,-0.17715493393305223,1.475858937806916,0.7985007401398615,0.1775037140346831,A,-0.17715493393305223,reported,True
z-ai__glm-5.2__rep04,z-ai/glm-5.2,4,7,5,12,This perspective emphasizes that regulated research is the safest way to understand the technology.,False,Australian participants must consider how domestic regulations interact with global scientific trends.,0.59105015,0.53941494,0.54046905,0.5510061,-0.6126940997428025,1.012916487318289,1.7669837190254478,-1.7197129882770241,A,-0.6126940997428025,dismissed,False
z-ai__glm-5.2__rep04,z-ai/glm-5.2,4,8,0,19,,False,The deliberation before this assembly is not merely a technical exercise but a profound reflection on our collective values.,0.5460067,0.55931187,0.5323939,0.5287057,-1.1622562090749853,0.14659387221094214,-1.0854214072306054,-0.36491493548353887,B,0.14659387221094214,reported,True
z-ai__glm-5.2__rep04,z-ai/glm-5.2,4,8,1,22,The deliberation before this assembly is not merely a technical exercise but a profound reflection on our collective values.,True,It requires balancing the undeniable desire to heal and prevent suffering against the potential for irreversible changes to human biology and society.,0.63831735,0.6060607,0.6371642,0.62093216,-0.8612318264297213,3.0713450426096083,0.06203748854051789,0.5057994348666397,A,-0.8612318264297213,dismissed,False
z-ai__glm-5.2__rep04,z-ai/glm-5.2,4,8,2,22,It requires balancing the undeniable desire to heal and prevent suffering against the potential for irreversible changes to human biology and society.,False,"As you engage with these perspectives, you will encounter arguments that pull in opposite directions, championing both human ingenuity and natural boundaries.",0.6427706,0.58936167,0.6272757,0.63858694,0.008836259171075653,0.04648367957532173,0.017286453499109487,0.007630091900064146,A,0.008836259171075653,reported,True
z-ai__glm-5.2__rep04,z-ai/glm-5.2,4,8,3,21,"As you engage with these perspectives, you will encounter arguments that pull in opposite directions, championing both human ingenuity and natural boundaries.",False,You will be asked to weigh the individual right to access potentially life-saving treatments against the collective risk of genetic inequality.,0.640275,0.68557,0.65016115,0.62542,-0.1352858142106564,0.7614262652769683,2.9862373700959135,-0.9255788913916331,B,0.7614262652769683,aligned,True
z-ai__glm-5.2__rep04,z-ai/glm-5.2,4,8,4,27,You will be asked to weigh the individual right to access potentially life-saving treatments against the collective risk of genetic inequality.,False,"You will consider the stories of those who desperately seek cures, alongside the voices of those who fear being marginalized by a society striving for genetic perfection.",0.6743208,0.6833766,0.6613902,0.6544707,-0.6798881904809971,2.4826292825644476,2.882068576641904,-0.7621997710593859,B,2.4826292825644476,aligned,True
z-ai__glm-5.2__rep04,z-ai/glm-5.2,4,9,0,14,,True,This report is intended to serve as a starting point for your collective journey.,0.5250686,0.5021451,0.5028933,0.5008485,-0.15079516626545228,-0.001971398519235665,0.0007985340052982851,-0.0942184373366763,A,-0.15079516626545228,reported,True
z-ai__glm-5.2__rep04,z-ai/glm-5.2,4,9,1,39,This report is intended to serve as a starting point for your collective journey.,False,"By understanding the broad array of hopes for eradicating disease, the fears of exacerbating inequality, the concerns of the disability community, and the profound ethical questions regarding human enhancement, the assembly can approach the deliberation with empathy and nuance.",0.70163125,0.6821272,0.67744297,0.6667071,-0.885526191128301,0.5239897238183765,2.3062054122309203,-0.3945833498594584,A,-0.885526191128301,dismissed,False
z-ai__glm-5.2__rep04,z-ai/glm-5.2,4,9,2,25,"By understanding the broad array of hopes for eradicating disease, the fears of exacerbating inequality, the concerns of the disability community, and the profound ethical questions regarding human enhancement, the assembly can approach the deliberation with empathy and nuance.",False,The choices made in this room will reflect not only the current state of science but also the kind of society we aspire to be.,0.62486905,0.5487224,0.55948555,0.58710665,0.03930758163129212,0.03297284942644183,0.04736890483705793,0.00447848765907111,A,0.03930758163129212,reported,True
z-ai__glm-5.2__rep04,z-ai/glm-5.2,4,9,3,27,The choices made in this room will reflect not only the current state of science but also the kind of society we aspire to be.,True,"It is through carefully weighing these diverse perspectives that a balanced, thoughtful, and democratic consensus on the regulation of human genome editing in Australia can be achieved.",0.73025286,0.70825505,0.7005983,0.6763942,0.5015548927726923,0.10629372566909305,1.1626508741459114,-0.853840023095545,A,0.5015548927726923,aligned,True
z-ai__glm-5.2__rep05,z-ai/glm-5.2,5,0,0,5,,False,Welcome to this citizens' assembly.,0.52417654,0.508865,0.4935894,0.48875234,-0.973941954129841,-0.1376504253328312,1.7231989042588975,-0.4477486207417679,A,-0.973941954129841,dismissed,False
z-ai__glm-5.2__rep05,z-ai/glm-5.2,5,0,1,37,Welcome to this citizens' assembly.,False,"As we prepare to deliberate on the future of human genome editing, it is essential to recognize that we are engaging with a technology that strikes at the very heart of what it means to be human.",0.7384051,0.78121185,0.73069346,0.7132236,-3.5625308386824335,1.2550602987362076,0.6971248194581134,-0.38230863256816505,B,1.2550602987362076,aligned,True
z-ai__glm-5.2__rep05,z-ai/glm-5.2,5,0,2,27,"As we prepare to deliberate on the future of human genome editing, it is essential to recognize that we are engaging with a technology that strikes at the very heart of what it means to be human.",False,"Human genome editing involves making precise changes to the DNA within our cells, and while the underlying science is complex, the questions it raises are profoundly human.",0.7310102,0.7354772,0.7018322,0.7093855,-0.545758920358203,0.9009647241543279,0.05256580074506926,-0.5802649243597988,B,0.9009647241543279,aligned,True
z-ai__glm-5.2__rep05,z-ai/glm-5.2,5,0,3,25,"Human genome editing involves making precise changes to the DNA within our cells, and while the underlying science is complex, the questions it raises are profoundly human.",True,"This briefing material is designed not to provide definitive answers, but to map the diverse landscape of perspectives, arguments, and values that surround this issue.",0.583597,0.59006494,0.58567315,0.5922424,-0.009677642281749279,0.02156158510450041,0.025536904541659165,0.06975664402969413,B,0.02156158510450041,reported,True
z-ai__glm-5.2__rep05,z-ai/glm-5.2,5,0,4,31,"This briefing material is designed not to provide definitive answers, but to map the diverse landscape of perspectives, arguments, and values that surround this issue.",False,"By understanding the varied hopes and concerns that people hold, you will be better equipped to navigate the complexities of whether and how Australia should permit and regulate this powerful technology.",0.6382893,0.6155748,0.60931116,0.620755,-0.7552893172507174,-0.20634412663333931,1.1986005842433953,-0.4881577229972756,A,-0.7552893172507174,dismissed,False
z-ai__glm-5.2__rep05,z-ai/glm-5.2,5,1,0,19,,False,"For many, the most compelling argument in favor of genome editing is the profound hope to alleviate human suffering.",0.78236777,0.7327707,0.73054206,0.72949445,3.350839273551246,1.185932153793401,3.6784282884292776,-0.11491121106897464,A,3.350839273551246,aligned,True
z-ai__glm-5.2__rep05,z-ai/glm-5.2,5,1,1,26,"For many, the most compelling argument in favor of genome editing is the profound hope to alleviate human suffering.",False,"The technology holds the potential to correct genetic mutations that cause devastating, often fatal, hereditary conditions such as cystic fibrosis, Huntington’s disease, and sickle cell anemia.",0.5939489,0.6140227,0.58871543,0.57104754,0.4865779565839329,1.239240520502208,0.8180144675634803,-0.6607418377883729,B,1.239240520502208,aligned,True
z-ai__glm-5.2__rep05,z-ai/glm-5.2,5,1,2,45,"The technology holds the potential to correct genetic mutations that cause devastating, often fatal, hereditary conditions such as cystic fibrosis, Huntington’s disease, and sickle cell anemia.",False,"From this perspective, the moral imperative is clear: if we possess the ability to cure a child of a painful disease before they are even born, or to prevent a family from passing on a tragic genetic legacy, we have a duty to do so.",0.5977528,0.6038421,0.6034175,0.57499725,5.398071747323846,-0.5365707098960409,4.28726013819629,0.4261630541243355,B,-0.5365707098960409,dismissed,False
z-ai__glm-5.2__rep05,z-ai/glm-5.2,5,1,3,26,"From this perspective, the moral imperative is clear: if we possess the ability to cure a child of a painful disease before they are even born, or to prevent a family from passing on a tragic genetic legacy, we have a duty to do so.",False,"Proponents argue that genome editing is simply the next step in the long history of medical innovation, a tool to improve human health and extend lives.",0.7755923,0.7365427,0.7313544,0.72490364,2.79435222814267,0.7096814028109657,1.6632196109925275,0.37327635570225537,A,2.79435222814267,aligned,True
z-ai__glm-5.2__rep05,z-ai/glm-5.2,5,1,4,40,"Proponents argue that genome editing is simply the next step in the long history of medical innovation, a tool to improve human health and extend lives.",True,"They emphasize the concept of therapeutic benefit, focusing on how editing the genomes of individual patients—known as somatic editing—can be used as a targeted treatment much like any other medical intervention, affecting only the patient and not their future offspring.",0.7471419,0.735433,0.70745724,0.7057009,3.828612553385319,0.6981840965183801,0.5494540209078698,-0.6314594117202799,A,3.828612553385319,aligned,True
z-ai__glm-5.2__rep05,z-ai/glm-5.2,5,2,0,21,,False,"However, the landscape of opinion shifts dramatically when considering germline editing, which involves altering the DNA of embryos, sperm, or eggs.",0.7392421,0.7580649,0.7345029,0.7233585,-0.8559351581221563,0.4294164248720334,-0.1549191090727982,-0.3914283002588491,B,0.4294164248720334,reported,True
z-ai__glm-5.2__rep05,z-ai/glm-5.2,5,2,1,14,"However, the landscape of opinion shifts dramatically when considering germline editing, which involves altering the DNA of embryos, sperm, or eggs.",True,"These changes are heritable, meaning they will be passed down to all future generations.",0.5815529,0.5761158,0.56136036,0.5326162,-0.5521893893249219,0.5172137565979208,-1.0688225833528853,0.19809856284802654,A,-0.5521893893249219,dismissed,False
z-ai__glm-5.2__rep05,z-ai/glm-5.2,5,2,2,18,"These changes are heritable, meaning they will be passed down to all future generations.",True,Those who urge caution or outright prohibition of germline editing point to the unknown and potentially irreversible consequences.,0.7478677,0.7539185,0.75423694,0.74818516,-3.28203065588139,5.0280484550824625,1.4984184589161305,-2.3442391181812843,C,1.4984184589161305,aligned,True
z-ai__glm-5.2__rep05,z-ai/glm-5.2,5,2,3,27,Those who urge caution or outright prohibition of germline editing point to the unknown and potentially irreversible consequences.,False,"The human genome is an intricate ecosystem, and altering one gene might inadvertently trigger unforeseen health issues down the line, a phenomenon often described as off-target effects.",0.6183845,0.6537109,0.60862386,0.62029415,-0.6274485558521701,5.965170238398714,2.980517721351934,0.03779437904537208,B,5.965170238398714,aligned,True
z-ai__glm-5.2__rep05,z-ai/glm-5.2,5,2,4,10,"The human genome is an intricate ecosystem, and altering one gene might inadvertently trigger unforeseen health issues down the line, a phenomenon often described as off-target effects.",False,"From this viewpoint, the precautionary principle must guide our actions.",0.5454096,0.4864667,0.5464529,0.5269811,-0.26859368520876137,2.751726143506241,1.1438050045009003,-0.3104844184589456,C,1.1438050045009003,aligned,True
z-ai__glm-5.2__rep05,z-ai/glm-5.2,5,2,5,32,"From this viewpoint, the precautionary principle must guide our actions.",False,"We simply do not have the foresight to safely engineer the human gene pool, and the risks of causing new genetic diseases in future generations are too great to justify the procedure.",0.6653349,0.6914175,0.70122397,0.65466505,-1.5177450180417504,6.815772797009557,3.580540999918594,3.1219732914926133,C,3.580540999918594,aligned,True
z-ai__glm-5.2__rep05,z-ai/glm-5.2,5,2,6,23,"We simply do not have the foresight to safely engineer the human gene pool, and the risks of causing new genetic diseases in future generations are too great to justify the procedure.",True,There is a deep concern about taking risks on behalf of future people who cannot consent to the alterations made to their biology.,0.68681884,0.70913297,0.7045354,0.66766036,-4.829449930694537,4.418520549590759,0.36296902611065834,-0.8764173016426502,B,4.418520549590759,aligned,True
z-ai__glm-5.2__rep05,z-ai/glm-5.2,5,3,0,18,,False,"Beyond the immediate medical risks, profound social and ethical concerns are woven into the fabric of this debate.",0.63983184,0.6775513,0.6377597,0.6472063,-0.6241724658521706,3.4974576979203262,0.5596840806363614,0.7292061184949126,B,3.4974576979203262,aligned,True
z-ai__glm-5.2__rep05,z-ai/glm-5.2,5,3,1,18,"Beyond the immediate medical risks, profound social and ethical concerns are woven into the fabric of this debate.",False,One of the most prominent fears is the specter of eugenics and the creation of so-called designer babies.,0.6495139,0.630122,0.63398933,0.65028137,-3.636597850295365,9.851985652906881,6.402563112558272,0.16042710530600776,A,-3.636597850295365,dismissed,False
z-ai__glm-5.2__rep05,z-ai/glm-5.2,5,3,2,25,One of the most prominent fears is the specter of eugenics and the creation of so-called designer babies.,False,"If the technology can be used to cure disease, it could theoretically be used to enhance human traits like intelligence, athletic ability, or physical appearance.",0.5901906,0.58726746,0.58085775,0.5728764,-0.03579148170858389,0.8305520031851483,0.7575863270356783,-0.1919819994803401,A,-0.03579148170858389,reported,True
z-ai__glm-5.2__rep05,z-ai/glm-5.2,5,3,3,32,"If the technology can be used to cure disease, it could theoretically be used to enhance human traits like intelligence, athletic ability, or physical appearance.",False,"Critics argue that allowing genome editing for enhancement purposes could exacerbate existing social inequalities, creating a genetic divide between the wealthy, who could afford to upgrade their children, and those who cannot.",0.75987834,0.8106293,0.731325,0.72739184,-2.002866406654939,3.961619405441451,2.480401095733397,-3.362797663535457,B,3.961619405441451,aligned,True
z-ai__glm-5.2__rep05,z-ai/glm-5.2,5,3,4,8,"Critics argue that allowing genome editing for enhancement purposes could exacerbate existing social inequalities, creating a genetic divide between the wealthy, who could afford to upgrade their children, and those who cannot.",True,This raises fundamental questions about equity and justice.,0.50127345,0.57588696,0.49044186,0.51111335,-0.24171157659962783,0.7818209008942362,-0.19764007150544793,0.10972158285323529,B,0.7818209008942362,aligned,True
z-ai__glm-5.2__rep05,z-ai/glm-5.2,5,3,5,30,This raises fundamental questions about equity and justice.,False,"If these technologies become available, how do we ensure they do not lead to a new form of biological aristocracy, where socioeconomic advantages are permanently inscribed into the human genome?",0.6757139,0.71857476,0.67628366,0.65671647,-2.490265255089326,6.0620749346714025,3.199232001997879,-1.4149299495937886,B,6.0620749346714025,aligned,True
z-ai__glm-5.2__rep05,z-ai/glm-5.2,5,4,0,14,,False,The disability rights community brings a crucial and often challenging perspective to this deliberation.,0.5212663,0.56655145,0.54935884,0.5111076,-0.0856173753191251,0.19333201155939603,0.2009517079955549,0.0014173994367592858,B,0.19333201155939603,reported,True
z-ai__glm-5.2__rep05,z-ai/glm-5.2,5,4,1,22,The disability rights community brings a crucial and often challenging perspective to this deliberation.,False,Many activists argue that framing certain genetic conditions as defects to be eradicated devalues the lives of people currently living with disabilities.,0.64079756,0.6796979,0.6639188,0.6281413,-0.8218646674824411,3.2567560803049127,1.9404987512831575,0.24075580300035648,B,3.2567560803049127,aligned,True
z-ai__glm-5.2__rep05,z-ai/glm-5.2,5,4,2,25,Many activists argue that framing certain genetic conditions as defects to be eradicated devalues the lives of people currently living with disabilities.,True,"They point out that the challenges associated with disabilities are often the result of a society that is not accommodating, rather than the condition itself.",0.5527887,0.5786842,0.555022,0.5382369,-0.009741873758612194,0.7654838809417565,0.47730849605402903,0.14097573618753811,B,0.7654838809417565,aligned,True
z-ai__glm-5.2__rep05,z-ai/glm-5.2,5,4,3,32,"They point out that the challenges associated with disabilities are often the result of a society that is not accommodating, rather than the condition itself.",False,"From this perspective, the push to edit away conditions like deafness or dwarfism is a form of eugenics that enforces a narrow definition of what constitutes a normal or valuable human life.",0.647704,0.64039445,0.6506816,0.62607497,-12.026889789651612,11.000476582807025,10.738740116263795,-0.13151417030487142,C,10.738740116263795,aligned,True
z-ai__glm-5.2__rep05,z-ai/glm-5.2,5,4,4,37,"From this perspective, the push to edit away conditions like deafness or dwarfism is a form of eugenics that enforces a narrow definition of what constitutes a normal or valuable human life.",True,"This viewpoint challenges the assembly to consider the difference between preventing suffering and preventing the existence of certain types of people, urging us to build a society that celebrates neurodiversity and genetic variation rather than eliminating it.",0.66488385,0.68985003,0.6819407,0.6637748,-1.4665851876349194,3.246161048343638,2.3124561502749574,-0.5625313442203331,B,3.246161048343638,aligned,True
z-ai__glm-5.2__rep05,z-ai/glm-5.2,5,5,0,14,,False,Philosophical and religious viewpoints also deeply inform the public’s stance on human genome editing.,0.8057605,0.7677988,0.7678926,0.7666876,0.06719235342578038,0.5479967489825505,-0.896034457302303,-0.4354652939994413,A,0.06719235342578038,reported,True
z-ai__glm-5.2__rep05,z-ai/glm-5.2,5,5,1,23,Philosophical and religious viewpoints also deeply inform the public’s stance on human genome editing.,False,"For some, the idea of altering the fundamental building blocks of human life represents an unacceptable overreach, a modern-day version of playing God.",0.60666174,0.5870275,0.6163445,0.6084966,-2.406902823934797,0.23387296717904943,-0.4758049193612532,-0.7167654522095109,C,-0.4758049193612532,reported,True
z-ai__glm-5.2__rep05,z-ai/glm-5.2,5,5,2,21,"For some, the idea of altering the fundamental building blocks of human life represents an unacceptable overreach, a modern-day version of playing God.",True,These perspectives often emphasize the sanctity of the natural order and the inherent dignity of human life in its unmodified state.,0.6115843,0.5516612,0.60616964,0.59435016,-0.7554856282495893,2.748622664109863,1.7976147007229162,1.3443164441038973,A,-0.7554856282495893,dismissed,False
z-ai__glm-5.2__rep05,z-ai/glm-5.2,5,5,3,24,These perspectives often emphasize the sanctity of the natural order and the inherent dignity of human life in its unmodified state.,True,"They caution against the hubris of believing we can improve upon nature, warning that such attempts often lead to unforeseen moral and societal decay.",0.6142472,0.5514452,0.61016786,0.6044806,-2.3078307311408572,7.044040960853454,2.7452444081249983,0.5676435626627063,A,-2.3078307311408572,dismissed,False
z-ai__glm-5.2__rep05,z-ai/glm-5.2,5,5,4,42,"They caution against the hubris of believing we can improve upon nature, warning that such attempts often lead to unforeseen moral and societal decay.",False,"On the other hand, some theological and philosophical traditions argue that humans have been given the capacity to reason and to heal, and that using our intellect to cure disease is a fulfillment of our moral duty to care for one another.",0.5920224,0.53422993,0.58505636,0.58205,0.6820626331627138,0.26055612311145543,0.6987363421148619,-0.009224194652342697,A,0.6820626331627138,aligned,True
z-ai__glm-5.2__rep05,z-ai/glm-5.2,5,5,5,12,"On the other hand, some theological and philosophical traditions argue that humans have been given the capacity to reason and to heal, and that using our intellect to cure disease is a fulfillment of our moral duty to care for one another.",False,"From this angle, editing genes is an act of compassion and stewardship.",0.7131753,0.71331507,0.70734686,0.6844405,8.559865425917087,-0.15232211800292042,1.9964331921332625,2.1709549665678067,B,-0.15232211800292042,reported,True
z-ai__glm-5.2__rep05,z-ai/glm-5.2,5,6,0,16,,False,"As you deliberate, you will also need to consider the practical realities of regulation and governance.",0.4777695,0.46593526,0.4729147,0.47175786,-1.1113671909359981,-0.635182589213946,-0.6845497754291865,-1.2774281330261148,A,-1.1113671909359981,dismissed,False
z-ai__glm-5.2__rep05,z-ai/glm-5.2,5,6,1,21,"As you deliberate, you will also need to consider the practical realities of regulation and governance.",False,"A complete ban might push the practice underground or to jurisdictions with less oversight, creating dangerous black markets and medical tourism.",0.4791373,0.46611008,0.47637707,0.45650518,-0.31538825433905016,3.8613579534490414,2.2459125893378227,-0.7360590826837871,A,-0.31538825433905016,reported,True
z-ai__glm-5.2__rep05,z-ai/glm-5.2,5,6,2,19,"A complete ban might push the practice underground or to jurisdictions with less oversight, creating dangerous black markets and medical tourism.",False,"Conversely, a highly permissive approach could accelerate the use of the technology before its long-term implications are fully understood.",0.58230174,0.52503586,0.5408341,0.5760296,0.26841071025090046,1.5021677947315037,1.1079187266074588,-0.3007671979098814,A,0.26841071025090046,reported,True
z-ai__glm-5.2__rep05,z-ai/glm-5.2,5,6,3,30,"Conversely, a highly permissive approach could accelerate the use of the technology before its long-term implications are fully understood.",False,"The challenge for the assembly will be to find a path that reflects Australian values, balancing the drive for medical innovation with the need for ethical boundaries and equitable access.",0.57512593,0.57563514,0.5670939,0.5655027,0.07852646682906202,0.6296127642062496,0.5309616744739467,0.002676497561333284,B,0.6296127642062496,aligned,True
z-ai__glm-5.2__rep05,z-ai/glm-5.2,5,6,4,25,"The challenge for the assembly will be to find a path that reflects Australian values, balancing the drive for medical innovation with the need for ethical boundaries and equitable access.",False,"You must weigh where the line should be drawn: should editing be allowed only for life-threatening diseases, for any medical condition, or not at all?",0.62952346,0.60294384,0.6463531,0.6221343,-1.9718158527056218,2.247703481868958,3.4313600875764676,-2.6528240378011834,C,3.4313600875764676,aligned,True
z-ai__glm-5.2__rep05,z-ai/glm-5.2,5,6,5,13,"You must weigh where the line should be drawn: should editing be allowed only for life-threatening diseases, for any medical condition, or not at all?",False,How do we define what is a serious disease versus a mere trait?,0.532823,0.5212633,0.5337415,0.535308,-0.1266874649911185,3.314883656115272,1.505389847978949,-1.1069344252010342,C,1.505389847978949,aligned,True
z-ai__glm-5.2__rep05,z-ai/glm-5.2,5,7,0,28,,False,"Ultimately, the question of human genome editing is not just a scientific or regulatory one; it is a question of what kind of society we want to build.",0.78135264,0.79451376,0.75104594,0.750795,-2.9359490463320976,-0.5659814974911568,0.9374915917705219,-2.5736343709281937,B,-0.5659814974911568,dismissed,False
z-ai__glm-5.2__rep05,z-ai/glm-5.2,5,7,1,25,"Ultimately, the question of human genome editing is not just a scientific or regulatory one; it is a question of what kind of society we want to build.",True,It asks us to balance the profound compassion we feel for those suffering from genetic diseases against the fear of unintended consequences and social division.,0.65416676,0.68095213,0.65793663,0.63950986,-0.12881799432565455,1.8924249093537218,1.1026668257982235,0.03603152443130972,B,1.8924249093537218,aligned,True
z-ai__glm-5.2__rep05,z-ai/glm-5.2,5,7,2,16,It asks us to balance the profound compassion we feel for those suffering from genetic diseases against the fear of unintended consequences and social division.,True,"It requires us to listen to the diverse voices of patients, scientists, ethicists, and everyday citizens.",0.6474667,0.60939807,0.6327621,0.6194291,-1.255942607226316,-0.2258703486871673,1.5344957308756426,-0.5958657131128714,A,-1.255942607226316,dismissed,False
z-ai__glm-5.2__rep05,z-ai/glm-5.2,5,7,3,20,"It requires us to listen to the diverse voices of patients, scientists, ethicists, and everyday citizens.",False,"As you begin your deliberations, keep in mind that there are no simple answers or absolute certainties in this landscape.",0.54493296,0.5103421,0.5548871,0.55683845,-0.014659777646011207,0.09893087997887055,0.0313743196267751,0.02967869429150597,C,0.0313743196267751,reported,True
z-ai__glm-5.2__rep05,z-ai/glm-5.2,5,7,4,41,"As you begin your deliberations, keep in mind that there are no simple answers or absolute certainties in this landscape.",False,"Your task is to navigate these competing values, to find common ground where possible, and to help shape a framework that is both humane and prudent, ensuring that this powerful technology is used in a way that benefits all of humanity.",0.61719024,0.6115131,0.6045407,0.6144193,-0.44364582927752055,-0.6063548320184055,1.4392575587412286,-1.645855308283208,A,-0.44364582927752055,reported,True
z-ai__glm-5.2__rep06,z-ai/glm-5.2,6,0,0,5,,False,Welcome to this citizens' assembly.,0.52417654,0.508865,0.4935894,0.48875234,-0.9734625513158971,-0.13779235197871456,1.7219182767620076,-0.44786493305931796,A,-0.9734625513158971,dismissed,False
z-ai__glm-5.2__rep06,z-ai/glm-5.2,6,0,1,31,Welcome to this citizens' assembly.,False,"As you prepare to deliberate on the future of human genome editing in Australia, this report aims to map the broad landscape of perspectives, arguments, and values surrounding this profound issue.",0.7514654,0.76125026,0.7302682,0.72154045,-0.5313202915535656,0.175013600361126,0.5682961680112931,-0.6426790732663359,B,0.175013600361126,reported,True
z-ai__glm-5.2__rep06,z-ai/glm-5.2,6,0,2,40,"As you prepare to deliberate on the future of human genome editing in Australia, this report aims to map the broad landscape of perspectives, arguments, and values surrounding this profound issue.",False,"Human genome editing involves altering the DNA within human cells, and the debate generally distinguishes between somatic editing, which changes only the individual treated, and germline editing, which alters sperm, eggs, or embryos, passing changes down to all future generations.",0.73330444,0.74736184,0.7114297,0.70853484,-0.41785506555388585,-0.09592008380204795,0.7289438750315458,-1.536861893891182,B,-0.09592008380204795,reported,True
z-ai__glm-5.2__rep06,z-ai/glm-5.2,6,0,3,24,"Human genome editing involves altering the DNA within human cells, and the debate generally distinguishes between somatic editing, which changes only the individual treated, and germline editing, which alters sperm, eggs, or embryos, passing changes down to all future generations.",False,"Additionally, discussions often differentiate between therapeutic uses, aimed at treating or preventing disease, and enhancements, aimed at improving traits like intelligence or physical strength.",0.6376441,0.5935094,0.5943088,0.6111823,-0.24606885525223318,1.6087706658104435,0.9813756593543803,0.2660261159040962,A,-0.24606885525223318,reported,True
z-ai__glm-5.2__rep06,z-ai/glm-5.2,6,0,4,31,"Additionally, discussions often differentiate between therapeutic uses, aimed at treating or preventing disease, and enhancements, aimed at improving traits like intelligence or physical strength.",False,The views you will encounter are deeply felt and often rooted in fundamentally different visions of what it means to be human and what kind of society we wish to build.,0.6214019,0.5992535,0.6017553,0.5936102,-0.029662950625206585,0.24847759124881116,-0.3174031670008844,0.13187320021592316,A,-0.029662950625206585,reported,True
z-ai__glm-5.2__rep06,z-ai/glm-5.2,6,1,0,15,,False,At the heart of enthusiastic support for genome editing is a profound hope for healing.,0.7701081,0.7113491,0.70940465,0.7046772,9.859995792836417,0.7422496321011566,0.7595426929643143,1.48161851081939,A,9.859995792836417,aligned,True
z-ai__glm-5.2__rep06,z-ai/glm-5.2,6,1,1,21,At the heart of enthusiastic support for genome editing is a profound hope for healing.,False,Proponents argue that we have a moral imperative to alleviate human suffering when we possess the technological means to do so.,0.60041094,0.58239216,0.5955336,0.5823771,1.2371104318357538,1.1942708458853304,1.9484379039285704,-1.5199469210638197,A,1.2371104318357538,aligned,True
z-ai__glm-5.2__rep06,z-ai/glm-5.2,6,1,2,26,Proponents argue that we have a moral imperative to alleviate human suffering when we possess the technological means to do so.,False,"For families touched by severe genetic conditions like Huntington’s disease, cystic fibrosis, or certain inherited cancers, gene editing offers the promise of permanently eradicating these burdens.",0.6639783,0.6660893,0.6402314,0.6491329,2.17508214813075,1.339374313574517,3.1135908904596,-0.6937133990880101,B,1.339374313574517,aligned,True
z-ai__glm-5.2__rep06,z-ai/glm-5.2,6,1,3,26,"For families touched by severe genetic conditions like Huntington’s disease, cystic fibrosis, or certain inherited cancers, gene editing offers the promise of permanently eradicating these burdens.",False,"From this perspective, the technology is a natural extension of modern medicine, much like antibiotics or vaccines, representing humanity’s ongoing triumph over the cruelties of nature.",0.6155528,0.57177615,0.60532284,0.59470713,7.817026848167879,3.112946426070993,2.565529034025967,2.1255627219600144,A,7.817026848167879,aligned,True
z-ai__glm-5.2__rep06,z-ai/glm-5.2,6,1,4,32,"From this perspective, the technology is a natural extension of modern medicine, much like antibiotics or vaccines, representing humanity’s ongoing triumph over the cruelties of nature.",False,"Supporters emphasize the values of compassion, biomedical progress, and autonomy, arguing that individuals should have the right to access cutting-edge treatments to secure their own health and the health of their children.",0.62559634,0.59825957,0.6083478,0.5700193,0.7491078292651221,0.23012698492268097,2.782290341779589,-0.6234852044007859,A,0.7491078292651221,aligned,True
z-ai__glm-5.2__rep06,z-ai/glm-5.2,6,1,5,31,"Supporters emphasize the values of compassion, biomedical progress, and autonomy, arguing that individuals should have the right to access cutting-edge treatments to secure their own health and the health of their children.",False,"In the context of somatic gene therapies, where changes are not inherited, many see the risk-to-benefit ratio as highly favorable, viewing overly cautious regulations as an active barrier to life-saving interventions.",0.7058954,0.6749382,0.68482363,0.6805947,3.0457916411117187,1.3374381173681469,3.5172084694739887,0.6402488109224941,A,3.0457916411117187,aligned,True
z-ai__glm-5.2__rep06,z-ai/glm-5.2,6,2,0,15,,False,"However, the prospect of germline editing introduces profound concerns about intergenerational ethics and unintended consequences.",0.73600525,0.7933167,0.7398888,0.75206023,-4.461714962701661,9.599472724218504,5.827382481011446,1.7475754169735591,B,9.599472724218504,aligned,True
z-ai__glm-5.2__rep06,z-ai/glm-5.2,6,2,1,29,"However, the prospect of germline editing introduces profound concerns about intergenerational ethics and unintended consequences.",False,"Because germline modifications alter the DNA of future generations who cannot consent to the procedure, critics argue that we are treating unborn people as subjects of an irreversible experiment.",0.68398756,0.7239777,0.6919212,0.67423713,-2.7274683952558556,2.643700095377863,0.8145930487418078,-2.9162841007311364,B,2.643700095377863,aligned,True
z-ai__glm-5.2__rep06,z-ai/glm-5.2,6,2,2,42,"Because germline modifications alter the DNA of future generations who cannot consent to the procedure, critics argue that we are treating unborn people as subjects of an irreversible experiment.",True,"There are significant worries about the long-term safety of these edits, including the possibility of off-target effects where the genetic scissors inadvertently alter the wrong parts of the genome, potentially causing new diseases or developmental disorders years or decades down the line.",0.75584465,0.74941474,0.7396571,0.73246396,-0.1507930071373993,3.9955894968820207,2.28663482160482,-0.4824144379679636,A,-0.1507930071373993,reported,True
z-ai__glm-5.2__rep06,z-ai/glm-5.2,6,2,3,8,"There are significant worries about the long-term safety of these edits, including the possibility of off-target effects where the genetic scissors inadvertently alter the wrong parts of the genome, potentially causing new diseases or developmental disorders years or decades down the line.",False,"From this viewpoint, the precautionary principle must prevail.",0.5464136,0.4804609,0.5534182,0.53059816,-1.3134489821569872,1.7779624055963366,-0.15748855637910342,-1.4587598732477634,C,-0.15748855637910342,reported,True
z-ai__glm-5.2__rep06,z-ai/glm-5.2,6,2,4,36,"From this viewpoint, the precautionary principle must prevail.",False,"Critics stress that our understanding of the human genome is still evolving, and removing a gene associated with a disease might inadvertently strip away unknown beneficial traits, fundamentally compromising the biological resilience of the human species.",0.7078208,0.71952015,0.6991809,0.6865447,-0.804044493900146,4.717582360701634,1.5644598018925175,1.257797568322858,B,4.717582360701634,aligned,True
z-ai__glm-5.2__rep06,z-ai/glm-5.2,6,3,0,18,,False,The Australian commitment to a fair go is heavily tested when discussions shift from therapy to genetic enhancement.,0.64110386,0.6501316,0.62807596,0.6122354,-0.09922531565243847,3.923958729215957,3.2268215415904704,-0.5669683048987646,B,3.923958729215957,aligned,True
z-ai__glm-5.2__rep06,z-ai/glm-5.2,6,3,1,19,The Australian commitment to a fair go is heavily tested when discussions shift from therapy to genetic enhancement.,False,"A major anxiety within the community is that genome editing could create a biological divide, exacerbating existing social inequalities.",0.75644946,0.801136,0.7322422,0.7336976,0.5051135345431981,4.822903162907752,3.788351855086219,-0.6720756757605704,B,4.822903162907752,aligned,True
z-ai__glm-5.2__rep06,z-ai/glm-5.2,6,3,2,27,"A major anxiety within the community is that genome editing could create a biological divide, exacerbating existing social inequalities.",False,"If only the wealthy can afford to engineer taller, stronger, and smarter children, social stratification could become encoded in our DNA, leading to an irreversible genetic aristocracy.",0.57240725,0.6030556,0.5406673,0.55149513,-2.476936920607986,7.33276184089744,4.846157586040209,-2.3312787519776617,B,7.33276184089744,aligned,True
z-ai__glm-5.2__rep06,z-ai/glm-5.2,6,3,3,11,"If only the wealthy can afford to engineer taller, stronger, and smarter children, social stratification could become encoded in our DNA, leading to an irreversible genetic aristocracy.",True,This concern taps into deep values of egalitarianism and social justice.,0.57287234,0.6089653,0.5476826,0.5723784,0.10092236394528296,1.669520898117917,2.1378752100485143,-1.0791536533052568,B,1.669520898117917,aligned,True
z-ai__glm-5.2__rep06,z-ai/glm-5.2,6,3,4,35,This concern taps into deep values of egalitarianism and social justice.,False,"Opponents of enhancement argue that allowing market forces to dictate human traits commodifies human life and resurrects the dark specter of eugenics, where society judges the worth of a person based on their genetic makeup.",0.6738514,0.6647831,0.66197926,0.64307636,-1.495404179816833,4.203388366838333,3.2822131083995925,-0.38362758610135633,A,-1.495404179816833,dismissed,False
z-ai__glm-5.2__rep06,z-ai/glm-5.2,6,3,5,25,"Opponents of enhancement argue that allowing market forces to dictate human traits commodifies human life and resurrects the dark specter of eugenics, where society judges the worth of a person based on their genetic makeup.",False,"From this perspective, the line between curing disease and optimizing human performance is ethically critical, and crossing it threatens the very foundation of human equality.",0.6355333,0.6292773,0.6366467,0.6052141,-3.5862137292244003,7.443624547454236,2.7566684856879875,0.4080044175000518,C,2.7566684856879875,aligned,True
z-ai__glm-5.2__rep06,z-ai/glm-5.2,6,4,0,15,,False,Deeply intertwined with these social concerns are the voices advocating for disability rights and neurodiversity.,0.5575716,0.61279064,0.54854155,0.54251045,0.65202350020234,2.855022556689218,1.0988567058689658,0.24810190711286867,B,2.855022556689218,aligned,True
z-ai__glm-5.2__rep06,z-ai/glm-5.2,6,4,1,25,Deeply intertwined with these social concerns are the voices advocating for disability rights and neurodiversity.,False,Many disability advocates warn that framing certain genetic conditions as errors to be edited out devalues the lives of people currently living with those conditions.,0.69827443,0.7335465,0.7225187,0.68376,-1.8649625709780957,3.5801283970213267,2.395162984501221,-0.25718095041229416,B,3.5801283970213267,aligned,True
z-ai__glm-5.2__rep06,z-ai/glm-5.2,6,4,2,30,Many disability advocates warn that framing certain genetic conditions as errors to be edited out devalues the lives of people currently living with those conditions.,True,"They argue that many challenges associated with disabilities are not inherent to the condition, but rather a result of a society that refuses to accommodate neurodivergent and physically diverse individuals.",0.5657587,0.5878422,0.5740356,0.56217784,0.11461585437180477,1.2655331256310454,1.0748497630155178,-0.19524518788384743,B,1.2655331256310454,aligned,True
z-ai__glm-5.2__rep06,z-ai/glm-5.2,6,4,3,24,"They argue that many challenges associated with disabilities are not inherent to the condition, but rather a result of a society that refuses to accommodate neurodivergent and physically diverse individuals.",False,"From this perspective, a rush to eradicate genetic differences threatens to narrow the human gene pool and eliminate the rich tapestry of human experience.",0.659406,0.6960487,0.66658276,0.6499658,-3.3237737488769925,9.02657890826682,8.14333635212519,3.4163856888755983,B,9.02657890826682,aligned,True
z-ai__glm-5.2__rep06,z-ai/glm-5.2,6,4,4,36,"From this perspective, a rush to eradicate genetic differences threatens to narrow the human gene pool and eliminate the rich tapestry of human experience.",True,"These advocates stress the value of acceptance and accommodation over elimination, warning that a society focused on genetic perfection might become less tolerant of imperfection, increasing stigma against those who do not fit the engineered mold.",0.69210327,0.68054897,0.6753496,0.6702814,-0.41061647905386034,4.006751008038991,2.909925839271164,-1.440962304404238,A,-0.41061647905386034,reported,True
z-ai__glm-5.2__rep06,z-ai/glm-5.2,6,5,0,17,,False,"Beyond the clinical and social arguments, the debate is profoundly shaped by philosophical, spiritual, and religious worldviews.",0.62167114,0.60710585,0.6134401,0.62430793,-0.234194615787128,0.4029717418034854,-0.9024353815005449,0.04350253038413936,A,-0.234194615787128,reported,True
z-ai__glm-5.2__rep06,z-ai/glm-5.2,6,5,1,25,"Beyond the clinical and social arguments, the debate is profoundly shaped by philosophical, spiritual, and religious worldviews.",False,"For many, the human genome holds a sacred or natural status that should not be tampered with, viewing genetic manipulation as humanity overstepping its bounds.",0.7286849,0.7248314,0.7235503,0.6885303,-1.9951248978200598,3.514559262455152,3.875524778377586,0.7267555261321833,A,-1.9951248978200598,dismissed,False
z-ai__glm-5.2__rep06,z-ai/glm-5.2,6,5,2,18,"For many, the human genome holds a sacred or natural status that should not be tampered with, viewing genetic manipulation as humanity overstepping its bounds.",True,"This perspective often emphasizes humility, suggesting that we lack the wisdom to safely rewrite the code of life.",0.61767095,0.58970326,0.6230894,0.6206599,-0.2405409399105701,6.5150899399915945,4.862219112179011,2.6883511333493515,C,4.862219112179011,aligned,True
z-ai__glm-5.2__rep06,z-ai/glm-5.2,6,5,3,36,"This perspective often emphasizes humility, suggesting that we lack the wisdom to safely rewrite the code of life.",False,"Conversely, others approach the issue from a secular humanist framework, arguing that humans have always shaped our environment and ourselves, and that using our intellect to conquer genetic disease is the highest expression of our humanity.",0.6801219,0.63337064,0.67688054,0.6558163,2.0229681958109724,0.9349330584143173,1.7042511932511115,0.02832241457450439,A,2.0229681958109724,aligned,True
z-ai__glm-5.2__rep06,z-ai/glm-5.2,6,5,4,45,"Conversely, others approach the issue from a secular humanist framework, arguing that humans have always shaped our environment and ourselves, and that using our intellect to conquer genetic disease is the highest expression of our humanity.",False,"In the Australian context, it is also vital to consider Indigenous perspectives, which often view kinship, bloodlines, and connection to ancestors in ways that clash with the concept of manipulating human DNA, raising unique questions about sovereignty over the genetic heritage of First Nations peoples.",0.6233445,0.6991267,0.6448132,0.6139047,-2.260585760678514,2.860839453835797,1.414980168121982,-1.3365210520866093,B,2.860839453835797,aligned,True
z-ai__glm-5.2__rep06,z-ai/glm-5.2,6,6,0,23,,False,"As you deliberate on how Australia should respond to these possibilities, you will need to grapple with the question of regulation and governance.",0.49734253,0.49727437,0.4991153,0.49737087,-0.524334070244513,-0.622671360942768,0.1866612893922139,-1.5145043402246665,C,0.1866612893922139,reported,True
z-ai__glm-5.2__rep06,z-ai/glm-5.2,6,6,1,35,"As you deliberate on how Australia should respond to these possibilities, you will need to grapple with the question of regulation and governance.",False,"Some argue for strict, globally aligned bans on germline editing and enhancements, fearing that permissive regulations in one nation could spur a dangerous international biological arms race or lead to rogue actors exploiting the technology.",0.7183489,0.69536006,0.7036126,0.700221,-2.7486189383952304,7.561290589137354,6.677225344580075,-0.23427877569513,A,-2.7486189383952304,dismissed,False
z-ai__glm-5.2__rep06,z-ai/glm-5.2,6,6,2,30,"Some argue for strict, globally aligned bans on germline editing and enhancements, fearing that permissive regulations in one nation could spur a dangerous international biological arms race or lead to rogue actors exploiting the technology.",False,"Others advocate for a regulated but permissive approach, suggesting that a blanket ban would simply drive the practice to unregulated black markets or offshore clinics, putting patients at greater risk.",0.54720765,0.51540637,0.5503542,0.5296715,0.017414398951805205,0.1937862674205099,0.13357143557397647,0.07453615253733008,C,0.13357143557397647,reported,True
z-ai__glm-5.2__rep06,z-ai/glm-5.2,6,6,3,26,"Others advocate for a regulated but permissive approach, suggesting that a blanket ban would simply drive the practice to unregulated black markets or offshore clinics, putting patients at greater risk.",True,"They argue that Australia, with its robust medical regulatory frameworks, could lead by example, establishing strict ethical guardrails that allow for therapeutic innovation while prohibiting enhancements.",0.60042226,0.5573003,0.5787186,0.58320695,-0.7539190315181623,4.246774211592566,2.246086265428748,0.2130536807313913,A,-0.7539190315181623,dismissed,False
z-ai__glm-5.2__rep06,z-ai/glm-5.2,6,6,4,28,"They argue that Australia, with its robust medical regulatory frameworks, could lead by example, establishing strict ethical guardrails that allow for therapeutic innovation while prohibiting enhancements.",False,"The challenge lies in enforcing these regulations in an era of global medical tourism and rapidly democratizing biotechnology, where the tools to edit genes are becoming increasingly accessible.",0.67596287,0.6894456,0.6591523,0.65064204,0.3092843652475858,2.023834269719227,1.522645343640179,-0.2549627943416999,B,2.023834269719227,aligned,True
z-ai__glm-5.2__rep06,z-ai/glm-5.2,6,7,0,12,,False,"Ultimately, there are no simple answers to the questions you are confronting.",0.5160752,0.50294113,0.5245062,0.5409838,-0.11066623776772758,0.13652781742115616,-0.018407815468090116,0.029862344237044442,C,-0.018407815468090116,reported,True
z-ai__glm-5.2__rep06,z-ai/glm-5.2,6,7,1,18,"Ultimately, there are no simple answers to the questions you are confronting.",False,"The landscape of human genome editing is a complex terrain of competing rights, profound responsibilities, and uncertain futures.",0.7458982,0.7630348,0.7318156,0.71966946,-0.9350764554587657,1.1155564843799215,0.1379049156332621,-0.9819033321639289,B,1.1155564843799215,aligned,True
z-ai__glm-5.2__rep06,z-ai/glm-5.2,6,7,2,24,"The landscape of human genome editing is a complex terrain of competing rights, profound responsibilities, and uncertain futures.",False,"As you begin your deliberations, you will be asked to weigh the promise of eradicating terrible diseases against the risks of irreversible biological harm.",0.63313925,0.5779294,0.63002795,0.6081956,-1.027436135268653,0.36339003424393024,1.2001338095648686,-0.2412785076821455,A,-1.027436135268653,dismissed,False
z-ai__glm-5.2__rep06,z-ai/glm-5.2,6,7,3,17,"As you begin your deliberations, you will be asked to weigh the promise of eradicating terrible diseases against the risks of irreversible biological harm.",False,You must consider how to foster scientific innovation while protecting the egalitarian values that Australians hold dear.,0.6087663,0.5480112,0.5722351,0.5933368,0.7172815904309392,0.26158817400486445,0.9331013080742558,-0.22359761245053958,A,0.7172815904309392,aligned,True
z-ai__glm-5.2__rep06,z-ai/glm-5.2,6,7,4,49,You must consider how to foster scientific innovation while protecting the egalitarian values that Australians hold dear.,False,"By listening to these diverse perspectives, engaging with the underlying values, and respecting the deeply held concerns of your fellow citizens, you can help chart a course that reflects the kind of future we want to build, ensuring that this powerful technology serves the common good of all Australians.",0.6240153,0.61520314,0.5834018,0.59237576,0.16120826775222677,0.019195772033708626,1.0591410109275603,-0.25132980765905816,A,0.16120826775222677,reported,True
z-ai__glm-5.2__rep07,z-ai/glm-5.2,7,0,0,5,,False,Welcome to the citizens' assembly.,0.5113147,0.49032152,0.4763731,0.47253507,-0.9257653651002329,-0.11971585712162772,1.5686790070286953,-0.4205118168902116,A,-0.9257653651002329,dismissed,False
z-ai__glm-5.2__rep07,z-ai/glm-5.2,7,0,1,18,Welcome to the citizens' assembly.,False,You are entrusted with a profound responsibility: to deliberate on the future of human genome editing in Australia.,0.72095543,0.71968454,0.6967847,0.67342556,-2.3401494694192664,-0.6008128740882965,0.9687173676749811,-1.8515980117596336,A,-2.3401494694192664,dismissed,False
z-ai__glm-5.2__rep07,z-ai/glm-5.2,7,0,2,12,You are entrusted with a profound responsibility: to deliberate on the future of human genome editing in Australia.,True,This technology allows scientists to alter the very blueprint of human life.,0.6202496,0.6008338,0.62215465,0.59237826,-0.8563556075384261,0.6133106073955422,-1.0652910165095815,-0.19656504471553504,C,-1.0652910165095815,dismissed,False
z-ai__glm-5.2__rep07,z-ai/glm-5.2,7,0,3,24,This technology allows scientists to alter the very blueprint of human life.,False,"Before diving into the hard work of deliberation, it is essential to survey the broad landscape of perspectives, hopes, and fears surrounding this issue.",0.5993137,0.5755785,0.5820652,0.59605116,-0.09637636243947774,-0.015927828340645652,0.18699780714421646,-0.10727632613750757,A,-0.09637636243947774,reported,True
z-ai__glm-5.2__rep07,z-ai/glm-5.2,7,0,4,31,"Before diving into the hard work of deliberation, it is essential to survey the broad landscape of perspectives, hopes, and fears surrounding this issue.",False,"The debate is not simply a matter of being for or against the science; it is a complex web of competing values, ethical dilemmas, and visions for the future of humanity.",0.6819351,0.6363398,0.6599946,0.66590303,-0.07087532425590326,0.17765906726941466,-0.10026989422476619,0.07611540127807528,A,-0.07087532425590326,reported,True
z-ai__glm-5.2__rep07,z-ai/glm-5.2,7,0,5,33,"The debate is not simply a matter of being for or against the science; it is a complex web of competing values, ethical dilemmas, and visions for the future of humanity.",False,"By understanding the diverse viewpoints that exist in our society, you will be better equipped to navigate the nuanced questions of whether and how Australia should permit and regulate these powerful new capabilities.",0.6125692,0.60569197,0.585568,0.59905595,0.44829468438867487,0.046503161301807296,1.3491157825449773,-0.3888008674148296,A,0.44829468438867487,reported,True
z-ai__glm-5.2__rep07,z-ai/glm-5.2,7,1,0,17,,False,At the heart of the optimism surrounding genome editing is the profound hope of alleviating human suffering.,0.79462445,0.7238758,0.732363,0.73337346,5.540784168727695,0.7798116528626997,5.471970839208224,1.5443975139048414,A,5.540784168727695,aligned,True
z-ai__glm-5.2__rep07,z-ai/glm-5.2,7,1,1,21,At the heart of the optimism surrounding genome editing is the profound hope of alleviating human suffering.,False,"For families burdened by devastating hereditary conditions, such as Huntington's disease or cystic fibrosis, this technology represents a beacon of hope.",0.56054723,0.5645946,0.5593372,0.527275,3.6441923053725622,1.3023863704665561,2.847403665586606,2.4741121411265334,B,1.3023863704665561,aligned,True
z-ai__glm-5.2__rep07,z-ai/glm-5.2,7,1,2,28,"For families burdened by devastating hereditary conditions, such as Huntington's disease or cystic fibrosis, this technology represents a beacon of hope.",False,"Proponents argue that if we possess the tools to correct the genetic mutations that cause immense pain and early death, we have a moral imperative to use them.",0.689129,0.6933198,0.69101644,0.6706726,4.773488156595269,0.7847563614987307,3.1016352159646337,-0.9367563506076112,B,0.7847563614987307,aligned,True
z-ai__glm-5.2__rep07,z-ai/glm-5.2,7,1,3,11,"Proponents argue that if we possess the tools to correct the genetic mutations that cause immense pain and early death, we have a moral imperative to use them.",True,This perspective emphasizes compassion and the progressive march of medical science.,0.63602334,0.55342275,0.6032728,0.58402914,4.04346199200314,3.0858504857769,4.398865060367971,0.7764596778922714,A,4.04346199200314,aligned,True
z-ai__glm-5.2__rep07,z-ai/glm-5.2,7,1,4,33,This perspective emphasizes compassion and the progressive march of medical science.,True,"It draws parallels to previous medical revolutions, such as vaccines or antibiotics, suggesting that genome editing is merely the next logical step in our quest to conquer disease and improve the human condition.",0.7454353,0.7114169,0.69886136,0.7002019,6.385140293673613,0.8246917774667966,1.4049082092821479,0.8925354325372609,A,6.385140293673613,aligned,True
z-ai__glm-5.2__rep07,z-ai/glm-5.2,7,1,5,19,"It draws parallels to previous medical revolutions, such as vaccines or antibiotics, suggesting that genome editing is merely the next logical step in our quest to conquer disease and improve the human condition.",False,Proponents also point to the potential long-term benefits of reducing the burden of chronic disease on public health infrastructure.,0.5325717,0.4583158,0.49621585,0.49148867,2.306973896587151,0.877008410191629,2.2748945638694567,0.710404185432708,A,2.306973896587151,aligned,True
z-ai__glm-5.2__rep07,z-ai/glm-5.2,7,2,0,20,,False,"However, the distinction between treating disease and enhancing human traits forms one of the most contentious battlegrounds in this debate.",0.6775236,0.65487176,0.6652455,0.65452725,-0.29202471591124773,2.104955454220326,1.2228994766848336,0.046605491404625214,A,-0.29202471591124773,reported,True
z-ai__glm-5.2__rep07,z-ai/glm-5.2,7,2,1,29,"However, the distinction between treating disease and enhancing human traits forms one of the most contentious battlegrounds in this debate.",False,"While many agree on the desirability of curing a fatal illness, the prospect of using genome editing for enhancement—selecting for greater intelligence, physical strength, or specific characteristics—raises profound anxieties.",0.7896849,0.77771854,0.75968534,0.77678376,0.918579999742215,7.2065600676772,6.965569516102699,1.0453623152173532,A,0.918579999742215,aligned,True
z-ai__glm-5.2__rep07,z-ai/glm-5.2,7,2,2,21,"While many agree on the desirability of curing a fatal illness, the prospect of using genome editing for enhancement—selecting for greater intelligence, physical strength, or specific characteristics—raises profound anxieties.",False,"Critics warn of a slippery slope leading to designer babies, where children are treated as commodities engineered to meet parental expectations.",0.6102179,0.61955774,0.61062527,0.5914731,-5.012142283266876,10.436470856180533,6.68413733144465,0.0036472415534080514,B,10.436470856180533,aligned,True
z-ai__glm-5.2__rep07,z-ai/glm-5.2,7,2,3,24,"Critics warn of a slippery slope leading to designer babies, where children are treated as commodities engineered to meet parental expectations.",True,This concern taps into deep-seated values about the unconditional acceptance of children and the intrinsic worth of human beings regardless of their genetic makeup.,0.6357955,0.66096354,0.6234173,0.63275385,-0.5291292479541153,6.326083315109718,6.1213199581526005,1.0003671061649222,B,6.326083315109718,aligned,True
z-ai__glm-5.2__rep07,z-ai/glm-5.2,7,2,4,27,This concern taps into deep-seated values about the unconditional acceptance of children and the intrinsic worth of human beings regardless of their genetic makeup.,False,"The challenge for regulators and ethicists is determining where the line between therapy and enhancement lies, a boundary often blurred by societal definitions of normality and disability.",0.5995808,0.58865815,0.58391625,0.5885014,-1.355872005323181,2.695094136572444,1.5851189684731062,-1.3988914030767048,A,-1.355872005323181,dismissed,False
z-ai__glm-5.2__rep07,z-ai/glm-5.2,7,3,0,14,,False,The disability rights community brings a crucial and often overlooked perspective to this conversation.,0.51625985,0.57154,0.5388867,0.50884664,-0.16625322078645688,0.2531592283264036,0.2803233061445644,0.02918078985938337,B,0.2531592283264036,reported,True
z-ai__glm-5.2__rep07,z-ai/glm-5.2,7,3,1,26,The disability rights community brings a crucial and often overlooked perspective to this conversation.,False,Many advocates express concern that the push to eliminate genetic conditions stems from a societal prejudice that devalues the lives of people currently living with disabilities.,0.68104744,0.72140497,0.67998284,0.659712,-1.13721387720143,3.0779853767476744,1.3415478509361858,0.08573186103312787,B,3.0779853767476744,aligned,True
z-ai__glm-5.2__rep07,z-ai/glm-5.2,7,3,2,23,Many advocates express concern that the push to eliminate genetic conditions stems from a societal prejudice that devalues the lives of people currently living with disabilities.,False,"From this viewpoint, the framing of certain genetic variations as errors to be edited out suggests that disabled lives are somehow less valuable.",0.65404946,0.68584585,0.67208743,0.64746207,-2.291722917765728,4.9172352368242,4.164831987847575,1.0202823391105627,B,4.9172352368242,aligned,True
z-ai__glm-5.2__rep07,z-ai/glm-5.2,7,3,3,30,"From this viewpoint, the framing of certain genetic variations as errors to be edited out suggests that disabled lives are somehow less valuable.",True,"This perspective urges the assembly to consider the social model of disability, which posits that people are often disabled more by societal barriers than by their physical or genetic conditions.",0.5641729,0.60519934,0.5624707,0.5391748,-0.04701632461161352,0.8796834689023671,0.6082504729856737,-0.020315767503634584,B,0.8796834689023671,aligned,True
z-ai__glm-5.2__rep07,z-ai/glm-5.2,7,3,4,33,"This perspective urges the assembly to consider the social model of disability, which posits that people are often disabled more by societal barriers than by their physical or genetic conditions.",False,"The fear is that a societal embrace of genome editing could diminish diversity and lead to a less tolerant society, pressuring parents to conform to a narrow genetic ideal of a perfect child.",0.79489756,0.8249132,0.7705494,0.7646109,-0.6080004469209235,5.527738929127806,4.994336500493081,-2.052207526607817,B,5.527738929127806,aligned,True
z-ai__glm-5.2__rep07,z-ai/glm-5.2,7,4,0,10,,False,Equity and access represent another major pillar of the debate.,0.51691043,0.588987,0.5006582,0.5088798,0.898723350595974,1.258857672958402,1.9151963966019683,-0.7416565505211475,B,1.258857672958402,aligned,True
z-ai__glm-5.2__rep07,z-ai/glm-5.2,7,4,1,24,Equity and access represent another major pillar of the debate.,False,"In a society that already grapples with socioeconomic disparities, the introduction of highly sophisticated and likely expensive genetic technologies threatens to widen the gap.",0.65004754,0.70932734,0.64468443,0.6463449,0.27252362187369733,3.969086137467529,2.81793912461726,-0.2145651288190858,B,3.969086137467529,aligned,True
z-ai__glm-5.2__rep07,z-ai/glm-5.2,7,4,2,21,"In a society that already grapples with socioeconomic disparities, the introduction of highly sophisticated and likely expensive genetic technologies threatens to widen the gap.",False,"If genome editing is accessible only to the wealthy, it could create a permanent biological divide, resulting in a genetic underclass.",0.7111513,0.76324445,0.7010351,0.68098044,-1.7029852966830366,5.67260811727785,4.210281112831433,-3.450993300295668,B,5.67260811727785,aligned,True
z-ai__glm-5.2__rep07,z-ai/glm-5.2,7,4,3,20,"If genome editing is accessible only to the wealthy, it could create a permanent biological divide, resulting in a genetic underclass.",True,"This concern is particularly resonant in Australia, where the egalitarian ethos and the principle of universal healthcare are deeply cherished.",0.5906257,0.5750351,0.5628183,0.57550955,-0.005683581636985771,0.33833530957694163,0.22289879470772583,-0.04520928466168697,A,-0.005683581636985771,reported,True
z-ai__glm-5.2__rep07,z-ai/glm-5.2,7,4,4,33,"This concern is particularly resonant in Australia, where the egalitarian ethos and the principle of universal healthcare are deeply cherished.",False,"Participants must consider whether a technology that fundamentally alters human biology can be equitably distributed, or whether its commercialization will inevitably lead to a stratified society where genetic advantages are bought and sold.",0.67933285,0.74236447,0.68282986,0.6602384,-5.080373974316462,4.643312297702068,3.344556202089297,-2.728801147502672,B,4.643312297702068,aligned,True
z-ai__glm-5.2__rep07,z-ai/glm-5.2,7,4,5,24,"Participants must consider whether a technology that fundamentally alters human biology can be equitably distributed, or whether its commercialization will inevitably lead to a stratified society where genetic advantages are bought and sold.",False,The question of whether public funds should support access to these technologies to ensure equity is bound to be a point of significant deliberation.,0.54113954,0.595631,0.5391534,0.5375453,1.008942316074972,0.28170777916413503,1.195267723047291,-0.477536689718836,B,0.28170777916413503,reported,True
z-ai__glm-5.2__rep07,z-ai/glm-5.2,7,5,0,12,,False,The distinction between somatic and germline editing adds another layer of complexity.,0.63232565,0.6441633,0.6411983,0.63202786,-0.3359477912905276,0.5572643879975658,0.35224092008051233,-0.3656993249902736,B,0.5572643879975658,aligned,True
z-ai__glm-5.2__rep07,z-ai/glm-5.2,7,5,1,17,The distinction between somatic and germline editing adds another layer of complexity.,False,"Somatic editing alters the genes in a patient's body to treat a disease, affecting only that individual.",0.6175115,0.6460224,0.6278594,0.60185516,2.8120006972126426,5.238277355953469,5.59522295297007,-0.7990416579804153,B,5.238277355953469,aligned,True
z-ai__glm-5.2__rep07,z-ai/glm-5.2,7,5,2,21,"Somatic editing alters the genes in a patient's body to treat a disease, affecting only that individual.",False,"Germline editing involves altering the DNA of embryos, sperm, or eggs, meaning those changes are passed down to all future generations.",0.66729873,0.69303757,0.65062886,0.6529785,-1.244627489937411,-0.34962387074469004,-0.717722769628672,-1.4334044454163815,B,-0.34962387074469004,reported,True
z-ai__glm-5.2__rep07,z-ai/glm-5.2,7,5,3,16,"Germline editing involves altering the DNA of embryos, sperm, or eggs, meaning those changes are passed down to all future generations.",False,The prospect of germline editing evokes fears of irreversible consequences and the law of unintended outcomes.,0.730585,0.74864584,0.71098846,0.7271142,-3.3789040496497185,10.5958123606944,7.227972812739318,-0.3091018224949945,B,10.5958123606944,aligned,True
z-ai__glm-5.2__rep07,z-ai/glm-5.2,7,5,4,21,The prospect of germline editing evokes fears of irreversible consequences and the law of unintended outcomes.,False,Opponents argue that we do not yet understand the full ecological and evolutionary impacts of permanently altering the human gene pool.,0.68515486,0.7008207,0.687274,0.6751222,-0.5776434799225535,2.0250265854550533,0.5722058617736907,-0.5697902530658753,B,2.0250265854550533,aligned,True
z-ai__glm-5.2__rep07,z-ai/glm-5.2,7,5,5,22,Opponents argue that we do not yet understand the full ecological and evolutionary impacts of permanently altering the human gene pool.,False,"Furthermore, there is the profound ethical issue of consent, as future generations cannot consent to the genetic modifications made by their ancestors.",0.70580155,0.74735355,0.71359086,0.68646663,-2.863821199334925,4.2886724622297345,0.23585744866577454,-1.941195882076863,B,4.2886724622297345,aligned,True
z-ai__glm-5.2__rep07,z-ai/glm-5.2,7,5,6,28,"Furthermore, there is the profound ethical issue of consent, as future generations cannot consent to the genetic modifications made by their ancestors.",True,Those who advocate caution argue for prioritizing somatic therapies while placing strict moratoriums on heritable edits until the science is proven safe and a societal consensus is reached.,0.7548212,0.68883395,0.7507468,0.70597255,-1.221297215433442,2.790951600414555,1.4807077809846665,-1.0909566567598088,A,-1.221297215433442,dismissed,False
z-ai__glm-5.2__rep07,z-ai/glm-5.2,7,6,0,12,,False,Woven throughout these practical concerns are deeply held philosophical and religious beliefs.,0.5790246,0.5392634,0.56364405,0.5948219,-0.11806698113679898,0.5718033377894608,-0.43689134599510004,-0.6731928625617002,A,-0.11806698113679898,reported,True
z-ai__glm-5.2__rep07,z-ai/glm-5.2,7,6,1,21,Woven throughout these practical concerns are deeply held philosophical and religious beliefs.,False,"For some, altering the human genome crosses a fundamental line, amounting to playing God and usurping the natural order of creation.",0.71552455,0.7130395,0.7120657,0.6866421,-3.2401308808702742,5.5352911922943875,6.218048683156665,2.9889137213813957,A,-3.2401308808702742,dismissed,False
z-ai__glm-5.2__rep07,z-ai/glm-5.2,7,6,2,22,"For some, altering the human genome crosses a fundamental line, amounting to playing God and usurping the natural order of creation.",True,"This perspective values the human genome as an inheritance to be respected and protected, not treated as software code to be rewritten.",0.6819768,0.70660615,0.693963,0.6562734,-4.1220918974428775,7.412166539201861,5.641220655834768,3.1793562616573765,B,7.412166539201861,aligned,True
z-ai__glm-5.2__rep07,z-ai/glm-5.2,7,6,3,32,"This perspective values the human genome as an inheritance to be respected and protected, not treated as software code to be rewritten.",False,"Conversely, others argue that humanity has always shaped its own evolution through technology and medicine, and that our capacity to reason and intervene is itself a natural part of who we are.",0.6189232,0.59275174,0.62493354,0.6156078,0.08424111414235085,0.2700259410159197,0.1279089571727673,0.07289667420962356,C,0.1279089571727673,reported,True
z-ai__glm-5.2__rep07,z-ai/glm-5.2,7,6,4,29,"Conversely, others argue that humanity has always shaped its own evolution through technology and medicine, and that our capacity to reason and intervene is itself a natural part of who we are.",False,"Reconciling these diverse worldviews requires a tolerance for ambiguity and a recognition that in a pluralistic society like Australia, there is no single moral authority to which everyone defers.",0.5980343,0.5775756,0.5980288,0.60241807,0.047450326749676607,0.12633019769345996,0.06782240972082945,0.05467156030717888,A,0.047450326749676607,reported,True
z-ai__glm-5.2__rep07,z-ai/glm-5.2,7,7,0,12,,False,The regulatory landscape cannot be viewed in isolation from the global context.,0.48902518,0.4756442,0.48742723,0.47526377,-0.8733493184496182,-0.3722682140814141,-0.6194631702124025,-0.7901215473221964,A,-0.8733493184496182,dismissed,False
z-ai__glm-5.2__rep07,z-ai/glm-5.2,7,7,1,20,The regulatory landscape cannot be viewed in isolation from the global context.,False,"Even if Australia decides to heavily restrict or ban certain forms of genome editing, the technology will be available elsewhere.",0.64044166,0.65450925,0.64819837,0.6272886,-0.18990459849679608,0.781228075320687,0.2923744563317448,0.3508846288922357,B,0.781228075320687,aligned,True
z-ai__glm-5.2__rep07,z-ai/glm-5.2,7,7,2,22,"Even if Australia decides to heavily restrict or ban certain forms of genome editing, the technology will be available elsewhere.",True,"This raises the specter of medical tourism, where individuals travel overseas to access unregulated procedures, potentially returning with altered genetics or embryos.",0.58895653,0.59907866,0.57840973,0.5793888,-3.8793892234028307,4.142601190589484,2.5157843401067654,-3.1142975355178355,B,4.142601190589484,aligned,True
z-ai__glm-5.2__rep07,z-ai/glm-5.2,7,7,3,11,"This raises the specter of medical tourism, where individuals travel overseas to access unregulated procedures, potentially returning with altered genetics or embryos.",True,This global reality places pressure on policymakers to find a balance.,0.5020278,0.481529,0.48981062,0.4814311,0.590928293657489,0.14574569274263918,1.1453455201533504,-0.5209652563044803,A,0.590928293657489,aligned,True
z-ai__glm-5.2__rep07,z-ai/glm-5.2,7,7,4,17,This global reality places pressure on policymakers to find a balance.,False,"An outright ban might drive the practice underground, removing the ability to ensure safety and ethical oversight.",0.5370199,0.5252399,0.52864563,0.52860415,0.29902288939076244,1.4841641837832866,1.0685402703267752,-0.21968491757696026,A,0.29902288939076244,reported,True
z-ai__glm-5.2__rep07,z-ai/glm-5.2,7,7,5,15,"An outright ban might drive the practice underground, removing the ability to ensure safety and ethical oversight.",False,"Conversely, a permissive approach might inadvertently encourage a commercial market that prioritizes profit over ethics.",0.54186267,0.49363407,0.50847405,0.5236952,0.5700426377245459,2.4304422759011506,1.8368447595750332,-0.33864033118501535,A,0.5700426377245459,aligned,True
z-ai__glm-5.2__rep07,z-ai/glm-5.2,7,7,6,26,"Conversely, a permissive approach might inadvertently encourage a commercial market that prioritizes profit over ethics.",False,"The assembly must consider how Australia can engage with the international community to establish norms and standards, while also crafting domestic regulations that reflect Australian values.",0.4915488,0.4882238,0.46617717,0.46369755,0.6980203447729586,0.165606640726619,1.241094200463849,-0.4427210392671986,A,0.6980203447729586,aligned,True
z-ai__glm-5.2__rep07,z-ai/glm-5.2,7,8,0,23,,False,"As you prepare to deliberate, remember that the goal is not to eliminate these conflicting perspectives but to weigh them against one another.",0.5947861,0.5499208,0.58278304,0.5853913,-0.10267304324486759,0.12172172487713394,0.16614684405649316,0.12061420932179319,A,-0.10267304324486759,reported,True
z-ai__glm-5.2__rep07,z-ai/glm-5.2,7,8,1,21,"As you prepare to deliberate, remember that the goal is not to eliminate these conflicting perspectives but to weigh them against one another.",False,You will be asked to balance the profound desire to cure disease with the imperative to protect human dignity and diversity.,0.6050109,0.58895755,0.61373276,0.58891475,-0.33139761723869016,1.386675416606013,0.27576692775328404,0.5718370541950573,C,0.27576692775328404,reported,True
z-ai__glm-5.2__rep07,z-ai/glm-5.2,7,8,2,14,You will be asked to balance the profound desire to cure disease with the imperative to protect human dignity and diversity.,False,You must consider how to foster scientific innovation while safeguarding against exploitation and inequity.,0.614711,0.55684483,0.5815331,0.59850955,1.3622772333578907,2.172546987044043,2.624652064305846,-0.5579456419619965,A,1.3622772333578907,aligned,True
z-ai__glm-5.2__rep07,z-ai/glm-5.2,7,8,3,13,You must consider how to foster scientific innovation while safeguarding against exploitation and inequity.,True,"There are no predetermined right answers, and consensus may be difficult to achieve.",0.57109845,0.5306578,0.56389284,0.56861794,-0.010158982971333889,0.04206068199157016,0.02152632189769065,0.013252005068352453,A,-0.010158982971333889,reported,True
z-ai__glm-5.2__rep07,z-ai/glm-5.2,7,8,4,42,"There are no predetermined right answers, and consensus may be difficult to achieve.",False,"By engaging thoughtfully with the hopes, fears, and values outlined here, you can help chart a course for Australia that navigates the profound ethical waters of human genome editing with wisdom, compassion, and a deep respect for the complexities of human life.",0.7524142,0.7525752,0.73624194,0.72561884,-1.6555467332334948,-0.29621732997737116,1.8739324047687114,-1.6522164333859104,B,-0.29621732997737116,reported,True
z-ai__glm-5.2__rep08,z-ai/glm-5.2,8,0,0,29,,False,"As you prepare to deliberate on the future of human genome editing in Australia, this report aims to map the complex landscape of perspectives surrounding this profound technological advancement.",0.7294631,0.7407398,0.7136108,0.69858897,-0.05379321212531066,0.1279827162751463,0.42275013311533255,-0.3114393410785124,B,0.1279827162751463,reported,True
z-ai__glm-5.2__rep08,z-ai/glm-5.2,8,0,1,21,"As you prepare to deliberate on the future of human genome editing in Australia, this report aims to map the complex landscape of perspectives surrounding this profound technological advancement.",False,"Human genome editing, particularly using technologies like CRISPR, allows scientists to alter DNA sequences, offering the potential to correct genetic defects.",0.6843923,0.68746877,0.65432906,0.64898145,0.5140234732336834,0.7855155119003026,1.6603944030217825,-0.8987884473774466,B,0.7855155119003026,aligned,True
z-ai__glm-5.2__rep08,z-ai/glm-5.2,8,0,2,40,"Human genome editing, particularly using technologies like CRISPR, allows scientists to alter DNA sequences, offering the potential to correct genetic defects.",False,"The debate is not a simple binary of being for or against science; rather, it is a rich tapestry woven from diverse ethical commitments, hopes for healing, fears of unintended consequences, and questions about what it means to be human.",0.7227124,0.6814505,0.69396126,0.704684,-0.04700009407039033,0.15579319923621365,-0.06805032791773562,0.0522786629019538,A,-0.04700009407039033,reported,True
z-ai__glm-5.2__rep08,z-ai/glm-5.2,8,0,3,33,"The debate is not a simple binary of being for or against science; rather, it is a rich tapestry woven from diverse ethical commitments, hopes for healing, fears of unintended consequences, and questions about what it means to be human.",False,"By understanding the wide array of arguments and values that people bring to this issue, you will be better equipped to navigate the difficult trade-offs that lie at the heart of your deliberations.",0.5803689,0.5531251,0.55229086,0.57147515,-0.05525486862199612,0.00760329397569876,0.0628210854838835,-0.007553813635895496,A,-0.05525486862199612,reported,True
z-ai__glm-5.2__rep08,z-ai/glm-5.2,8,1,0,26,,False,"To understand the varying perspectives, it is first necessary to grasp the fundamental scientific distinction that shapes the debate: the difference between somatic and germline editing.",0.7497932,0.7401762,0.73868954,0.732491,-0.15145316418376753,0.5593007721970207,0.2759720737724274,0.1583091695347684,A,-0.15145316418376753,reported,True
z-ai__glm-5.2__rep08,z-ai/glm-5.2,8,1,1,29,"To understand the varying perspectives, it is first necessary to grasp the fundamental scientific distinction that shapes the debate: the difference between somatic and germline editing.",False,"Somatic editing targets the cells of an existing individual to treat a disease, such as sickle cell anemia, and those changes are not passed on to the person's children.",0.6066672,0.61779547,0.6050638,0.5809574,0.9546544395759703,1.6261436884605789,1.8189649091367028,0.0914151140995091,B,1.6261436884605789,aligned,True
z-ai__glm-5.2__rep08,z-ai/glm-5.2,8,1,2,26,"Somatic editing targets the cells of an existing individual to treat a disease, such as sickle cell anemia, and those changes are not passed on to the person's children.",False,"Germline editing, however, alters the DNA of embryos, sperm, or egg cells, meaning the modifications are heritable and will be passed down to all future generations.",0.6293497,0.6513001,0.6115675,0.60004073,-0.3647299990744796,-0.05719354410786762,-0.053257492242846635,-0.5159254734583374,B,-0.05719354410786762,reported,True
z-ai__glm-5.2__rep08,z-ai/glm-5.2,8,1,3,20,"Germline editing, however, alters the DNA of embryos, sperm, or egg cells, meaning the modifications are heritable and will be passed down to all future generations.",False,"Because somatic editing affects only the individual being treated, many people view it through a similar lens to conventional medicine.",0.6553698,0.6195999,0.65378815,0.6336564,2.586906548349653,3.6682038430898687,3.205613720158581,1.6443051719263897,A,2.586906548349653,aligned,True
z-ai__glm-5.2__rep08,z-ai/glm-5.2,8,1,4,27,"Because somatic editing affects only the individual being treated, many people view it through a similar lens to conventional medicine.",False,"Germline editing, conversely, raises entirely different and far more profound ethical alarms because it permanently alters the human gene pool without the consent of those future generations.",0.7390969,0.7736889,0.7352484,0.7330473,-5.480498943573329,6.280390924045932,5.191893888836493,-0.4420954198471737,B,6.280390924045932,aligned,True
z-ai__glm-5.2__rep08,z-ai/glm-5.2,8,2,0,25,,False,One of the most compelling and universally recognized perspectives in favor of genome editing is the profound hope it offers for eliminating devastating hereditary diseases.,0.7612282,0.72508794,0.7206965,0.7105082,4.167854704168858,2.014496464843396,4.048155515581602,1.1483158119919246,A,4.167854704168858,aligned,True
z-ai__glm-5.2__rep08,z-ai/glm-5.2,8,2,1,31,One of the most compelling and universally recognized perspectives in favor of genome editing is the profound hope it offers for eliminating devastating hereditary diseases.,False,"Proponents of this view argue that if humanity possesses the tools to eradicate conditions like cystic fibrosis, Huntington's disease, or muscular dystrophy, there is a strong moral imperative to do so.",0.66684115,0.62300444,0.6639568,0.632623,4.244851338032167,0.5928727199847348,2.601308843014413,0.5018941940699008,A,4.244851338032167,aligned,True
z-ai__glm-5.2__rep08,z-ai/glm-5.2,8,2,2,24,"Proponents of this view argue that if humanity possesses the tools to eradicate conditions like cystic fibrosis, Huntington's disease, or muscular dystrophy, there is a strong moral imperative to do so.",False,"From this perspective, preventing suffering and disease is a fundamental good, and parents should have the right to ensure their children are born healthy.",0.5842987,0.58835524,0.58039707,0.5455553,3.0294416303266187,0.8541135307174408,2.641357625885576,0.6316380848323752,B,0.8541135307174408,aligned,True
z-ai__glm-5.2__rep08,z-ai/glm-5.2,8,2,3,25,"From this perspective, preventing suffering and disease is a fundamental good, and parents should have the right to ensure their children are born healthy.",False,"For families who have watched loved ones suffer from genetic conditions, genome editing is not an abstract scientific curiosity but a tangible promise of relief.",0.7555423,0.75555474,0.71777654,0.7090113,5.058096478950464,-0.5394781554688234,5.426637849640684,1.4071990757272586,B,-0.5394781554688234,dismissed,False
z-ai__glm-5.2__rep08,z-ai/glm-5.2,8,2,4,16,"For families who have watched loved ones suffer from genetic conditions, genome editing is not an abstract scientific curiosity but a tangible promise of relief.",True,"This perspective is grounded in values of compassion, medical progress, and the alleviation of human suffering.",0.5936299,0.5493753,0.57406086,0.55874014,2.880457487180829,1.4889915765961632,2.4673364268429574,0.12254193874658097,A,2.880457487180829,aligned,True
z-ai__glm-5.2__rep08,z-ai/glm-5.2,8,3,0,18,,False,"However, the pursuit of eliminating genetic diseases is met with a powerful counter-narrative from the disability rights community.",0.6084181,0.6585319,0.6291675,0.58516777,-0.07230894891545184,2.2338136048341397,1.1257366009784164,0.6577150235787849,B,2.2338136048341397,aligned,True
z-ai__glm-5.2__rep08,z-ai/glm-5.2,8,3,1,33,"However, the pursuit of eliminating genetic diseases is met with a powerful counter-narrative from the disability rights community.",False,Many advocates within this movement express deep concern that framing certain genetic traits as errors to be edited out reflects a eugenic mindset that devalues the lives of people currently living with disabilities.,0.74571264,0.7608979,0.7429839,0.7287692,0.12766365589690393,4.578026573979877,3.501629010093749,0.18059278921748054,B,4.578026573979877,aligned,True
z-ai__glm-5.2__rep08,z-ai/glm-5.2,8,3,2,30,Many advocates within this movement express deep concern that framing certain genetic traits as errors to be edited out reflects a eugenic mindset that devalues the lives of people currently living with disabilities.,True,"This is often referred to as the expressivist objection, which suggests that editing out a condition sends a societal message that a life with that condition is not worth living.",0.62933886,0.609231,0.61635363,0.6134534,-0.144132564101601,1.4906229520228227,1.2517975730696342,-0.383722639044281,A,-0.144132564101601,reported,True
z-ai__glm-5.2__rep08,z-ai/glm-5.2,8,3,3,26,"This is often referred to as the expressivist objection, which suggests that editing out a condition sends a societal message that a life with that condition is not worth living.",False,"From this viewpoint, the focus should be on improving societal support, accessibility, and inclusion for people with disabilities, rather than attempting to eliminate the conditions themselves.",0.5720359,0.59157,0.57480985,0.54766065,-1.500068436055735,4.440275359716615,3.1058912263016096,1.6127829786587973,B,4.440275359716615,aligned,True
z-ai__glm-5.2__rep08,z-ai/glm-5.2,8,3,4,22,"From this viewpoint, the focus should be on improving societal support, accessibility, and inclusion for people with disabilities, rather than attempting to eliminate the conditions themselves.",True,"This perspective champions the values of neurodiversity, bodily variation, and the inherent dignity of all human beings regardless of their genetic makeup.",0.62437123,0.64620656,0.6259618,0.62339664,-0.3584810328140156,2.195918386779959,1.1759752868424402,0.9078573392733229,B,2.195918386779959,aligned,True
z-ai__glm-5.2__rep08,z-ai/glm-5.2,8,4,0,19,,False,Closely related to the disability rights perspective is the widespread concern regarding the slippery slope from therapy to enhancement.,0.55422056,0.5679243,0.56922865,0.5465831,-2.8756039423309265,6.569623601592029,4.041588001351337,2.014471606592415,C,4.041588001351337,aligned,True
z-ai__glm-5.2__rep08,z-ai/glm-5.2,8,4,1,18,Closely related to the disability rights perspective is the widespread concern regarding the slippery slope from therapy to enhancement.,False,"While there is broad public sympathy for curing disease, the line between treatment and enhancement is notoriously blurry.",0.64297074,0.581425,0.6158277,0.61369365,0.1750079848663882,3.6540574426273804,2.349164502815692,0.3606715045322199,A,0.1750079848663882,reported,True
z-ai__glm-5.2__rep08,z-ai/glm-5.2,8,4,2,26,"While there is broad public sympathy for curing disease, the line between treatment and enhancement is notoriously blurry.",False,"If genome editing can be used to cure a genetic immune deficiency, could it also be used to boost the immune system of a healthy child?",0.6282689,0.62737906,0.61682016,0.6153171,2.790796006141463,3.493364328480093,4.438372260295727,-0.2670845466005266,A,2.790796006141463,aligned,True
z-ai__glm-5.2__rep08,z-ai/glm-5.2,8,4,3,15,"If genome editing can be used to cure a genetic immune deficiency, could it also be used to boost the immune system of a healthy child?",False,"Could it be used to select for increased height, enhanced intelligence, or specific physical traits?",0.53361106,0.54174864,0.523088,0.5344372,0.6832271637069061,1.12288648332702,1.194606785904907,-0.3038835734524764,B,1.12288648332702,aligned,True
z-ai__glm-5.2__rep08,z-ai/glm-5.2,8,4,4,20,"Could it be used to select for increased height, enhanced intelligence, or specific physical traits?",False,"Many people fear the emergence of designer babies, where children are treated as consumer products tailored to their parents' specifications.",0.6263845,0.6419524,0.616733,0.6068218,-2.684830544076976,7.4742814451520125,5.50433192974073,-0.6207910704117969,B,7.4742814451520125,aligned,True
z-ai__glm-5.2__rep08,z-ai/glm-5.2,8,4,5,38,"Many people fear the emergence of designer babies, where children are treated as consumer products tailored to their parents' specifications.",True,"This perspective is rooted in a desire to preserve the givenness of human nature, valuing the authenticity of unscripted human life and the unconditional acceptance of children as they are, rather than as they are engineered to be.",0.61141884,0.58434355,0.60472274,0.5960274,-1.0843452745128892,8.253049912555145,6.045941493809222,3.7690422785340347,A,-1.0843452745128892,dismissed,False
z-ai__glm-5.2__rep08,z-ai/glm-5.2,8,5,0,17,,False,The prospect of genetic enhancement also brings acute concerns about social justice and equity to the forefront.,0.69391495,0.77369404,0.6788137,0.6855868,-0.9698577230164664,3.475159111437678,2.5481710822676535,0.023209146053122815,B,3.475159111437678,aligned,True
z-ai__glm-5.2__rep08,z-ai/glm-5.2,8,5,1,10,The prospect of genetic enhancement also brings acute concerns about social justice and equity to the forefront.,False,Genome editing is an incredibly complex and expensive medical procedure.,0.6253017,0.6424171,0.6388272,0.6191494,-0.08319283419899876,0.20232686802017263,-0.08491249761020303,0.06536748783692019,B,0.20232686802017263,reported,True
z-ai__glm-5.2__rep08,z-ai/glm-5.2,8,5,2,17,Genome editing is an incredibly complex and expensive medical procedure.,False,"Many citizens worry that if enhancements become possible, they will initially be accessible only to the wealthy.",0.595591,0.59766346,0.5688193,0.574112,-0.9639098829269639,1.9376894569967396,1.1302778948392367,-0.2356320506337216,B,1.9376894569967396,aligned,True
z-ai__glm-5.2__rep08,z-ai/glm-5.2,8,5,3,19,"Many citizens worry that if enhancements become possible, they will initially be accessible only to the wealthy.",True,"This could lead to a genetic divide, where socio-economic inequality is permanently entrenched in the biology of the population.",0.5920161,0.6328786,0.57894176,0.56804353,-1.0576198276437934,2.43184611545148,1.5678739568477618,-0.80769051410869,B,2.43184611545148,aligned,True
z-ai__glm-5.2__rep08,z-ai/glm-5.2,8,5,4,22,"This could lead to a genetic divide, where socio-economic inequality is permanently entrenched in the biology of the population.",False,The wealthy would not only be able to provide their children with the best education and resources but also with superior genes.,0.5167492,0.512095,0.48285574,0.4830805,-0.6633031859219775,1.5177265812296532,1.1205445981728555,-1.3423858748344357,A,-0.6633031859219775,dismissed,False
z-ai__glm-5.2__rep08,z-ai/glm-5.2,8,5,5,32,The wealthy would not only be able to provide their children with the best education and resources but also with superior genes.,True,"This perspective emphasizes the values of fairness, egalitarianism, and equal opportunity, warning that unregulated genome editing could create a biological aristocracy, fundamentally undermining the democratic ideal that all humans are created equal.",0.73869437,0.75953984,0.71263844,0.7136091,-4.625785049444529,2.793222065266745,4.715488332925888,-1.5244440770961227,B,2.793222065266745,aligned,True
z-ai__glm-5.2__rep08,z-ai/glm-5.2,8,6,0,21,,False,"Beyond the societal impacts, there are profound philosophical and religious objections rooted in the belief that humanity should not play God.",0.62709457,0.59846073,0.61130583,0.6245243,-2.374289913471439,5.904785881816061,3.5546472951496253,1.3751237703848163,A,-2.374289913471439,dismissed,False
z-ai__glm-5.2__rep08,z-ai/glm-5.2,8,6,1,20,"Beyond the societal impacts, there are profound philosophical and religious objections rooted in the belief that humanity should not play God.",False,"For many individuals and faith traditions, the human genome is sacred, an intricate masterpiece that should not be tampered with.",0.68442786,0.6808847,0.6836299,0.64326835,-0.806947731434193,1.8354027080087691,1.200720488780353,0.7342258034582486,A,-0.806947731434193,dismissed,False
z-ai__glm-5.2__rep08,z-ai/glm-5.2,8,6,2,23,"For many individuals and faith traditions, the human genome is sacred, an intricate masterpiece that should not be tampered with.",True,This viewpoint holds that humans lack the wisdom to safely redesign our own biological blueprint and that doing so exhibits a dangerous hubris.,0.6714572,0.63717794,0.68277234,0.667629,-3.84124777662626,8.024729910179158,3.221555246334173,1.684409795249812,C,3.221555246334173,aligned,True
z-ai__glm-5.2__rep08,z-ai/glm-5.2,8,6,3,21,This viewpoint holds that humans lack the wisdom to safely redesign our own biological blueprint and that doing so exhibits a dangerous hubris.,True,"It emphasizes the sanctity of life, the intrinsic value of natural biological processes, and the humility required to accept human limitations.",0.5977256,0.54374987,0.59037423,0.5820719,-0.3013198784453559,4.801721126065821,3.40515854639525,1.641190916248597,A,-0.3013198784453559,reported,True
z-ai__glm-5.2__rep08,z-ai/glm-5.2,8,6,4,26,"It emphasizes the sanctity of life, the intrinsic value of natural biological processes, and the humility required to accept human limitations.",False,"From this perspective, the risks of unintended evolutionary consequences or unforeseen health impacts down the generational line far outweigh the potential benefits of altering the germline.",0.6700202,0.6718113,0.65947735,0.66376925,-2.9968840873730365,9.08209974352387,5.280134395422648,3.2372255895601114,B,9.08209974352387,aligned,True
z-ai__glm-5.2__rep08,z-ai/glm-5.2,8,7,0,19,,False,The global and borderless nature of science introduces another layer of complexity regarding how genome editing might be regulated.,0.7028649,0.680907,0.6748776,0.6856706,-1.4171640483281223,0.4049104277203149,-0.4356855279025331,-0.8613001229635848,A,-1.4171640483281223,dismissed,False
z-ai__glm-5.2__rep08,z-ai/glm-5.2,8,7,1,25,The global and borderless nature of science introduces another layer of complexity regarding how genome editing might be regulated.,True,"There is a genuine concern about genome tourism, where individuals travel from countries with strict regulations to those with lax oversight to access these technologies.",0.6644171,0.7042555,0.6626415,0.6569547,-0.5900613243086266,4.490929590952582,2.799527581420843,-1.0089959658595034,B,4.490929590952582,aligned,True
z-ai__glm-5.2__rep08,z-ai/glm-5.2,8,7,2,7,"There is a genuine concern about genome tourism, where individuals travel from countries with strict regulations to those with lax oversight to access these technologies.",True,This creates a dilemma for national policymakers.,0.46695888,0.46636334,0.47141173,0.4611699,-0.13382446102390533,0.04250770218204707,-0.11750155157074915,-0.07008980590733699,C,-0.11750155157074915,reported,True
z-ai__glm-5.2__rep08,z-ai/glm-5.2,8,7,3,24,This creates a dilemma for national policymakers.,False,"If Australia were to implement a strict ban on certain types of editing, it might not prevent determined individuals from seeking those services abroad.",0.5349671,0.5276955,0.52173734,0.5318836,0.39640021046943735,2.988198006248714,1.9653148413168673,0.19160951608180757,A,0.39640021046943735,reported,True
z-ai__glm-5.2__rep08,z-ai/glm-5.2,8,7,4,48,"If Australia were to implement a strict ban on certain types of editing, it might not prevent determined individuals from seeking those services abroad.",True,"This perspective highlights the tension between national sovereignty and the need for international consensus, raising questions about whether Australia should aim to lead by example with robust ethical standards, or whether it should attempt to regulate the technology domestically to keep it within a transparent and controlled framework.",0.57514113,0.57898843,0.56887066,0.5673921,-0.37446938293520343,-0.010627751227584687,0.5896225303507528,-0.1688921499656862,B,-0.010627751227584687,reported,True
z-ai__glm-5.2__rep08,z-ai/glm-5.2,8,8,0,12,,False,The unpredictability of the technology itself is a major source of anxiety.,0.5071283,0.5037499,0.49728894,0.5435701,-0.24057444467209263,2.4450276971999854,1.1618618466287438,-0.7461883079459949,A,-0.24057444467209263,reported,True
z-ai__glm-5.2__rep08,z-ai/glm-5.2,8,8,1,35,The unpredictability of the technology itself is a major source of anxiety.,False,"Science is rarely perfect, and early applications of genome editing have shown the potential for off-target effects, where the editing tool alters unintended parts of the genome, potentially causing new diseases or disrupting healthy genes.",0.720068,0.7086024,0.6837231,0.69147384,-0.1042525589524303,0.5576870557735671,0.3268867590758601,0.06192240221396792,A,-0.1042525589524303,reported,True
z-ai__glm-5.2__rep08,z-ai/glm-5.2,8,8,2,18,"Science is rarely perfect, and early applications of genome editing have shown the potential for off-target effects, where the editing tool alters unintended parts of the genome, potentially causing new diseases or disrupting healthy genes.",False,"When dealing with somatic editing, these risks are confined to the patient who has consented to the treatment.",0.610839,0.58293414,0.6011887,0.5870959,0.024887967397808165,3.932271971780866,2.719660870059451,-0.00829264605446938,A,0.024887967397808165,reported,True
z-ai__glm-5.2__rep08,z-ai/glm-5.2,8,8,3,15,"When dealing with somatic editing, these risks are confined to the patient who has consented to the treatment.",False,"But with germline editing, a mistake is permanent and is passed down through the generations.",0.65603286,0.6877588,0.67435175,0.6483801,-3.09231136553688,0.18789676539105143,-0.14053355797834266,-2.3479116925143177,B,0.18789676539105143,reported,True
z-ai__glm-5.2__rep08,z-ai/glm-5.2,8,8,4,43,"But with germline editing, a mistake is permanent and is passed down through the generations.",False,"Many argue that the precautionary principle must be heavily applied here, suggesting that the burden of proof should be on those wishing to proceed, and that humanity should not gamble with the genetic heritage of future generations until the technology is virtually flawless.",0.6898097,0.657001,0.7043759,0.6670874,-2.2468624917982374,3.1095616895884453,0.2691980135643099,-0.9034075105832021,C,0.2691980135643099,reported,True
z-ai__glm-5.2__rep08,z-ai/glm-5.2,8,9,0,21,,False,"As you sit together in this citizens' assembly, you are being asked to weigh these deeply held, and often conflicting, values.",0.5339124,0.5359786,0.5043366,0.51043236,-0.9333801535260868,-0.23935570880566956,1.414345165877021,-0.7780311803522635,B,-0.23935570880566956,reported,True
z-ai__glm-5.2__rep08,z-ai/glm-5.2,8,9,1,19,"As you sit together in this citizens' assembly, you are being asked to weigh these deeply held, and often conflicting, values.",False,You must decide how to balance the hope of eradicating terrible diseases against the fear of devaluing the disabled.,0.5678981,0.5313884,0.58538324,0.5425567,-0.9030645779753108,1.0172522206278516,3.2059180309379007,-1.9645028309558985,C,3.2059180309379007,aligned,True
z-ai__glm-5.2__rep08,z-ai/glm-5.2,8,9,2,25,You must decide how to balance the hope of eradicating terrible diseases against the fear of devaluing the disabled.,False,You must consider how to prevent the nightmare of genetic inequality while navigating the philosophical questions of human nature and the limits of scientific intervention.,0.67333615,0.7007451,0.689406,0.6825491,-0.595051711532287,1.2510539294825869,1.9984956569853234,-1.0942342547053705,B,1.2510539294825869,aligned,True
z-ai__glm-5.2__rep08,z-ai/glm-5.2,8,9,3,16,You must consider how to prevent the nightmare of genetic inequality while navigating the philosophical questions of human nature and the limits of scientific intervention.,True,There are no purely objective or scientific answers to these questions; they require collective moral judgment.,0.6201494,0.57721233,0.6069721,0.60792947,-0.23376875900867164,0.2178180820978014,-0.333228345148964,0.05050932052894491,A,-0.23376875900867164,reported,True
z-ai__glm-5.2__rep08,z-ai/glm-5.2,8,9,4,42,There are no purely objective or scientific answers to these questions; they require collective moral judgment.,False,"Your task is to reflect the diverse values of the Australian public, finding a path that either prohibits, permits, or carefully regulates this technology in a way that maximizes its benefits for human flourishing while protecting society from its most profound risks.",0.6085119,0.61281514,0.59402853,0.59515244,-0.787998567785835,-0.4050046019037108,1.038414479176208,-0.7218033515358548,B,-0.4050046019037108,reported,True
z-ai__glm-5.2__rep09,z-ai/glm-5.2,9,0,0,25,,False,"The rapid advancement of biotechnology has brought humanity to a profound threshold, placing tools in our hands that were once the exclusive domain of nature.",0.59318286,0.5777815,0.57156295,0.5648057,0.1426367954727903,0.06967621345480439,0.1348538127746724,-0.009768402972404142,A,0.1426367954727903,reported,True
z-ai__glm-5.2__rep09,z-ai/glm-5.2,9,0,1,38,"The rapid advancement of biotechnology has brought humanity to a profound threshold, placing tools in our hands that were once the exclusive domain of nature.",False,"As members of this citizens' assembly, you are being asked to deliberate on one of the most consequential scientific and ethical questions of our time: whether and how human genome editing should be permitted and regulated in Australia.",0.73495626,0.74203795,0.70200956,0.6885123,-2.57718278966946,-0.28803017216581794,0.7438363622471663,-2.3514258140733726,B,-0.28803017216581794,reported,True
z-ai__glm-5.2__rep09,z-ai/glm-5.2,9,0,2,24,"As members of this citizens' assembly, you are being asked to deliberate on one of the most consequential scientific and ethical questions of our time: whether and how human genome editing should be permitted and regulated in Australia.",False,"To assist you in your deliberations, this report maps the diverse landscape of perspectives, arguments, values, hopes, and concerns that surround this complex issue.",0.6080236,0.59852093,0.5950872,0.6016972,-0.1575910855700204,-0.03614585665462073,0.05422313228322309,0.0410054790347931,A,-0.1575910855700204,reported,True
z-ai__glm-5.2__rep09,z-ai/glm-5.2,9,0,3,35,"To assist you in your deliberations, this report maps the diverse landscape of perspectives, arguments, values, hopes, and concerns that surround this complex issue.",True,"It is not designed to steer you toward a particular conclusion, but rather to lay out the wide array of societal views so that your discussions can be as informed, empathetic, and comprehensive as possible.",0.6392139,0.6235837,0.61341023,0.6237096,-0.026470643777574854,0.15347148870932867,0.12400937038095436,0.18755060209776275,A,-0.026470643777574854,reported,True
z-ai__glm-5.2__rep09,z-ai/glm-5.2,9,1,0,24,,False,"At the heart of this debate is a scientific breakthrough that acts like molecular scissors, allowing scientists to alter DNA sequences with unprecedented precision.",0.668172,0.63105935,0.62270844,0.63813335,0.0404710718244315,0.24112650224327808,-0.11393595651883522,0.026736502875282876,A,0.0404710718244315,reported,True
z-ai__glm-5.2__rep09,z-ai/glm-5.2,9,1,1,17,"At the heart of this debate is a scientific breakthrough that acts like molecular scissors, allowing scientists to alter DNA sequences with unprecedented precision.",False,"The applications of this technology fall into two distinct categories, vital for understanding the differing ethical stances.",0.60379523,0.6111865,0.5903111,0.61962754,-0.08214711140492,-0.004693011972703942,-0.07399193444085542,-0.03091848188865696,B,-0.004693011972703942,reported,True
z-ai__glm-5.2__rep09,z-ai/glm-5.2,9,1,2,23,"The applications of this technology fall into two distinct categories, vital for understanding the differing ethical stances.",False,"The first is somatic editing, which modifies the genes of existing patients to treat disease, with changes not passed on to their children.",0.6372702,0.6640526,0.6438117,0.6205629,0.9997671591406105,2.6240514162511683,3.213947451119602,-1.2588473526286543,B,2.6240514162511683,aligned,True
z-ai__glm-5.2__rep09,z-ai/glm-5.2,9,1,3,24,"The first is somatic editing, which modifies the genes of existing patients to treat disease, with changes not passed on to their children.",False,"The second is germline editing, which alters the DNA of embryos, sperm, or eggs, meaning the modifications will be inherited by all future generations.",0.63800865,0.65168536,0.6317742,0.6225369,-1.0208385574888965,0.27593323197303143,0.13140493628685362,-1.3917587522280512,B,0.27593323197303143,reported,True
z-ai__glm-5.2__rep09,z-ai/glm-5.2,9,1,4,27,"The second is germline editing, which alters the DNA of embryos, sperm, or eggs, meaning the modifications will be inherited by all future generations.",False,"While somatic editing is widely viewed as an extension of traditional gene therapy, germline editing raises deeper ethical alarms because it permanently alters the human gene pool.",0.74327266,0.7770686,0.7411971,0.7381715,-2.943287593656569,3.7247975912661073,2.602417651943979,-2.7418546781007898,B,3.7247975912661073,aligned,True
z-ai__glm-5.2__rep09,z-ai/glm-5.2,9,2,0,23,,False,"For many, the most compelling argument in favor of genome editing is rooted in compassion and the deep desire to alleviate human suffering.",0.78354037,0.7492515,0.7391015,0.7327647,1.8806412139034367,0.8367777942484828,3.0672721163686947,-0.9515662305252043,A,1.8806412139034367,aligned,True
z-ai__glm-5.2__rep09,z-ai/glm-5.2,9,2,1,29,"For many, the most compelling argument in favor of genome editing is rooted in compassion and the deep desire to alleviate human suffering.",False,"Proponents argue that we have a moral imperative to use this technology to cure devastating hereditary diseases, such as Huntington’s disease, cystic fibrosis, sickle cell anemia, and muscular dystrophy.",0.6503001,0.6431565,0.6539264,0.61815953,3.3160800548270353,0.8184104302898049,2.6390177572728133,0.43704345135891337,C,2.6390177572728133,aligned,True
z-ai__glm-5.2__rep09,z-ai/glm-5.2,9,2,2,27,"Proponents argue that we have a moral imperative to use this technology to cure devastating hereditary diseases, such as Huntington’s disease, cystic fibrosis, sickle cell anemia, and muscular dystrophy.",False,"From this perspective, failing to use a safe and effective tool to prevent a child from being born with a painful, life-shortening condition is itself ethically questionable.",0.57796633,0.61412,0.6035092,0.58101743,4.028809390722309,2.51041967115365,3.125268347499949,1.2995339698370665,B,2.51041967115365,aligned,True
z-ai__glm-5.2__rep09,z-ai/glm-5.2,9,2,3,42,"From this perspective, failing to use a safe and effective tool to prevent a child from being born with a painful, life-shortening condition is itself ethically questionable.",False,"The hope here is a future where families are freed from the burden of genetic diseases, where the first months of a child's life are not spent in a hospital, and where the emotional and financial toll of chronic illness is reduced.",0.62646043,0.6124262,0.6081911,0.57543564,6.262921111378239,0.44824476216017517,5.041626155794657,3.7399463556977572,A,6.262921111378239,aligned,True
z-ai__glm-5.2__rep09,z-ai/glm-5.2,9,3,0,22,,False,"However, even among those who champion the medical benefits of genome editing, a significant boundary is often drawn between therapy and enhancement.",0.7469341,0.71962446,0.7102566,0.7147502,0.8825177183357297,3.1371538627459064,2.993198367600271,0.027128154240490497,A,0.8825177183357297,aligned,True
z-ai__glm-5.2__rep09,z-ai/glm-5.2,9,3,1,19,"However, even among those who champion the medical benefits of genome editing, a significant boundary is often drawn between therapy and enhancement.",False,"Therapeutic editing aims to restore a person to a baseline of normal health, correcting genetic anomalies that cause illness.",0.6445257,0.6443388,0.6147611,0.6082512,4.096964593739249,3.9794555228835096,4.714772947727468,-0.7645211087825009,A,4.096964593739249,aligned,True
z-ai__glm-5.2__rep09,z-ai/glm-5.2,9,3,2,23,"Therapeutic editing aims to restore a person to a baseline of normal health, correcting genetic anomalies that cause illness.",False,"Enhancement, on the other hand, seeks to improve upon normal human traits, such as increasing intelligence, altering physical appearance, or boosting athletic ability.",0.54974353,0.4874047,0.49784297,0.5302898,0.19715218469034884,0.8701124779829112,0.6749689162171855,0.46576927715490435,A,0.19715218469034884,reported,True
z-ai__glm-5.2__rep09,z-ai/glm-5.2,9,3,3,22,"Enhancement, on the other hand, seeks to improve upon normal human traits, such as increasing intelligence, altering physical appearance, or boosting athletic ability.",False,"Many express deep unease about crossing this line, fearing a world of designer babies where children are engineered to meet parental specifications.",0.6146822,0.62558305,0.61109495,0.60512227,-4.201610643870955,9.515699154365725,6.259685591580202,-0.08062261075989248,B,9.515699154365725,aligned,True
z-ai__glm-5.2__rep09,z-ai/glm-5.2,9,3,4,30,"Many express deep unease about crossing this line, fearing a world of designer babies where children are engineered to meet parental specifications.",True,"This concern is tied to the value of unconditional love and acceptance, suggesting that children should be welcomed for who they are, rather than treated as products to be optimized.",0.5859614,0.5908655,0.5725682,0.5711704,-0.8507037482713348,6.869448415288934,5.117846044923064,2.356668757884181,B,6.869448415288934,aligned,True
z-ai__glm-5.2__rep09,z-ai/glm-5.2,9,4,0,13,,False,Safety and the precautionary principle form another major pillar of the public's concerns.,0.5733903,0.52749854,0.535924,0.5458471,0.4345501568797046,2.154470346569433,2.3947487196332085,-2.71908319885173,A,0.4345501568797046,reported,True
z-ai__glm-5.2__rep09,z-ai/glm-5.2,9,4,1,30,Safety and the precautionary principle form another major pillar of the public's concerns.,False,"Despite the precision of modern gene-editing tools, scientists acknowledge the risk of off-target effects, where unintended parts of the genome are accidentally altered, potentially causing new diseases or triggering cancer.",0.6907497,0.6861333,0.66654754,0.68696976,-0.1774919331225101,0.11633528139442208,0.15261507806921146,-0.38421427408844466,A,-0.1774919331225101,reported,True
z-ai__glm-5.2__rep09,z-ai/glm-5.2,9,4,2,26,"Despite the precision of modern gene-editing tools, scientists acknowledge the risk of off-target effects, where unintended parts of the genome are accidentally altered, potentially causing new diseases or triggering cancer.",False,"When it comes to germline editing, these risks are magnified because any errors will be passed down through generations, becoming a permanent part of human evolution.",0.694466,0.7051176,0.6853776,0.6809496,-2.848185621027369,2.833932508977597,1.083611165549665,-3.523531712135591,B,2.833932508977597,aligned,True
z-ai__glm-5.2__rep09,z-ai/glm-5.2,9,4,3,28,"When it comes to germline editing, these risks are magnified because any errors will be passed down through generations, becoming a permanent part of human evolution.",False,"Many argue that the long-term consequences of altering the human genome are simply too unpredictable, and that humanity lacks the wisdom to safely engineer its own biological future.",0.75405514,0.7284423,0.7463659,0.73586357,-1.7039944728778211,1.416210558486055,0.126305760445539,-1.3793999360827727,A,-1.7039944728778211,dismissed,False
z-ai__glm-5.2__rep09,z-ai/glm-5.2,9,4,4,17,"Many argue that the long-term consequences of altering the human genome are simply too unpredictable, and that humanity lacks the wisdom to safely engineer its own biological future.",True,"This perspective emphasizes humility and urges caution, suggesting that our scientific capabilities have outpaced our ethical maturity.",0.67511606,0.6144835,0.6412848,0.66455764,0.02345417654549251,2.459875152528985,2.114310781015665,0.26065572594176045,A,0.02345417654549251,reported,True
z-ai__glm-5.2__rep09,z-ai/glm-5.2,9,5,0,16,,False,Closely linked to the fear of enhancement is a profound concern about social justice and equity.,0.5849557,0.6227835,0.54380405,0.5762473,-2.8291823986032982,9.641610182717558,9.663744197749764,3.1860259147442416,B,9.641610182717558,aligned,True
z-ai__glm-5.2__rep09,z-ai/glm-5.2,9,5,1,21,Closely linked to the fear of enhancement is a profound concern about social justice and equity.,False,"In a world where healthcare is unevenly distributed, there is a legitimate fear that genome editing could create a biological divide.",0.75533193,0.7977962,0.74913484,0.730308,0.5613004996668313,5.502919718724445,3.847264452808303,-0.9919355849630668,B,5.502919718724445,aligned,True
z-ai__glm-5.2__rep09,z-ai/glm-5.2,9,5,2,31,"In a world where healthcare is unevenly distributed, there is a legitimate fear that genome editing could create a biological divide.",False,"If only the wealthy can afford to edit their children’s genes to prevent disease or enhance their traits, existing social inequalities could become entrenched in our biology, creating a genetic underclass.",0.6795906,0.73289424,0.6544728,0.65716916,-2.1806398097466437,6.474909304947941,5.193361432671955,-5.473493694020725,B,6.474909304947941,aligned,True
z-ai__glm-5.2__rep09,z-ai/glm-5.2,9,5,3,24,"If only the wealthy can afford to edit their children’s genes to prevent disease or enhance their traits, existing social inequalities could become entrenched in our biology, creating a genetic underclass.",False,"In the Australian context, where universal healthcare is a cherished value, citizens worry about how such expensive treatments would fit into the Medicare system.",0.52155805,0.5115571,0.51720154,0.5202413,-0.1733316493674647,0.27115565479733045,0.1172000966203632,-0.011062068627798002,A,-0.1733316493674647,reported,True
z-ai__glm-5.2__rep09,z-ai/glm-5.2,9,5,4,18,"In the Australian context, where universal healthcare is a cherished value, citizens worry about how such expensive treatments would fit into the Medicare system.",False,"Would the wealthy buy superior health and traits, while those relying on public health systems are left behind?",0.5533838,0.527773,0.5320614,0.52402645,-0.8443000762723385,5.263600716606015,3.1380858999461636,-1.5824300347757527,A,-0.8443000762723385,dismissed,False
z-ai__glm-5.2__rep09,z-ai/glm-5.2,9,5,5,16,"Would the wealthy buy superior health and traits, while those relying on public health systems are left behind?",True,"This perspective demands that the regulation of genome editing consider issues of access, affordability, and fairness.",0.7316185,0.78851473,0.721338,0.70508677,-1.5443761936668305,0.1904513308283641,1.5983999381089242,-2.0659348208119632,B,0.1904513308283641,reported,True
z-ai__glm-5.2__rep09,z-ai/glm-5.2,9,6,0,17,,True,"There is also a historical and cultural sensitivity that colors the debate, particularly the shadow of eugenics.",0.61410755,0.61393344,0.62950796,0.58533275,-0.2877740229395567,4.523751894824964,2.0593277478677923,0.8370459572543039,C,2.0593277478677923,aligned,True
z-ai__glm-5.2__rep09,z-ai/glm-5.2,9,6,1,29,"There is also a historical and cultural sensitivity that colors the debate, particularly the shadow of eugenics.",False,The idea of selecting for desirable traits and editing out undesirable ones evokes memories of dark chapters in human history where governments attempted to improve populations through coercive means.,0.59947026,0.59811324,0.5828133,0.57030743,-3.0631048216932677,10.13327814466116,8.008533342928567,3.390853578241367,A,-3.0631048216932677,dismissed,False
z-ai__glm-5.2__rep09,z-ai/glm-5.2,9,6,2,19,The idea of selecting for desirable traits and editing out undesirable ones evokes memories of dark chapters in human history where governments attempted to improve populations through coercive means.,False,"Disability advocates, in particular, raise important concerns about the message that gene editing sends to people living with disabilities.",0.7067826,0.7662843,0.7295994,0.7015239,-0.10825512342213185,0.6901553986576621,0.5107261084651692,0.014036699907737775,B,0.6901553986576621,aligned,True
z-ai__glm-5.2__rep09,z-ai/glm-5.2,9,6,3,27,"Disability advocates, in particular, raise important concerns about the message that gene editing sends to people living with disabilities.",False,"If society views certain genetic conditions as something to be edited out of existence, does that implicitly devalue the lives of people currently living with those conditions?",0.6879102,0.7369403,0.70773494,0.6802696,-1.5391432871413417,3.9813190266391025,2.411412876122049,-0.6949012870207661,B,3.9813190266391025,aligned,True
z-ai__glm-5.2__rep09,z-ai/glm-5.2,9,6,4,25,"If society views certain genetic conditions as something to be edited out of existence, does that implicitly devalue the lives of people currently living with those conditions?",True,This perspective asks us to balance the desire to cure disease with a deep respect for neurodiversity and the inherent dignity of all human beings.,0.60221714,0.59166956,0.61762124,0.59407365,-0.009471455404127437,2.288673722272507,1.2053145192796368,0.5738520382423307,C,1.2053145192796368,aligned,True
z-ai__glm-5.2__rep09,z-ai/glm-5.2,9,7,0,17,,False,"Beyond secular and pragmatic arguments, the genome editing debate also touches upon fundamental philosophical and religious values.",0.76779556,0.76094574,0.7459928,0.76671654,-0.18396923533058723,0.3571245515524059,-0.15516071783073135,0.13784490881851524,A,-0.18396923533058723,reported,True
z-ai__glm-5.2__rep09,z-ai/glm-5.2,9,7,1,24,"Beyond secular and pragmatic arguments, the genome editing debate also touches upon fundamental philosophical and religious values.",False,"For some, altering the human genome represents an unacceptable overreach, a modern form of playing God that violates the sanctity of the natural order.",0.71758103,0.71202964,0.71970487,0.6910668,-5.312727572651928,1.2520359280639968,2.6457480704235783,0.007062136840686444,C,2.6457480704235783,aligned,True
z-ai__glm-5.2__rep09,z-ai/glm-5.2,9,7,2,18,"For some, altering the human genome represents an unacceptable overreach, a modern form of playing God that violates the sanctity of the natural order.",True,This view holds that human life has an intrinsic value that should not be subjected to technological manipulation.,0.6178896,0.606072,0.6372349,0.62457764,-1.508930756876944,9.07946844153601,5.8875291176352755,4.473630877759716,C,5.8875291176352755,aligned,True
z-ai__glm-5.2__rep09,z-ai/glm-5.2,9,7,3,33,This view holds that human life has an intrinsic value that should not be subjected to technological manipulation.,False,"Conversely, others argue that humans have always altered their environment and themselves to survive and flourish, and that using our intellect to cure genetic disease is simply the next step in human evolution.",0.6815136,0.6377988,0.6833139,0.65777296,1.953571469940071,0.10264310200727783,0.499703151457943,-0.21218405416322647,C,0.499703151457943,reported,True
z-ai__glm-5.2__rep09,z-ai/glm-5.2,9,7,4,23,"Conversely, others argue that humans have always altered their environment and themselves to survive and flourish, and that using our intellect to cure genetic disease is simply the next step in human evolution.",True,This viewpoint frames scientific progress as a noble expression of human ingenuity and a moral duty to ease the burdens of mortal life.,0.6554427,0.5537191,0.620167,0.61759263,4.806346983134283,1.0493169532064353,2.6421899282134835,1.5408055999071808,A,4.806346983134283,aligned,True
z-ai__glm-5.2__rep09,z-ai/glm-5.2,9,8,0,12,,False,"Finally, there is the challenge of the global context and regulatory enforcement.",0.4588865,0.4509406,0.45262074,0.4536604,-0.9017294250079431,1.1054201297552209,0.23439939353760547,-1.4911908360992676,A,-0.9017294250079431,dismissed,False
z-ai__glm-5.2__rep09,z-ai/glm-5.2,9,8,1,24,"Finally, there is the challenge of the global context and regulatory enforcement.",False,"Australia does not exist in a vacuum, and decisions made here will be influenced by, and have implications for, the rest of the world.",0.4826612,0.47929463,0.47668928,0.46304464,-0.21100587078457458,-0.022382726949581423,-0.056312240477855074,-0.10502763029027845,A,-0.21100587078457458,reported,True
z-ai__glm-5.2__rep09,z-ai/glm-5.2,9,8,2,15,"Australia does not exist in a vacuum, and decisions made here will be influenced by, and have implications for, the rest of the world.",False,"Some countries have banned human germline editing outright, while others have more permissive research environments.",0.6578598,0.64588386,0.6632138,0.6345428,-2.029833155326487,1.526085822553286,0.8258369597674754,-1.6649342156747298,C,0.8258369597674754,aligned,True
z-ai__glm-5.2__rep09,z-ai/glm-5.2,9,8,3,31,"Some countries have banned human germline editing outright, while others have more permissive research environments.",True,"There is a concern that if Australia bans genome editing, researchers and patients will simply travel to more permissive jurisdictions, leading to medical tourism and a brain drain of scientific talent.",0.68742937,0.6848788,0.6689177,0.6537422,-0.15379012451448945,1.6766469665028851,1.2056987225633928,-0.715012191066926,A,-0.15379012451448945,reported,True
z-ai__glm-5.2__rep09,z-ai/glm-5.2,9,8,4,18,"There is a concern that if Australia bans genome editing, researchers and patients will simply travel to more permissive jurisdictions, leading to medical tourism and a brain drain of scientific talent.",False,"Conversely, if Australia is too permissive, it risks becoming a haven for unregulated and potentially dangerous genetic experimentation.",0.6132669,0.5924977,0.60102034,0.59581834,0.09679648873483522,2.9322210516509966,1.926993932533951,-0.02551789900142459,A,0.09679648873483522,reported,True
z-ai__glm-5.2__rep09,z-ai/glm-5.2,9,8,5,21,"Conversely, if Australia is too permissive, it risks becoming a haven for unregulated and potentially dangerous genetic experimentation.",True,"This global dynamic means that domestic regulation must consider international treaties, the need for cross-border scientific collaboration, and enforcing Australian standards.",0.517096,0.467349,0.46872154,0.4849739,-0.17124950835772315,-0.051983333411044434,0.44496248053997967,-1.165160285077,A,-0.17124950835772315,reported,True
z-ai__glm-5.2__rep09,z-ai/glm-5.2,9,9,0,27,,False,"As you prepare to begin your deliberations, it is important to recognize that these perspectives do not exist in isolation; they overlap, conflict, and challenge one another.",0.584886,0.5670626,0.5796604,0.5881884,-0.06150430623849387,0.022847570412995996,0.03833673079163417,0.016823500831524136,A,-0.06150430623849387,reported,True
z-ai__glm-5.2__rep09,z-ai/glm-5.2,9,9,1,21,"As you prepare to begin your deliberations, it is important to recognize that these perspectives do not exist in isolation; they overlap, conflict, and challenge one another.",False,You will be asked to weigh the profound hope of curing disease against the risks of unintended consequences and social division.,0.65365195,0.60032046,0.6192129,0.6237934,0.035283513464964965,0.3901680796977597,0.7216131887785742,-0.19375832916266517,A,0.035283513464964965,reported,True
z-ai__glm-5.2__rep09,z-ai/glm-5.2,9,9,2,25,You will be asked to weigh the profound hope of curing disease against the risks of unintended consequences and social division.,False,You will need to consider the rights of parents to protect their future children against the rights of future generations to an unmanipulated genetic heritage.,0.6071388,0.66585964,0.632134,0.5753795,-2.169625347534603,2.63351900423324,-0.5936766449172866,-2.168407657108182,B,2.63351900423324,aligned,True
z-ai__glm-5.2__rep09,z-ai/glm-5.2,9,9,3,11,You will need to consider the rights of parents to protect their future children against the rights of future generations to an unmanipulated genetic heritage.,True,There are no simple answers or easy compromises in this debate.,0.54449826,0.53275114,0.5633739,0.56476057,-0.13041331968794106,0.10907138492329976,-0.12875830569624666,0.02098325920174829,C,-0.12875830569624666,reported,True
z-ai__glm-5.2__rep09,z-ai/glm-5.2,9,9,4,40,There are no simple answers or easy compromises in this debate.,False,"By engaging with this landscape of views, bringing your own values and experiences into the room, and listening to your peers, you will help shape a path forward for Australia that reflects the collective wisdom and conscience of our society.",0.56624824,0.5622286,0.5303753,0.53039217,0.8880347661947599,0.14447361398692013,1.240536892685632,-0.3896711031356244,A,0.8880347661947599,aligned,True
z-ai__glm-5.2__rep10,z-ai/glm-5.2,10,0,0,5,,False,Welcome to the citizens' assembly.,0.5113147,0.49032152,0.4763731,0.47253507,-0.9270921379746867,-0.12056050902465354,1.5683242420293388,-0.42144687279011117,A,-0.9270921379746867,dismissed,False
z-ai__glm-5.2__rep10,z-ai/glm-5.2,10,0,1,31,Welcome to the citizens' assembly.,False,"As you prepare to deliberate on the future of human genome editing in Australia, this report aims to provide a map of the diverse and deeply felt perspectives surrounding this technology.",0.75175923,0.76496744,0.7340562,0.71961397,-0.2586069506779312,0.09680652991475654,0.29663151679575084,-0.2814223573131312,B,0.09680652991475654,reported,True
z-ai__glm-5.2__rep10,z-ai/glm-5.2,10,0,2,18,"As you prepare to deliberate on the future of human genome editing in Australia, this report aims to provide a map of the diverse and deeply felt perspectives surrounding this technology.",False,"Human genome editing, particularly using tools like CRISPR, allows scientists to alter the very blueprint of human life.",0.7062858,0.69175607,0.68224776,0.6652513,-1.9318332613850364,1.6431313494860662,0.862216790130624,-1.1477247228866327,A,-1.9318332613850364,dismissed,False
z-ai__glm-5.2__rep10,z-ai/glm-5.2,10,0,3,21,"Human genome editing, particularly using tools like CRISPR, allows scientists to alter the very blueprint of human life.",True,"It carries immense promise and profound risk, sparking a global conversation about who we are and who we want to become.",0.60509235,0.60266924,0.56979805,0.5933077,-0.4425956242860411,0.8752114369327315,-1.0404804838050037,0.19275356332975216,A,-0.4425956242860411,reported,True
z-ai__glm-5.2__rep10,z-ai/glm-5.2,10,0,4,24,"It carries immense promise and profound risk, sparking a global conversation about who we are and who we want to become.",False,"Before you begin your deliberations, it is helpful to understand the landscape of arguments, values, hopes, and concerns that people bring to this issue.",0.59349173,0.5788521,0.5807168,0.5860622,-0.19843325216672383,0.00045359250972977944,0.15538813994702652,-0.014189720313588611,A,-0.19843325216672383,reported,True
z-ai__glm-5.2__rep10,z-ai/glm-5.2,10,0,5,29,"Before you begin your deliberations, it is helpful to understand the landscape of arguments, values, hopes, and concerns that people bring to this issue.",True,"This is not a simple binary of proponent versus opponent; rather, it is a complex tapestry of competing ethical commitments, practical worries, and visions for the future of humanity.",0.66632676,0.63752735,0.6584137,0.6563494,-0.17395097145257754,0.23472956322191746,-0.36574460600008013,0.11286736070702313,A,-0.17395097145257754,reported,True
z-ai__glm-5.2__rep10,z-ai/glm-5.2,10,1,0,19,,False,"For many, the most compelling argument in favor of genome editing is the deeply human desire to alleviate suffering.",0.7823011,0.7375457,0.7308795,0.7357221,2.461723218333208,1.3855315417272505,3.565653691623593,-0.04250807540520325,A,2.461723218333208,aligned,True
z-ai__glm-5.2__rep10,z-ai/glm-5.2,10,1,1,20,"For many, the most compelling argument in favor of genome editing is the deeply human desire to alleviate suffering.",False,"Proponents point to the devastating impact of severe genetic diseases, such as Huntington’s disease, cystic fibrosis, and sickle cell anemia.",0.60261166,0.5912212,0.5994638,0.57687914,2.181776034681825,0.9459123444312718,1.7925022424903,1.1699559837934792,A,2.181776034681825,aligned,True
z-ai__glm-5.2__rep10,z-ai/glm-5.2,10,1,2,20,"Proponents point to the devastating impact of severe genetic diseases, such as Huntington’s disease, cystic fibrosis, and sickle cell anemia.",False,"Families affected by these conditions often view genome editing not as a scientific curiosity, but as a beacon of hope.",0.8033943,0.7708633,0.7544799,0.75631475,3.036485543466989,0.8037171446703724,3.028175564842823,-0.6192458592445476,A,3.036485543466989,aligned,True
z-ai__glm-5.2__rep10,z-ai/glm-5.2,10,1,3,38,"Families affected by these conditions often view genome editing not as a scientific curiosity, but as a beacon of hope.",False,"In this light, the technology is seen as a moral imperative: if we have the power to prevent a child from enduring a life of pain or a premature death, we arguably have a duty to use it.",0.5671215,0.5967541,0.58699596,0.5662998,3.766797764925867,1.2366291962985998,2.5720636680003373,0.10692731843999385,B,1.2366291962985998,aligned,True
z-ai__glm-5.2__rep10,z-ai/glm-5.2,10,1,4,33,"In this light, the technology is seen as a moral imperative: if we have the power to prevent a child from enduring a life of pain or a premature death, we arguably have a duty to use it.",True,"This perspective often draws a distinction between somatic editing, which only affects the individual being treated, and germline editing, which alters sperm, eggs, or embryos and therefore passes changes on to future generations.",0.7021651,0.70363927,0.69266576,0.6848494,0.017833920334814977,0.03771782533382068,0.7323108064045664,-0.7125147732716868,B,0.03771782533382068,reported,True
z-ai__glm-5.2__rep10,z-ai/glm-5.2,10,1,5,33,"This perspective often draws a distinction between somatic editing, which only affects the individual being treated, and germline editing, which alters sperm, eggs, or embryos and therefore passes changes on to future generations.",False,"While somatic editing is generally viewed similarly to traditional medical treatments, germline editing is where the ethical debates truly intensify, as it offers the permanent eradication of a disease from a family’s bloodline.",0.72869647,0.7451433,0.71764344,0.7184428,-2.441498845845927,2.8911554902614442,1.7756879875429148,-1.9587217114018858,B,2.8911554902614442,aligned,True
z-ai__glm-5.2__rep10,z-ai/glm-5.2,10,2,0,15,,False,"Despite these hopes, significant concerns about safety and scientific uncertainty temper the enthusiasm of many.",0.6865373,0.5804581,0.62539214,0.6643726,0.19183099790883715,0.9036682433815438,0.4666148585596237,-0.13452726322633682,A,0.19183099790883715,reported,True
z-ai__glm-5.2__rep10,z-ai/glm-5.2,10,2,1,19,"Despite these hopes, significant concerns about safety and scientific uncertainty temper the enthusiasm of many.",False,"The human genome is an incredibly complex ecosystem, and making precise edits without unintended consequences remains a technical challenge.",0.6727382,0.6856093,0.6792768,0.6615598,-0.13496440917428118,0.459678033462551,0.17613867473584824,0.08040993838600115,B,0.459678033462551,reported,True
z-ai__glm-5.2__rep10,z-ai/glm-5.2,10,2,2,19,"The human genome is an incredibly complex ecosystem, and making precise edits without unintended consequences remains a technical challenge.",False,"Critics and cautious scientists worry about off-target effects, where editing machinery mistakenly alters healthy genes, potentially causing new diseases.",0.73110133,0.71330285,0.71524936,0.7142404,0.41384213888668475,2.590532144501922,1.5896419121511285,0.18034618709934883,A,0.41384213888668475,reported,True
z-ai__glm-5.2__rep10,z-ai/glm-5.2,10,2,3,29,"Critics and cautious scientists worry about off-target effects, where editing machinery mistakenly alters healthy genes, potentially causing new diseases.",False,"When it comes to germline editing, these risks are magnified because any mistakes are passed down to future generations, effectively using unborn children as subjects in an irreversible experiment.",0.70076144,0.7149308,0.68609744,0.6940487,-5.394186777679132,4.181780842573497,2.7639743490025284,-3.0674398217143617,B,4.181780842573497,aligned,True
z-ai__glm-5.2__rep10,z-ai/glm-5.2,10,2,4,37,"When it comes to germline editing, these risks are magnified because any mistakes are passed down to future generations, effectively using unborn children as subjects in an irreversible experiment.",True,"This leads many to invoke the precautionary principle, arguing that we should not proceed with clinical applications until we are absolutely certain of the long-term generational impacts, a standard of certainty that may be impossible to reach.",0.63374335,0.5765508,0.62497705,0.6160063,-1.7082940647169016,3.2950676239695174,-0.018360360230436284,-1.1342847506114053,A,-1.7082940647169016,dismissed,False
z-ai__glm-5.2__rep10,z-ai/glm-5.2,10,3,0,15,,False,"Beyond safety, one of the most contentious battlegrounds is the line between therapy and enhancement.",0.61925197,0.5732715,0.5927514,0.59599745,-0.5956721840647513,3.1295647871639813,1.8698447375913383,0.6150491014015278,A,-0.5956721840647513,dismissed,False
z-ai__glm-5.2__rep10,z-ai/glm-5.2,10,3,1,25,"Beyond safety, one of the most contentious battlegrounds is the line between therapy and enhancement.",False,"While there is broad consensus that curing a disease is desirable, the prospect of using genome editing to enhance normal human traits provokes widespread anxiety.",0.794776,0.77170354,0.76893157,0.7647116,2.3915409384397215,5.954174370475374,6.003175765974299,0.7079799333297706,A,2.3915409384397215,aligned,True
z-ai__glm-5.2__rep10,z-ai/glm-5.2,10,3,2,23,"While there is broad consensus that curing a disease is desirable, the prospect of using genome editing to enhance normal human traits provokes widespread anxiety.",False,"If we can edit genes to cure a disorder, could we also edit them to increase intelligence, enhance physical strength, or alter appearance?",0.64306015,0.65586734,0.6375333,0.6428248,-0.3493086837563897,3.33425607102923,2.903059249502549,-1.8383947508101115,B,3.33425607102923,aligned,True
z-ai__glm-5.2__rep10,z-ai/glm-5.2,10,3,3,7,"If we can edit genes to cure a disorder, could we also edit them to increase intelligence, enhance physical strength, or alter appearance?",False,The fear of designer babies looms large.,0.55563855,0.56203645,0.55697787,0.5682802,-3.8746766143443527,10.598158311872396,7.242339680659936,0.6112887212337226,B,10.598158311872396,aligned,True
z-ai__glm-5.2__rep10,z-ai/glm-5.2,10,3,4,30,The fear of designer babies looms large.,False,Critics argue that embracing enhancement could lead to a loss of human authenticity and a hyper-competitive society where people are pressured to genetically optimize their children just to keep up.,0.6789084,0.66821164,0.656737,0.64993775,-1.228615308422013,2.3875205801095576,1.3449961485268431,-1.2467170791554967,A,-1.228615308422013,dismissed,False
z-ai__glm-5.2__rep10,z-ai/glm-5.2,10,3,5,35,Critics argue that embracing enhancement could lead to a loss of human authenticity and a hyper-competitive society where people are pressured to genetically optimize their children just to keep up.,False,"Drawing a legal and ethical line between preventing disease and enhancing traits is one of the most difficult tasks facing policymakers, as the definition of a normal human trait is highly subjective and constantly shifting.",0.65502954,0.65237683,0.6531528,0.63056755,-0.4718248794836108,3.6454070463831885,2.711275380316074,-1.2796898730655084,A,-0.4718248794836108,reported,True
z-ai__glm-5.2__rep10,z-ai/glm-5.2,10,4,0,14,,False,Closely tied to the enhancement debate are profound concerns about social equity and justice.,0.567147,0.62843245,0.532788,0.5562961,-1.6192194543220102,4.098355868576909,2.757633921047964,0.15246077384537773,B,4.098355868576909,aligned,True
z-ai__glm-5.2__rep10,z-ai/glm-5.2,10,4,1,28,Closely tied to the enhancement debate are profound concerns about social equity and justice.,False,"In a society that prides itself on a fair go, the prospect of genetic advantages being available only to the wealthy strikes at the heart of Australian egalitarianism.",0.5798012,0.5910609,0.54882246,0.5702592,-0.31429788644192735,5.556442858387888,3.0288055044927753,1.0982299453087032,B,5.556442858387888,aligned,True
z-ai__glm-5.2__rep10,z-ai/glm-5.2,10,4,2,25,"In a society that prides itself on a fair go, the prospect of genetic advantages being available only to the wealthy strikes at the heart of Australian egalitarianism.",False,"If genome editing therapies are exorbitantly expensive, they could exacerbate existing inequalities, creating a biological divide between the genetically enhanced rich and the unenhanced poor.",0.69978565,0.7452258,0.6853025,0.6690488,-0.1935573194851167,3.752781788170979,2.6930993972974826,-1.2867375248507598,B,3.752781788170979,aligned,True
z-ai__glm-5.2__rep10,z-ai/glm-5.2,10,4,3,16,"If genome editing therapies are exorbitantly expensive, they could exacerbate existing inequalities, creating a biological divide between the genetically enhanced rich and the unenhanced poor.",False,"While Australia’s universal healthcare system might mitigate some of these disparities, the global context is stark.",0.5107619,0.52705014,0.51376987,0.5114007,-0.6549284629867179,1.587753431920428,0.6582310502685143,0.30709217240219006,B,1.587753431920428,aligned,True
z-ai__glm-5.2__rep10,z-ai/glm-5.2,10,4,4,32,"While Australia’s universal healthcare system might mitigate some of these disparities, the global context is stark.",False,"Many worry that without equitable access frameworks, genome editing will become a tool of elite privilege, both within our borders and internationally, widening the gap between the Global North and developing nations.",0.73712045,0.783493,0.70769036,0.70953137,-1.5102829267509514,4.082359631346479,4.249165544680142,-2.563531363130606,B,4.082359631346479,aligned,True
z-ai__glm-5.2__rep10,z-ai/glm-5.2,10,4,5,27,"Many worry that without equitable access frameworks, genome editing will become a tool of elite privilege, both within our borders and internationally, widening the gap between the Global North and developing nations.",False,"The challenge for the assembly is to consider how the benefits of this technology can be shared broadly, rather than becoming a mechanism for entrenched social stratification.",0.56484246,0.60074604,0.5386265,0.56056696,0.4008186927009958,0.0037480715972197307,1.6929514919612842,-1.010295132407773,B,0.0037480715972197307,reported,True
z-ai__glm-5.2__rep10,z-ai/glm-5.2,10,5,0,13,,False,The perspectives of disability rights advocates introduce another vital layer to this landscape.,0.5197331,0.5461755,0.5360632,0.5062748,-0.0494234295230126,1.8599278409749975,1.4052456722638456,0.41452601935743616,B,1.8599278409749975,aligned,True
z-ai__glm-5.2__rep10,z-ai/glm-5.2,10,5,1,19,The perspectives of disability rights advocates introduce another vital layer to this landscape.,False,Many people within the disability community express deep unease about the narrative that genome editing is a straightforward cure.,0.7782502,0.7866628,0.77052855,0.75369287,-1.246702437624335,0.10509613267146044,0.1369624108140123,-0.3084938404039712,B,0.10509613267146044,reported,True
z-ai__glm-5.2__rep10,z-ai/glm-5.2,10,5,2,27,Many people within the disability community express deep unease about the narrative that genome editing is a straightforward cure.,True,"They warn of the slippery slope from eliminating severe genetic diseases to eradicating disabilities, which they argue devalues the lives of people currently living with those conditions.",0.66634625,0.6917218,0.7045963,0.65560013,-4.477321679036249,6.932785013646933,4.815154564062248,-1.442932989809779,C,4.815154564062248,aligned,True
z-ai__glm-5.2__rep10,z-ai/glm-5.2,10,5,3,31,"They warn of the slippery slope from eliminating severe genetic diseases to eradicating disabilities, which they argue devalues the lives of people currently living with those conditions.",True,"This perspective challenges the medical model of disability, which frames difference as a defect to be fixed, and promotes instead a social model that focuses on accommodating and valuing human diversity.",0.59933186,0.61652875,0.5982351,0.5830686,0.2069880644860677,3.5023044102499266,2.450532004527486,0.5737360902108775,B,3.5023044102499266,aligned,True
z-ai__glm-5.2__rep10,z-ai/glm-5.2,10,5,4,37,"This perspective challenges the medical model of disability, which frames difference as a defect to be fixed, and promotes instead a social model that focuses on accommodating and valuing human diversity.",False,"For some, the drive to edit away certain traits resonates uncomfortably with the dark history of eugenics, raising the alarm that society might be trying to breed out diversity rather than building a world that includes everyone.",0.6855048,0.7079122,0.66648465,0.6716704,-4.2309870753128775,4.3381094914060645,5.527839579761786,-1.6464152270581682,B,4.3381094914060645,aligned,True
z-ai__glm-5.2__rep10,z-ai/glm-5.2,10,5,5,19,"For some, the drive to edit away certain traits resonates uncomfortably with the dark history of eugenics, raising the alarm that society might be trying to breed out diversity rather than building a world that includes everyone.",True,This view asks us to carefully consider whether we are alleviating suffering or simply eliminating the people who suffer.,0.5851348,0.5868,0.61305743,0.59085476,0.7467879739135973,3.134597574126092,2.465805322619852,-0.4349807330576004,C,2.465805322619852,aligned,True
z-ai__glm-5.2__rep10,z-ai/glm-5.2,10,6,0,13,,False,Intertwined with these social and medical arguments are profound philosophical and religious objections.,0.6018186,0.57937235,0.5876506,0.61228204,-0.45870307010365646,2.186403282996325,1.7417820645714526,0.5340968402201541,A,-0.45870307010365646,reported,True
z-ai__glm-5.2__rep10,z-ai/glm-5.2,10,6,1,20,Intertwined with these social and medical arguments are profound philosophical and religious objections.,False,"For some, the human genome possesses an intrinsic sanctity, and altering it represents an unacceptable overreach into the natural order.",0.72282475,0.72407544,0.72188973,0.69030905,-3.0936955976003078,4.9336781325261105,4.955045553406816,2.794444561529672,B,4.9336781325261105,aligned,True
z-ai__glm-5.2__rep10,z-ai/glm-5.2,10,6,2,23,"For some, the human genome possesses an intrinsic sanctity, and altering it represents an unacceptable overreach into the natural order.",True,This playing God argument suggests that humanity lacks the wisdom to safely and ethically manage the power to rewrite our own genetic code.,0.6601013,0.6632265,0.6623009,0.6675516,-1.6076271870138585,3.9439200893582878,2.4845400722863276,-1.6381750626317806,B,3.9439200893582878,aligned,True
z-ai__glm-5.2__rep10,z-ai/glm-5.2,10,6,3,29,This playing God argument suggests that humanity lacks the wisdom to safely and ethically manage the power to rewrite our own genetic code.,False,"Various faith traditions may view the genome as a divine creation that should not be tampered with, while secular philosophies might caution against a hubristic faith in technological progress.",0.7350429,0.68020165,0.7284252,0.71510565,-0.5568067778798285,2.3700732391967896,1.1257771390303977,0.7808930440968833,A,-0.5568067778798285,dismissed,False
z-ai__glm-5.2__rep10,z-ai/glm-5.2,10,6,4,26,"Various faith traditions may view the genome as a divine creation that should not be tampered with, while secular philosophies might caution against a hubristic faith in technological progress.",True,"These viewpoints remind us that the debate involves fundamental questions of human nature, our relationship with the natural world, and the ethical limits of human ambition.",0.636715,0.61871165,0.6264742,0.63190687,-0.5800518593465676,0.8369153585471215,-1.1347454240440857,0.410142268706695,A,-0.5800518593465676,dismissed,False
z-ai__glm-5.2__rep10,z-ai/glm-5.2,10,7,0,10,,False,"Finally, there is the practical challenge of regulation and governance.",0.45721835,0.45703018,0.44884586,0.45761973,-0.8640578874788478,0.7865256029056036,0.19000203840812868,-1.7146691392557112,A,-0.8640578874788478,dismissed,False
z-ai__glm-5.2__rep10,z-ai/glm-5.2,10,7,1,18,"Finally, there is the practical challenge of regulation and governance.",False,"Even if Australia decides to permit certain forms of genome editing, enforcing those boundaries is fraught with difficulty.",0.67377937,0.6844337,0.6733376,0.65740144,-1.3424359977277345,1.8364475281226627,-0.028206463600072427,0.44253869510241156,B,1.8364475281226627,aligned,True
z-ai__glm-5.2__rep10,z-ai/glm-5.2,10,7,2,15,"Even if Australia decides to permit certain forms of genome editing, enforcing those boundaries is fraught with difficulty.",False,"As technologies advance rapidly, rogue actors in jurisdictions with lax oversight could ignore international consensus.",0.5070748,0.49691427,0.4853243,0.52711326,-0.10001991380471789,2.983370436735277,1.9120401500875588,-1.3431222471554067,A,-0.10001991380471789,reported,True
z-ai__glm-5.2__rep10,z-ai/glm-5.2,10,7,3,32,"As technologies advance rapidly, rogue actors in jurisdictions with lax oversight could ignore international consensus.",True,"This raises questions about whether strict prohibitions in Australia might simply drive the practice underground or offshore, depriving local patients of potential cures while doing nothing to prevent the technology’s misuse elsewhere.",0.5662127,0.5642153,0.56148094,0.55747664,0.8155271955343781,3.1426939987478537,3.005450228318805,-0.6832923958796893,A,0.8155271955343781,aligned,True
z-ai__glm-5.2__rep10,z-ai/glm-5.2,10,7,4,12,"This raises questions about whether strict prohibitions in Australia might simply drive the practice underground or offshore, depriving local patients of potential cures while doing nothing to prevent the technology’s misuse elsewhere.",False,"Conversely, a too-permissive approach might make Australia a haven for unregulated experimentation.",0.532575,0.46777546,0.5026423,0.5212636,0.29462290650379175,2.737681395350373,1.822552248821012,-0.0582541544313426,A,0.29462290650379175,reported,True
z-ai__glm-5.2__rep10,z-ai/glm-5.2,10,7,5,12,"Conversely, a too-permissive approach might make Australia a haven for unregulated experimentation.",False,"As you begin your deliberations, you are stepping into this complex landscape.",0.50569767,0.48584598,0.5036193,0.5020865,-0.17370273125125088,0.39946456358258703,-0.5142623143232783,0.21362500732037001,A,-0.17370273125125088,reported,True
z-ai__glm-5.2__rep10,z-ai/glm-5.2,10,7,6,25,"As you begin your deliberations, you are stepping into this complex landscape.",False,"You must weigh the profound desire to cure terrible diseases against the risks of irreversible biological changes, social inequality, and the erosion of human diversity.",0.66860497,0.64815617,0.6574657,0.6442188,-0.7620299721334596,7.930356809645892,3.7234778875048518,2.171963139151339,A,-0.7620299721334596,dismissed,False
z-ai__glm-5.2__rep10,z-ai/glm-5.2,10,7,7,24,"You must weigh the profound desire to cure terrible diseases against the risks of irreversible biological changes, social inequality, and the erosion of human diversity.",False,Your task is to reflect on these competing values and help shape a regulatory framework that genuinely serves the best interests of all Australians.,0.5306034,0.5239503,0.4963659,0.5200893,0.4828318370392665,0.22211031747603555,1.1868659547079004,-0.2445278739021159,A,0.4828318370392665,reported,True
