run_id,model,repetition,paragraph_index,n_words,text,sim_A,sim_B,sim_C,sim_D,sim_E,sim_F,top_discourse,top_similarity,runner_up_margin,assigned,assigned_centred
deepseek__deepseek-v4-pro-0813__rep01,deepseek/deepseek-v4-pro-0813,1,0,125,"Human genome editing refers to a set of technologies, most notably CRISPR-Cas9, that allow scientists to make precise changes to the DNA of living cells. In the context of human health, a crucial distinction is often drawn between somatic editing, which alters non-reproductive cells in a patient’s body and affects only that individual, and germline or heritable editing, which changes the DNA of embryos, eggs, sperm or the cells that give rise to them, so that the alteration can be passed on to future generations. This distinction shapes much of the ethical and regulatory debate, because somatic editing is generally seen as an extension of existing gene therapy, while germline editing raises deeper questions about inheritance, consent and the future of the human gene pool.",0.7005669,0.74012417,0.74927574,0.74960136,0.7371138,0.70398784,D,0.74960136,0.00032562017,D,D
deepseek__deepseek-v4-pro-0813__rep01,deepseek/deepseek-v4-pro-0813,1,1,154,"For many people, the primary hope of human genome editing is medical. Families affected by serious inherited conditions such as cystic fibrosis, Huntington’s disease, Tay-Sachs disease, sickle cell anaemia or certain forms of inherited cancer see in these tools the possibility of correcting the underlying genetic cause rather than merely managing symptoms. Somatic gene editing trials are already underway for blood disorders, some forms of blindness and certain cancers, and early results have generated cautious optimism. Parents who carry a known genetic mutation may hope that germline editing could allow them to have a biologically related child without passing on that condition. Researchers and clinicians often frame this work in terms of compassion, the relief of suffering, and the moral duty to use knowledge to prevent serious disease. From this perspective, refusing to develop safe and effective editing technologies could be seen as withholding a potentially life-changing therapy from people who desperately need it.",0.75458753,0.77366847,0.7948444,0.7945702,0.7492465,0.74706286,C,0.7948444,0.00027418137,C,D
deepseek__deepseek-v4-pro-0813__rep01,deepseek/deepseek-v4-pro-0813,1,2,139,"Yet alongside these hopes sit significant concerns about safety and unintended consequences. Genome editing is not always perfectly precise; it can cause off-target changes elsewhere in the genome, and in embryos there is a risk of mosaicism, where some cells carry the edit and others do not. For germline editing, any mistake would not only affect the individual born from that embryo but could be inherited by their children and grandchildren. Because the effects may not become apparent for decades, some scientists and ethicists argue that heritable editing should not proceed until there is far stronger evidence of safety and long-term outcomes. This precautionary stance values humility in the face of complex biological systems and warns against irreversible interventions made under uncertainty. Even proponents of somatic editing often support a moratorium or strict limits on germline editing for reproduction.",0.73206466,0.76495284,0.7635164,0.73607624,0.7682788,0.72819257,E,0.7682788,0.0033259392,E,E
deepseek__deepseek-v4-pro-0813__rep01,deepseek/deepseek-v4-pro-0813,1,3,174,"A further set of perspectives comes from people with disabilities and their advocates. Many worry that the drive to edit out genes associated with disability sends a powerful message that disabled lives are less valuable or less worth living. Conditions such as deafness, achondroplasia or Down syndrome are sometimes experienced by individuals and communities not simply as medical problems but as part of their identity, culture or community. From this viewpoint, the problem is not the genetic difference itself but a society that fails to accommodate and include people with diverse bodies and minds. There is concern that widespread genetic editing could revive eugenic thinking, pressuring parents to select or engineer children who fit narrow norms of health and ability. The value of inclusion, the dignity of every person, and the right of disabled people to flourish are central to this critique. Others respond that parents can both love their existing disabled child and still wish to prevent future children from experiencing pain or premature death, and that not all genetic conditions are identity-forming.",0.6563445,0.6962265,0.7160992,0.70126307,0.6951352,0.6832048,C,0.7160992,0.0148361325,C,C
deepseek__deepseek-v4-pro-0813__rep01,deepseek/deepseek-v4-pro-0813,1,4,144,"Equity and justice are also prominent themes. If genome editing becomes available as a medical service, it is likely to be expensive, at least initially. In Australia, although Medicare and the public hospital system provide many services, assisted reproductive technologies and genetic testing are often only partially subsidised, and access can depend on income, location and private health insurance. There is a real risk that the benefits of editing would flow disproportionately to the wealthy, widening existing health inequalities. Globally, the picture is even starker: some countries may permit heritable editing while others prohibit it, leading to cross-border reproductive travel and uneven safety standards. A just approach, many argue, would require not only strict regulation but also attention to fair access, public funding for therapies that address serious diseases, and measures to prevent discrimination against people who are unedited or who carry genetic differences.",0.7025056,0.7712567,0.73275834,0.72674257,0.7282099,0.7383511,B,0.7712567,0.03290558,B,B
deepseek__deepseek-v4-pro-0813__rep01,deepseek/deepseek-v4-pro-0813,1,5,115,"Beyond therapy lies the contested territory of enhancement. The same tools that might correct a disease-causing mutation could in principle be used to alter non-medical traits such as height, muscle mass, cognitive ability or appearance. Some people see no sharp line between treating disease and enhancing human capacities; they argue that parents already shape their children’s development through education, nutrition and other choices, and that genetic enhancement could be a legitimate expression of reproductive freedom or a way to improve human wellbeing. Others fear that enhancement would commodify children, intensify social competition, and erode acceptance of human limitations and diversity. The distinction between therapy and enhancement is often blurry, and this ambiguity makes regulation difficult.",0.6855901,0.6699873,0.6872755,0.70564055,0.6593486,0.67319256,D,0.70564055,0.018365026,D,A
deepseek__deepseek-v4-pro-0813__rep01,deepseek/deepseek-v4-pro-0813,1,6,123,"The question of consent and future generations is especially acute for heritable editing. An embryo cannot consent to having its genome altered, and the people who will be born from edited embryos will have had no say in a decision that shapes their genetic inheritance. Some philosophers argue that this makes germline editing inherently unethical, because it violates the autonomy of future persons. Others reply that parents routinely make irreversible decisions for their children, and that preventing a serious genetic disease is clearly in a child’s best interests. Still, the intergenerational dimension raises profound questions about our responsibility to future humans and whether we should treat the human genome as a common heritage to be preserved or as a resource to be improved.",0.720352,0.7607764,0.7750297,0.75037044,0.7890569,0.7477988,E,0.7890569,0.014027178,E,E
deepseek__deepseek-v4-pro-0813__rep01,deepseek/deepseek-v4-pro-0813,1,7,117,"Religious, cultural and Indigenous perspectives add further layers. Some religious traditions regard the human genome as sacred or as a gift from God, and view deliberate alteration of the germline as overstepping human authority. Others emphasise the calling to heal the sick and may support somatic editing while opposing heritable changes. In Australia, Aboriginal and Torres Strait Islander peoples have distinct understandings of kinship, ancestry and the connection between genetic inheritance and Country, and any discussion of genome editing should be attentive to these worldviews and to the history of eugenic policies that have harmed Indigenous communities. A pluralist democracy must make room for these diverse moral languages rather than assuming a single secular or utilitarian framework.",0.7105953,0.7461092,0.77143615,0.754852,0.7592179,0.71972144,C,0.77143615,0.012218237,C,E
deepseek__deepseek-v4-pro-0813__rep01,deepseek/deepseek-v4-pro-0813,1,8,137,"Finally, the regulatory landscape is itself a subject of debate. In Australia, human cloning and certain practices involving human embryos are prohibited under federal legislation, and the National Health and Medical Research Council issues guidelines for research. Heritable genome editing for reproduction is currently not permitted. Some argue these laws are appropriately cautious and should remain; others believe they are outdated and hinder valuable research that could be done on embryos in the laboratory without intending pregnancy. International bodies such as the World Health Organization have called for robust governance and a global registry of editing research, but enforcement remains uneven. The citizens’ assembly will need to weigh the values of scientific freedom, therapeutic benefit, safety, justice, respect for diversity and the precautionary principle as it considers what, if anything, should change in Australian law and policy.",0.695231,0.7487152,0.734683,0.70865196,0.70826864,0.698407,B,0.7487152,0.014032245,B,B
deepseek__deepseek-v4-pro-0813__rep02,deepseek/deepseek-v4-pro-0813,2,0,61,"Human genome editing raises questions that touch on medicine, ethics, justice, disability, faith and the kind of society Australians want to build. This report is intended to help assembly participants see the broad landscape of views before deliberation begins. It does not argue for a particular outcome, but rather maps the hopes, concerns and values that people bring to this conversation.",0.7514579,0.7927935,0.79035705,0.76886123,0.77817786,0.7184762,B,0.7927935,0.002436459,B,B
deepseek__deepseek-v4-pro-0813__rep02,deepseek/deepseek-v4-pro-0813,2,1,131,"At its simplest, human genome editing means making precise changes to the DNA inside living human cells. A crucial distinction is between somatic editing, which affects only the person being treated, and germline editing, which changes the DNA of eggs, sperm or early embryos and can be passed on to future generations. Somatic editing is already being developed for conditions such as sickle cell disease, some cancers and inherited blindness, and is generally treated as a form of medicine. Germline editing is not clinically available in Australia, and heritable genetic changes for reproduction are prohibited. This distinction shapes much of the debate: many people are more willing to consider somatic therapies because they resemble existing treatments, while germline editing raises additional questions about inheritance, consent and the long-term direction of humanity.",0.6878386,0.7331779,0.7363757,0.74948364,0.733698,0.7108484,D,0.74948364,0.013107955,D,D
deepseek__deepseek-v4-pro-0813__rep02,deepseek/deepseek-v4-pro-0813,2,2,114,"The hopes associated with genome editing are often focused on the relief of serious suffering. For families affected by genetic conditions such as cystic fibrosis, Huntington disease or muscular dystrophy, the ability to correct a single faulty gene could be life-changing. Somatic therapies might treat disease in a living child or adult, while germline editing might allow parents who carry a serious genetic condition to have a biologically related child without passing that condition on. From this perspective, compassion and the desire to reduce suffering support careful development of the technology. Researchers and patient advocates often emphasise that editing is not about creating perfect people, but about preventing devastating illness and expanding reproductive choices.",0.7446109,0.7398739,0.7598019,0.78961915,0.7346139,0.73468137,D,0.78961915,0.029817224,D,D
deepseek__deepseek-v4-pro-0813__rep02,deepseek/deepseek-v4-pro-0813,2,3,112,"Safety concerns remain central. Genome editing tools, particularly CRISPR-based systems, can sometimes change the wrong part of the genome, producing off-target effects that could cause cancer or other harm. In germline editing, such changes would affect not just one person but all subsequent generations, and mistakes would be extremely difficult to reverse. Because the human genome is complex and knowledge is incomplete, some argue that any clinical use of germline editing would be reckless. Others accept that somatic editing can proceed through careful clinical trials, but draw a firm line at heritable changes until safety can be better understood, even if that evidence is difficult to obtain without crossing the line first.",0.6992784,0.7531661,0.7589393,0.7120261,0.73261976,0.6988369,C,0.7589393,0.0057732463,C,C
deepseek__deepseek-v4-pro-0813__rep02,deepseek/deepseek-v4-pro-0813,2,4,98,"A related concern involves consent and future generations. A person born after germline editing could not consent to having their genome altered. Some see this as fundamentally unjust, since we would be making irreversible choices about another human being’s genetic makeup without their agreement. Others reply that parents already make many decisions for future children, from nutrition to education, and that preventing a serious inherited disease is likely to be in the child’s interests. Still, germline editing raises the stakes because the decision reverberates through family lines and could shape the genetic inheritance of people not yet imagined.",0.7161877,0.7607824,0.7731584,0.74745834,0.7837933,0.74617374,E,0.7837933,0.010634899,E,E
deepseek__deepseek-v4-pro-0813__rep02,deepseek/deepseek-v4-pro-0813,2,5,118,"Disability communities and advocates offer important cautionary perspectives. Many people with genetic conditions argue that a push to edit out certain genes can send a harmful message that their lives are less valuable, or that they should not exist. They point out that disability is often shaped by social barriers rather than biology alone, and that society should invest in inclusion and support instead of seeking to eliminate difference. At the same time, some individuals and families affected by severe genetic disorders distinguish between respecting disabled people and wanting to avoid real pain and early death. This is not a single view; it is a conversation about identity, stigma and what kinds of lives count as worth living.",0.67785704,0.71952355,0.72929007,0.70904875,0.7063908,0.68121153,C,0.72929007,0.009766519,C,C
deepseek__deepseek-v4-pro-0813__rep02,deepseek/deepseek-v4-pro-0813,2,6,104,"Justice and equity are also prominent concerns. If genome editing becomes available, it may be expensive, and access might be limited to those who can pay. This could create a new form of inequality in which genetic protections or advantages are available to some but not others. In Australia, questions about public funding, Medicare and the role of private clinics would shape who benefits. Internationally, the gap between wealthy and poorer countries could widen if the technology is unevenly distributed. Some participants may emphasise that benefits should be shared fairly; others may worry that any use of germline editing would inevitably favour the privileged.",0.6913031,0.77311385,0.7257724,0.70534325,0.724907,0.7159951,B,0.77311385,0.047341466,B,B
deepseek__deepseek-v4-pro-0813__rep02,deepseek/deepseek-v4-pro-0813,2,7,121,"The distinction between treating disease and enhancing human traits is much discussed. Many people are comfortable with editing to treat or prevent serious medical conditions but oppose using it to select or improve traits such as intelligence, height, appearance or athletic ability. They fear a slippery slope from medicine to designer babies, and a future in which parents feel pressured to genetically optimise their children. Others argue that the line between therapy and enhancement is not always clear, and that some enhancements, such as increased resistance to disease, may be beneficial. Even among those who oppose enhancement, there is debate about whether a clear legal boundary can be drawn and enforced, or whether banning it might simply drive the practice underground.",0.70262897,0.68524003,0.71279013,0.7236371,0.6837297,0.68255246,D,0.7236371,0.010846972,D,A
deepseek__deepseek-v4-pro-0813__rep02,deepseek/deepseek-v4-pro-0813,2,8,126,"Religious, cultural and philosophical perspectives enrich the debate. Some faith traditions regard the human genome as a sacred inheritance that should not be altered at will, while others see healing and the relief of suffering as a religious duty and may support editing when it serves that purpose. For some people, nature has moral significance and human intervention in the germline is a form of hubris. For others, medicine is itself a human intervention in nature, and the question is simply whether the intervention is safe and beneficial. Australia’s diversity means that no single cultural perspective can be assumed. Some First Nations worldviews may emphasise connection to ancestors, Country and future generations, framing editing as a matter of collective and spiritual significance rather than individual choice.",0.72261566,0.74269027,0.7709292,0.75140774,0.74249166,0.7240509,C,0.7709292,0.019521475,C,C
deepseek__deepseek-v4-pro-0813__rep02,deepseek/deepseek-v4-pro-0813,2,9,109,"Regulation and governance are unavoidable topics. Australia already restricts heritable genome editing and regulates somatic treatments through bodies such as the Therapeutic Goods Administration and the National Health and Medical Research Council. Some participants may feel that current prohibitions are appropriate and should remain. Others may argue for a pathway to permit germline editing for serious inherited conditions if safety and broad social consensus can be established. International guidance, such as that from the World Health Organization, encourages responsible governance, public deliberation and precaution. A recurring theme is trust: public confidence depends on transparency, independent scrutiny and clear limits. Without such safeguards, even promising medical uses could be rejected.",0.6948758,0.76035994,0.7326018,0.736135,0.71709573,0.69995755,B,0.76035994,0.024224937,B,B
deepseek__deepseek-v4-pro-0813__rep02,deepseek/deepseek-v4-pro-0813,2,10,100,"Finally, the assembly will be asked to weigh values that pull in different directions. Compassion for suffering families, respect for human dignity, concern for future generations, reproductive freedom, disability inclusion, social justice, humility in the face of biological complexity and trust in democratic oversight are all part of the landscape. Each of these values can support different conclusions depending on how they are prioritised. The task is not to resolve every philosophical disagreement, but to consider how a pluralist society like Australia can make thoughtful, legitimate and revisable decisions about a technology that touches the very beginnings of human life.",0.63403726,0.67653483,0.6750839,0.6663462,0.66465974,0.6563079,B,0.67653483,0.0014509559,B,F
deepseek__deepseek-v4-pro-0813__rep03,deepseek/deepseek-v4-pro-0813,3,0,111,"Human genome editing touches something both intimate and shared: the instructions that shape our bodies, our health and, in the case of heritable changes, the inheritance we pass on. The technologies grouped under this heading—most prominently CRISPR-Cas9—allow scientists to alter DNA sequences in living cells. Some interventions are described as somatic because they affect a patient’s own body and do not pass to offspring. Others are described as germline or heritable because they alter embryos, eggs, sperm or early embryonic cells and would be inherited by future generations. It is this second possibility that generates the most profound disagreement, because decisions made by one generation could reach into all that follow.",0.6939037,0.7343807,0.7524658,0.7415398,0.73138154,0.6954798,C,0.7524658,0.010926008,C,C
deepseek__deepseek-v4-pro-0813__rep03,deepseek/deepseek-v4-pro-0813,3,1,86,"In Australia, somatic gene therapies are beginning to move through clinical trial and regulatory pathways, and a 2022 law permits mitochondrial donation under strict licence for families affected by mitochondrial disease. However, heritable nuclear genome editing for reproduction is prohibited, and research on human embryos is tightly restricted. Assembly participants are not starting from a blank page, but from a legal and cultural setting that already expresses caution about altering the human germline. Still, the technologies are changing quickly, and the public conversation has not settled.",0.6421448,0.71884906,0.7024149,0.675148,0.67234296,0.6634003,B,0.71884906,0.016434193,B,B
deepseek__deepseek-v4-pro-0813__rep03,deepseek/deepseek-v4-pro-0813,3,2,119,"For people living with sickle cell disease, beta thalassaemia, some inherited blindness, certain cancers and other serious conditions, genome editing is not distant speculation but a source of real hope. Somatic therapies can correct or disrupt a gene in a person’s own cells. Some have moved from trials into approved treatments in other countries, and Australian researchers are involved in this work. The language here is often about relief from suffering, the chance to avoid painful procedures, and the possibility of tackling diseases that currently have few effective options. For parents who carry a serious genetic condition, heritable editing can seem like a way to ensure their child is born free of that condition while retaining a biological connection.",0.6914679,0.70661986,0.71867263,0.7241174,0.68635786,0.68272996,D,0.7241174,0.005444765,D,D
deepseek__deepseek-v4-pro-0813__rep03,deepseek/deepseek-v4-pro-0813,3,3,128,"But alongside hope sits uncertainty. Genome editing tools are not always as precise as the word “editing” suggests. They can cut at unintended places, produce off-target mutations, or create mosaics in which only some cells are altered. For somatic therapy, those risks are largely borne by the consenting patient. For heritable editing, the risks would extend to a child who has no say, and to that child’s children. Because effects might appear late or across a lifetime, many scientists and ethicists argue that heritable editing should not be attempted until there is far stronger evidence of safety, and perhaps only if broad social consensus emerges. Some also point out that most human traits are influenced by many genes and by environment, making predictions about long-term consequences especially difficult.",0.7225381,0.7726015,0.7766807,0.73972267,0.76874876,0.72726154,C,0.7766807,0.0040792227,C,E
deepseek__deepseek-v4-pro-0813__rep03,deepseek/deepseek-v4-pro-0813,3,4,117,"For some parents and patient advocates, the strongest argument is the desire to spare a child from severe genetic disease. They ask why a couple who knows they carry a serious condition should be denied the chance to have a genetically related child who is free of that condition, particularly when other options such as prenatal testing and embryo selection may not work or may involve termination. In this view, freedom from foreseeable suffering is a compassionate goal, and parents are best placed to make decisions about their own family. Some argue that, once the technology is safe, preventing a devastating disease by altering an embryo could be morally comparable to preventing disease through vaccination or surgery.",0.6757416,0.67769074,0.70285547,0.6959449,0.6666057,0.7087431,F,0.7087431,0.0058876276,F,F
deepseek__deepseek-v4-pro-0813__rep03,deepseek/deepseek-v4-pro-0813,3,5,113,"Yet this framing alarms others. They point to a long history of eugenics in which societies labelled some people as unfit, sterilised them or sought to eliminate them. Disability rights advocates caution that a rush to edit out genetic variations can reinforce the message that disabled lives are less worth living. They note that many hereditary conditions exist on a spectrum, that people with disabilities often live rich and valued lives, and that many barriers arise not from genes but from discrimination, inaccessible environments and inadequate support. From this perspective, the appropriate response to genetic difference is not always to erase it but to create a society that accommodates and values all people.",0.6363384,0.6576142,0.672515,0.6755537,0.6633407,0.6467322,D,0.6755537,0.0030387044,D,D
deepseek__deepseek-v4-pro-0813__rep03,deepseek/deepseek-v4-pro-0813,3,6,102,"Even among those who accept editing to prevent serious disease, there is disagreement about where the line should be drawn. What counts as serious? Deafness, short stature, autism susceptibility, or a gene associated with higher cancer risk? Some people in the deaf community, for example, have argued that deafness is not simply a disorder to be corrected but a cultural identity. If society permits editing for health, how will it resist expansion towards enhancement—stronger muscles, greater height, memory, or cosmetic traits? Some see this as a slippery slope; others say a clear line can be held through careful regulation and public oversight.",0.6879301,0.7083148,0.716279,0.7032136,0.7055537,0.7028588,C,0.716279,0.007964194,C,F
deepseek__deepseek-v4-pro-0813__rep03,deepseek/deepseek-v4-pro-0813,3,7,115,"Another major theme is fairness. If genome editing is expensive, it may be available only to those who can pay, or only in countries with advanced health systems. In Australia, a publicly funded health system might make some therapies accessible, but the cost of clinical development is high and pressure to limit expensive treatments is real. There is also an international dimension: wealthy nations could drive research priorities, while poorer countries continue to struggle with basic healthcare, clean water and infectious disease. Some participants may see genome editing as a distraction from more urgent health needs; others may see it as a tool that, if shared fairly, could reduce the burden of inherited disease worldwide.",0.7096814,0.7560949,0.73025596,0.72096145,0.7216159,0.7214004,B,0.7560949,0.025838912,B,B
deepseek__deepseek-v4-pro-0813__rep03,deepseek/deepseek-v4-pro-0813,3,8,121,"Australian regulation is often described as cautious. The Prohibition of Human Cloning for Reproduction Act 2002 and the Research Involving Human Embryos Act 2002 set the main framework. Somatic genome editing can be regulated much like other medical treatments, through clinical trials, safety monitoring and the Therapeutic Goods Administration. Heritable nuclear genome editing for reproduction is not legal. Mitochondrial donation, which replaces faulty mitochondria but does not edit nuclear DNA, has been allowed under a licensing scheme for a narrow purpose: preventing severe mitochondrial disease. This legal context means that any move towards heritable editing would require Parliament to change the law, and many argue that such a change should happen only after extensive public deliberation—exactly the work of this assembly.",0.6697555,0.72520566,0.70775706,0.7061177,0.6903602,0.6884073,B,0.72520566,0.017448604,B,B
deepseek__deepseek-v4-pro-0813__rep03,deepseek/deepseek-v4-pro-0813,3,9,83,"People also bring deeper moral and spiritual frameworks. Some religious traditions see the human genome as a gift or sacred inheritance and worry that editing amounts to overstepping human limits. Others within the same traditions might emphasise healing and stewardship, saying that using human creativity to relieve suffering is itself a moral obligation. Secular ethics similarly spans a wide range: some prioritise individual autonomy and benefit, while others stress precaution, solidarity and the need to protect future generations from decisions they cannot reverse.",0.70177156,0.68915653,0.7198222,0.7257107,0.6991677,0.70048606,D,0.7257107,0.005888462,D,A
deepseek__deepseek-v4-pro-0813__rep03,deepseek/deepseek-v4-pro-0813,3,10,77,"Australian deliberation must also be attentive to Aboriginal and Torres Strait Islander perspectives. First Nations communities hold diverse views, but many emphasise kinship, Country and the continuity of ancestral inheritance. Genetic technologies can raise particular sensitivities about identity, belonging and the relationship between biological inheritance and cultural knowledge. Meaningful engagement with Indigenous peoples is not a box-ticking exercise; it requires respect for self-determination and recognition that concepts of health and inheritance may differ from Western biomedical assumptions.",0.60090846,0.6409756,0.64780086,0.62147593,0.61601746,0.6114646,C,0.64780086,0.0068252683,C,C
deepseek__deepseek-v4-pro-0813__rep03,deepseek/deepseek-v4-pro-0813,3,11,83,"The 2018 announcement that twins had been born after heritable genome editing in China shocked researchers and regulators around the world. It was widely condemned as premature, unsafe and unethical, and it crystallised fears that the technology could outpace governance. It also highlighted the need for transparency, international cooperation and public confidence. Many people are wary of scientists, companies or governments making decisions behind closed doors. They want processes that are inclusive, accountable and capable of listening to ordinary citizens, not only experts.",0.68897706,0.72072333,0.72357976,0.67980456,0.6928397,0.6605183,C,0.72357976,0.0028564334,C,B
deepseek__deepseek-v4-pro-0813__rep03,deepseek/deepseek-v4-pro-0813,3,12,116,"This assembly therefore sits inside a landscape of genuine pluralism. There is no single Australian view, and perhaps no permanent consensus to be found. Instead, participants will need to weigh competing values: hope for healing against humility before unknown consequences; parental love against concern for the child and society; the value of human diversity against the desire to prevent suffering; freedom of research against the need for boundaries; and the interests of people today against responsibilities to future generations. The purpose of the deliberation is not to resolve every philosophical question, but to make thoughtful, informed and democratically legitimate recommendations about how Australia should proceed—if at all—with one of the most consequential technologies of our time.",0.61381626,0.634076,0.63477755,0.62651813,0.623989,0.62003076,C,0.63477755,0.00070154667,C,F
deepseek__deepseek-v4-pro-0813__rep04,deepseek/deepseek-v4-pro-0813,4,0,153,"Human genome editing refers to a set of powerful new tools that allow scientists to make precise changes to the DNA in human cells. It is helpful to distinguish between two broad forms. Somatic genome editing alters the genetic material in particular body cells of an existing person, such as blood or liver cells, and those changes are not passed on to future children. Heritable, or germline, genome editing alters the DNA of embryos, eggs or sperm so that the change could be inherited by future generations. A second distinction cuts across both forms: therapeutic editing aims to prevent or treat disease, while enhancement aims to alter traits such as height, intelligence, strength or appearance, rather than address a medical condition. The emergence of tools such as CRISPR-Cas9 has made editing cheaper, faster and more widely available, which is why this issue now feels urgent to many Australians and people around the world.",0.6985701,0.73145247,0.7340704,0.740138,0.7260085,0.686604,D,0.740138,0.006067574,D,D
deepseek__deepseek-v4-pro-0813__rep04,deepseek/deepseek-v4-pro-0813,4,1,153,"Many people come to this conversation with hope. They see genome editing as a natural extension of medicine, a way to correct the genetic mutations that cause serious diseases such as cystic fibrosis, sickle cell disease, Huntington’s disease, certain inherited cancers and some forms of blindness. For families affected by genetic conditions, the technology may offer the possibility of having healthy biological children and sparing future generations from severe pain and early death. Even somatic editing, which is already being trialled for some blood disorders and other conditions, is seen by many as a compassionate response to suffering. On this view, society has a moral duty to pursue safe and effective technologies that reduce disease, just as it does with vaccines, surgery and medicines. Reproductive freedom is also central here: many people believe parents should be able to use the best available medical options to give their children a healthy start in life.",0.74601877,0.7829601,0.7835147,0.79821503,0.7719157,0.76289415,D,0.79821503,0.014700353,D,D
deepseek__deepseek-v4-pro-0813__rep04,deepseek/deepseek-v4-pro-0813,4,2,162,"At the same time, many people are deeply cautious because the science is still developing. Editing tools can make unintended changes in parts of the genome that were not targeted, sometimes called off-target edits, and these could cause new diseases or cancer. Another problem is mosaicism, where only some cells in an embryo or tissue are successfully edited, making the outcome unpredictable. Heritable changes are especially concerning because they would affect every cell of the future person and could be passed on to their children and grandchildren. A mistake made now could enter the human gene pool permanently. Long-term safety cannot be guaranteed before reproductive use, because some effects may not appear for decades. There is also a question of consent. A child born after heritable editing cannot consent to having their genetic code altered, and future generations cannot consent either. Some ask whether it is fair to expose an unborn person to unknown risks for a benefit they did not choose.",0.7011464,0.74457693,0.74930316,0.7029853,0.74160135,0.70620143,C,0.74930316,0.004726231,C,E
deepseek__deepseek-v4-pro-0813__rep04,deepseek/deepseek-v4-pro-0813,4,3,176,"Beyond safety, there are deep ethical and social concerns. One major worry is that heritable editing could slide into a new form of eugenics. Even if the first uses are limited to serious diseases, the line between prevention and enhancement is not always clear. If society accepts editing embryos to prevent disease, some fear it may gradually accept editing for desirable traits, leading to what is often called designer babies. Parents might feel social pressure to select certain genetic features, and children could be judged by their genetic make-up. Disability advocates often argue that pursuing genetic fixes can reinforce stigma, implying that people living with disabilities are mistakes or burdens. They point out that many difficulties experienced by people with disability arise from social barriers, discrimination and lack of support, rather than from the genetic difference itself. Others highlight inequality: if editing is expensive, only wealthy families may be able to afford it, widening existing health and social gaps. There are also concerns about commercialisation, coercion and the possibility of a market in human genetic traits.",0.7253672,0.7835771,0.7753031,0.73364246,0.768569,0.73085874,B,0.7835771,0.008273959,B,B
deepseek__deepseek-v4-pro-0813__rep04,deepseek/deepseek-v4-pro-0813,4,4,153,"People also bring different worldviews and values to this issue. Some religious and spiritual traditions hold that human life is sacred from conception and that altering the human germline interferes with a role reserved for God or violates the natural order. Others see human creativity and healing as part of responsible stewardship or as an expression of human flourishing. Indigenous perspectives in Australia may emphasise kinship, ancestral connection and the integrity of community and Country; decisions about heredity may be understood as collective rather than individual, and there may be scepticism about technologies that concentrate power in distant laboratories or corporations. Feminist and disability-informed perspectives often stress relational autonomy, the social context of reproduction, and the danger of individual choices reinforcing discriminatory norms. Secular humanists may focus on reducing suffering and expanding human choice, while still cautioning about unintended consequences. These are not fixed camps; many people hold mixed and sometimes conflicting intuitions.",0.62115496,0.6277153,0.66348493,0.64985377,0.63117355,0.6344338,C,0.66348493,0.013631165,C,F
deepseek__deepseek-v4-pro-0813__rep04,deepseek/deepseek-v4-pro-0813,4,5,132,"Australia already has a regulatory framework for some of these questions. Reproductive cloning and certain forms of genetic modification are prohibited, and research involving human embryos is tightly controlled under a licensing system. Somatic gene therapies can be approved as therapeutic goods. In 2022, the Australian Parliament passed legislation allowing mitochondrial donation under strict conditions, sometimes known as Maeve’s Law. Mitochondrial donation is not the same as genome editing, because it involves moving nuclear DNA between eggs to prevent serious mitochondrial disease rather than changing genes directly. Even so, it showed that Parliament can contemplate heritable genetic changes in limited circumstances. Some people argue that this has opened the door slightly to heritable modification, while others insist that mitochondrial donation is different and should not be treated as a precedent for editing.",0.6350086,0.699815,0.6734588,0.6702833,0.67311585,0.66268003,B,0.699815,0.02635616,B,B
deepseek__deepseek-v4-pro-0813__rep04,deepseek/deepseek-v4-pro-0813,4,6,137,"The international context also matters. Australia does not decide in a vacuum. The World Health Organization has recommended that no clinical use of heritable genome editing proceed until safety, efficacy and broad social consensus are established. Some countries have ambiguous or permissive rules, and there have been reports of births after germline editing overseas, raising concerns about medical tourism. If Australia bans certain uses, Australians may still travel elsewhere to access them, which raises difficult questions of justice and enforcement. Conversely, if Australia permits uses early, it may influence global norms. International scientific bodies have suggested that any responsible pathway would require rigorous oversight, public consultation and perhaps an initial focus on severe genetic diseases where no reasonable alternative exists. Others argue that no amount of oversight can manage the social risks of altering the human germline.",0.64963144,0.7159951,0.69113666,0.66260993,0.6770642,0.6330774,B,0.7159951,0.024858415,B,B
deepseek__deepseek-v4-pro-0813__rep04,deepseek/deepseek-v4-pro-0813,4,7,131,"Within this spectrum there are possible middle positions. Some propose allowing somatic editing freely as therapy while imposing a moratorium on heritable editing. Others would allow heritable editing only for severe, early-onset diseases with no reasonable alternative, under independent oversight, with long-term follow-up and broad access. Still others would permit research on embryos in the laboratory but not allow reproductive use for now. A further distinction is sometimes drawn between editing that restores a gene to a common healthy version and editing that introduces novel genetic variants. Some who oppose enhancement may accept restoration but not enhancement. Yet many disability advocates and social justice advocates warn that even well-intended therapeutic editing can entrench the idea that some lives are not worth living and draw resources away from care, inclusion and support.",0.76018983,0.7632457,0.77203006,0.79005426,0.7578349,0.7513236,D,0.79005426,0.018024206,D,D
deepseek__deepseek-v4-pro-0813__rep04,deepseek/deepseek-v4-pro-0813,4,8,118,"Ultimately, the assembly will be asked to weigh competing values: the desire to prevent suffering and support families, the duty to protect future generations from irreversible harm, the commitment to equality and inclusion, respect for diverse moral and cultural worldviews, and the need for trustworthy governance. Australians approach this issue with a mixture of hope, fear, caution and curiosity. The challenge is not simply to choose between innovation and safety, but to design a path that is scientifically credible, ethically reflective and democratically legitimate. This report is intended to open the conversation, not to close it, so that participants can deliberate with a clearer view of the rich landscape of perspectives that citizens bring to human genome editing.",0.73493475,0.7904439,0.78078645,0.76604676,0.7635304,0.7266419,B,0.7904439,0.009657443,B,B
deepseek__deepseek-v4-pro-0813__rep05,deepseek/deepseek-v4-pro-0813,5,0,114,"Human genome editing refers to a family of technologies, of which CRISPR-Cas9 is the best known, that allow scientists to alter DNA at precise locations in living cells. Those changes may be made in body cells, affecting only the individual being treated, or in embryos, eggs or sperm, where they could be passed to future generations. The technology has arrived with remarkable speed, and law, ethics and public understanding are still catching up. This report is intended to map the landscape of views, values, hopes and concerns that surround human genome editing, so that as an assembly you can begin your deliberation with a clearer sense of what is at stake for different Australians.",0.7295447,0.7742993,0.7829546,0.7509563,0.7648587,0.7063788,C,0.7829546,0.00865525,C,C
deepseek__deepseek-v4-pro-0813__rep05,deepseek/deepseek-v4-pro-0813,5,1,143,"For many people, the most immediate and compelling argument for genome editing is its potential to treat or prevent serious disease. Somatic editing, which targets non-reproductive cells, is widely seen as an extension of existing gene therapy. It offers hope for conditions such as sickle cell disease, some inherited forms of blindness, certain cancers and metabolic disorders. In these cases, the edited change would not be inherited by future children, and many people regard it as less ethically fraught. Families living with devastating genetic conditions often speak of the technology as a moral imperative: if we can relieve suffering, prevent premature death or spare a child a life of painful medical interventions, we should pursue that goal carefully but actively. From this perspective, opposition to genome editing can feel like an abstract luxury to those who face the daily reality of genetic illness.",0.7482588,0.76602656,0.79391503,0.7890814,0.77282095,0.7412363,C,0.79391503,0.0048336387,C,D
deepseek__deepseek-v4-pro-0813__rep05,deepseek/deepseek-v4-pro-0813,5,2,139,"The picture becomes more contested when editing is performed on embryos, eggs or sperm so that the genetic change can be passed on to future generations. This is often called heritable or germline genome editing. Proponents argue that it could eliminate certain inherited diseases from a family line altogether, rather than requiring each generation to undergo screening, testing or treatment. For some couples with a known genetic condition, it might offer the only way to have a genetically related child without passing on that condition. Yet opponents point out that heritable changes are irreversible, affect individuals who cannot consent, and could have unforeseen consequences that ripple through future generations. Once introduced, such changes would be part of the shared human gene pool, raising questions about who has the right to make decisions on behalf of people not yet born.",0.6980161,0.701626,0.7245106,0.7153562,0.73761624,0.7088326,E,0.73761624,0.013105631,E,E
deepseek__deepseek-v4-pro-0813__rep05,deepseek/deepseek-v4-pro-0813,5,3,153,"Disability communities and advocates bring an important and sometimes challenging perspective to these debates. Many people living with genetic conditions do not see their lives as tragedies, and they caution that an intense focus on editing out disease genes can imply that lives like theirs are less valuable or less worth living. They argue that much of the suffering associated with disability comes not from the condition itself but from social exclusion, discrimination, inaccessible environments and inadequate support. From this viewpoint, the more just response to genetic difference is to remove barriers, not to remove disabled people from the population. At the same time, some parents and families affected by severe conditions feel torn: they may value disability rights and diversity in principle, yet still wish to spare their own child from pain, medical procedures or early death. These tensions are not easily resolved, and they sit at the heart of public deliberation.",0.6620566,0.7076785,0.71275914,0.70998335,0.6815002,0.68794876,C,0.71275914,0.0027757883,C,D
deepseek__deepseek-v4-pro-0813__rep05,deepseek/deepseek-v4-pro-0813,5,4,135,"Questions of social justice and access are also central. If genome editing becomes available only to those who can afford it, it could deepen existing health inequalities. In Australia, a publicly funded health system provides some protection, but it does not automatically cover every new technology. Even if editing were subsidised, Australians might still travel overseas to jurisdictions with different rules, or wealthier countries might advance faster in research and leave others behind. There is also concern that the pursuit of high-tech genetic interventions could divert attention and resources from proven public health measures, such as maternal health, nutrition, early intervention and disability support. Many people argue that before Australia embraces genome editing, it should consider whether the benefits are likely to be shared fairly, or whether the technology will become another marker of privilege.",0.6943858,0.7767844,0.723616,0.69736344,0.7131489,0.6997429,B,0.7767844,0.053168416,B,B
deepseek__deepseek-v4-pro-0813__rep05,deepseek/deepseek-v4-pro-0813,5,5,133,"Reproductive autonomy is another strong theme. Some people emphasise the right of parents to make decisions about their own children’s genetic makeup, particularly when they face the risk of passing on a serious condition. This view builds on existing practices such as prenatal testing, preimplantation genetic testing and IVF, which already allow some degree of selection. For these advocates, genome editing is not a radical break but a more precise tool within a familiar landscape of reproductive choice. Others worry that expanding choice can inadvertently create pressure to use it. If a “healthy” or “enhanced” child becomes the expected standard, parents may feel judged or irresponsible for not editing where they could. This can shift the meaning of parenthood from welcoming a child to designing one, a shift that makes many people uneasy.",0.73108894,0.7579125,0.7689823,0.7551727,0.76911503,0.75996375,E,0.76911503,0.00013273954,E,F
deepseek__deepseek-v4-pro-0813__rep05,deepseek/deepseek-v4-pro-0813,5,6,136,"Beyond treating disease, the possibility of using genome editing for enhancement raises some of the deepest concerns. Enhancement could mean altering genes for traits such as height, muscle strength, cognitive ability or longevity, rather than preventing illness. Most Australian laws and international guidelines reject eugenic practices, and the history of eugenics, including forced sterilisation and discriminatory policies against Indigenous Australians and people with disabilities, casts a long shadow. Some transhumanist and libertarian voices argue that enhancement is simply an extension of personal freedom and human improvement, and that people should be allowed to pursue it. Others respond that enhancement could create new forms of genetic inequality, commodify children and repeat the injustices of the past in new biological forms. The line between therapy and enhancement is often blurry, and different people draw it in different places.",0.71224767,0.7203186,0.725562,0.7430987,0.73093796,0.70752054,D,0.7430987,0.012160718,D,D
deepseek__deepseek-v4-pro-0813__rep05,deepseek/deepseek-v4-pro-0813,5,7,120,"Cultural, religious and spiritual perspectives add further layers. Some religious traditions regard the human genome as sacred or as a creation that should not be altered in fundamental ways, while others see healing and the relief of suffering as a central duty. Some Indigenous Australians emphasise relational obligations to ancestors, community and future generations, which can sit uneasily with an individualistic focus on parental choice. Many people hold that decisions about inheritable genetic changes should not be made by individuals alone, because they affect family, community and the wider society. Respect for these diverse worldviews suggests that any regulatory pathway in Australia must be developed through genuine public engagement, not imposed by a narrow group of experts or commercial interests.",0.6731021,0.70810634,0.72665906,0.7034387,0.6982436,0.6826356,C,0.72665906,0.01855272,C,C
deepseek__deepseek-v4-pro-0813__rep05,deepseek/deepseek-v4-pro-0813,5,8,111,"Intergenerational responsibility is another recurring concern. Because heritable edits would be passed on, decisions made today could shape the biology of people who will live decades or centuries from now. We cannot fully predict how an edited gene might interact with other genes or with changing environments. Some argue that the precautionary principle should apply: where there is uncertainty and the potential for irreversible harm, we should proceed very slowly or not at all. Others argue that caution can also be a form of harm if it delays treatments that could relieve suffering now. Finding a balance between hope and humility is one of the most difficult tasks facing the assembly.",0.70351875,0.72036165,0.72130656,0.7189374,0.723739,0.7066725,E,0.723739,0.0024324656,E,E
deepseek__deepseek-v4-pro-0813__rep05,deepseek/deepseek-v4-pro-0813,5,9,126,"Finally, there is the question of how Australia should be governed in a global context. Current Australian law prohibits reproductive cloning and strictly regulates embryo research. Mitochondrial donation was legalised in 2022 in limited circumstances to prevent the inheritance of mitochondrial disease, showing that carefully bounded reform is possible. International bodies such as the World Health Organization have called for robust oversight, transparency and broad public dialogue. Some people want Australia to be a leader in responsible research; others want a moratorium until the risks are better understood; still others want to ensure that Australians are not left behind as other countries move forward. Your deliberations will need to weigh these different visions alongside the values and concerns that matter most to the community you represent.",0.6115076,0.6902679,0.640036,0.6359793,0.6487979,0.62996304,B,0.6902679,0.04146999,B,B
deepseek__deepseek-v4-pro-0813__rep06,deepseek/deepseek-v4-pro-0813,6,0,85,"Human genome editing is no longer a speculative idea. Over the past decade, tools such as CRISPR have given scientists an unprecedented ability to make precise changes to DNA in living cells, including in human embryos. This report is intended to help participants in the citizens’ assembly see the broad landscape of perspectives, arguments, hopes and concerns that Australians bring to the question of whether and how human genome editing should be permitted and regulated. It does not recommend a position; it maps the territory.",0.73227596,0.78241,0.7718979,0.7447132,0.7608516,0.7071661,B,0.78241,0.010512114,B,B
deepseek__deepseek-v4-pro-0813__rep06,deepseek/deepseek-v4-pro-0813,6,1,85,"A useful starting point is the distinction between editing body cells, often called somatic editing, and editing sperm, eggs or early embryos, often called germline or heritable editing. Somatic changes affect only the person treated. Heritable changes can be passed on to future generations. A second distinction is between therapy, which aims to prevent or treat disease, and enhancement, which aims to alter normal human traits. These distinctions matter greatly to how people judge risk, consent and fairness, though many real cases blur the lines.",0.6556451,0.6725096,0.6861547,0.7056865,0.6888883,0.6641918,D,0.7056865,0.016798198,D,D
deepseek__deepseek-v4-pro-0813__rep06,deepseek/deepseek-v4-pro-0813,6,2,120,"For many people, the strongest hope is medical. A child with a rare metabolic disorder, a person with sickle cell disease, a family carrying Huntington’s disease, or a patient with an aggressive cancer may see genome editing as a chance to correct a biological cause of suffering at its source. Somatic therapies are already being tested or approved for some blood disorders and cancers, and this gives advocates confidence that more treatments will follow. For parents who know they carry a serious inherited condition, heritable editing can sound like a way to ensure their child is born free of that condition. Some argue that if a safe intervention can prevent serious disease, there is a moral obligation to develop it.",0.7320511,0.74112445,0.7453919,0.7631,0.72920954,0.7304265,D,0.7631,0.017708123,D,D
deepseek__deepseek-v4-pro-0813__rep06,deepseek/deepseek-v4-pro-0813,6,3,98,"Yet safety remains a central concern. CRISPR and similar tools are not perfectly precise. Off-target changes could trigger unexpected health problems, and even an intended edit may have effects that are not understood for many years. In heritable editing these risks are not limited to one patient; they could be inherited by the child’s descendants. Because long-term consequences are hard to study without crossing ethical lines, many scientists and bioethicists argue that heritable editing should not proceed in reproduction until there is far stronger evidence of safety, and until there is broad social agreement about its acceptable uses.",0.7220927,0.7634403,0.7733599,0.7266404,0.7490609,0.722883,C,0.7733599,0.009919584,C,C
deepseek__deepseek-v4-pro-0813__rep06,deepseek/deepseek-v4-pro-0813,6,4,134,"Alongside safety sit deeper concerns about eugenics and the value of human diversity. Disability advocates often warn that enthusiasm for removing genes associated with deafness, short stature, autism or other conditions can send a message that disabled lives are less worthy. They argue that many problems faced by disabled people arise not from their bodies but from inaccessible environments, discrimination and inadequate support. From this perspective, editing genes to prevent disability may be a shortcut that avoids the harder work of building an inclusive society. Others respond that parents who want to avoid severe pain, disability or early death for their child are not rejecting disabled people; they are trying to be responsible and compassionate. This tension between celebrating diversity and preventing suffering is one of the most emotionally charged parts of the debate.",0.6887684,0.69990313,0.71874225,0.71099544,0.69534117,0.69641274,C,0.71874225,0.0077468157,C,F
deepseek__deepseek-v4-pro-0813__rep06,deepseek/deepseek-v4-pro-0813,6,5,118,"Parents and prospective parents often experience this tension personally. Some adults living with genetic conditions say they would not want to pass the condition on, while others say their condition is part of their identity and that they would not edit it away. Some parents feel a strong duty to use any available technology to give their child the best possible chance in life. At the same time, if genetic testing or editing becomes normalised, parents may feel pressure to use it, and could be blamed if they do not. This raises questions about reproductive freedom and whether choice can remain genuinely free in a society with strong ideas about what a healthy or acceptable child should be.",0.6452823,0.6819244,0.7015399,0.666303,0.6717411,0.6956397,C,0.7015399,0.0059001446,C,F
deepseek__deepseek-v4-pro-0813__rep06,deepseek/deepseek-v4-pro-0813,6,6,141,"Religious and cultural perspectives add further layers. Some traditions see human life and the genome as sacred or given by God, and regard deliberate changes to the germline as overstepping human limits, while still allowing somatic medicine as a form of healing. Others emphasise that humans are called to be stewards or co-creators and see carefully regulated editing as an extension of medicine. Among Indigenous Australians, views are diverse, but many emphasise the connectedness of people, land, ancestors and future generations. Genetic material can be understood not merely as individual property but as part of a collective inheritance. This raises specific concerns about consent, cultural authority, respect for traditional knowledge and the risk that human genetic variation is treated as a commodity. Listening to these perspectives matters because genome editing touches not only individual patients but also family, community and country.",0.68365055,0.7252366,0.7534624,0.73543006,0.73012024,0.6983366,C,0.7534624,0.018032312,C,C
deepseek__deepseek-v4-pro-0813__rep06,deepseek/deepseek-v4-pro-0813,6,7,107,"Fairness and justice are also central. New genetic therapies are often extremely expensive. If genome editing becomes available mainly to those who can pay large sums, it could deepen existing health inequalities. There is also a global dimension: research priorities may focus on diseases that affect wealthy countries while neglecting conditions that affect poorer regions. Some argue that any future approval of genome editing should be accompanied by public funding, universal access and safeguards against discrimination by insurers or employers. Others point out that overly strict regulation may slow innovation and encourage people to travel to countries with weaker rules, which can create new risks and injustices.",0.72423494,0.7756789,0.7371668,0.73464805,0.7332511,0.73246026,B,0.7756789,0.03851205,B,B
deepseek__deepseek-v4-pro-0813__rep06,deepseek/deepseek-v4-pro-0813,6,8,142,"Australian governance will need to respond to this complex landscape. Somatic gene therapies are generally regulated as medicines, and research involving human embryos is subject to strict laws; heritable genome editing for reproduction is not currently permitted. Many Australians trust these safeguards, but trust has been shaken internationally by cases such as the 2018 announcement that embryos had been edited and babies born in China. That case reminded the world that technology can move faster than law and that individual scientists can act outside agreed norms. It also intensified calls for clear national laws and international cooperation. Some citizens favour a moratorium on heritable editing until safety and social consensus are established. Others argue that blanket prohibitions prevent responsible research that could eventually relieve suffering. Still others believe certain uses, such as editing for enhancement or non-medical traits, should never be allowed.",0.677434,0.74239993,0.7324889,0.70243406,0.7064149,0.6819563,B,0.74239993,0.00991106,B,B
deepseek__deepseek-v4-pro-0813__rep06,deepseek/deepseek-v4-pro-0813,6,9,106,"Underneath these positions are different ways of weighing values. Some prioritise the relief of suffering and the freedom of families to make reproductive choices. Others prioritise precaution, the protection of future generations, the dignity of existing disabled people and the need to avoid repeating past eugenic abuses. Some place their trust in science and expert oversight, while others remember Australia’s own history of forced sterilisation and institutional abuse and therefore demand strong democratic control. Many people hold several of these views at once: they hope for cures but fear a slippery slope; they want choice but worry about pressure; they welcome innovation but insist on fairness.",0.7172545,0.7264989,0.7287614,0.7343039,0.7192963,0.7110008,D,0.7343039,0.0055425167,D,A
deepseek__deepseek-v4-pro-0813__rep06,deepseek/deepseek-v4-pro-0813,6,10,86,"The citizens’ assembly is a space where these perspectives can be examined together. The task is not to decide whether genome editing is simply good or bad, but to consider what conditions, limits, safeguards and forms of oversight would be needed for Australians to feel confident that any permitted uses are safe, fair and respectful of the many values in society. By understanding the landscape of hopes and concerns, participants can begin to deliberate on the kind of future they want to allow, prevent and shape.",0.7291611,0.7869647,0.7661362,0.7411171,0.7701294,0.70611596,B,0.7869647,0.016835332,B,B
deepseek__deepseek-v4-pro-0813__rep07,deepseek/deepseek-v4-pro-0813,7,0,87,"Human genome editing raises questions that go well beyond the laboratory. As you begin your deliberations, it helps to recognise that Australians approach this issue with very different starting points. Some see it as a powerful new way to relieve suffering; others see it as a threat to human dignity, equality or the natural order. This report surveys the hopes, values, concerns and arguments that commonly appear in public debate, so that the assembly can engage with the full range of perspectives before forming its own judgements.",0.74027926,0.789508,0.7775309,0.7605542,0.76151896,0.71233046,B,0.789508,0.0119770765,B,B
deepseek__deepseek-v4-pro-0813__rep07,deepseek/deepseek-v4-pro-0813,7,1,129,"At the most basic level, there is an important distinction between somatic and inherited, or germline, editing. Somatic editing changes genetic material in a patient’s body cells to treat that individual, and it is widely viewed as a promising extension of medicine, though not without safety concerns. Germline editing changes the DNA in embryos, eggs, sperm or very early cells so that the alteration can be passed to future generations. That heritable dimension changes the ethical stakes dramatically. Many people who support somatic therapies nevertheless believe germline editing should be prohibited, or at least delayed until questions of safety, consent and social impact are addressed. Others reply that if we can safely prevent a serious inherited disease from being passed on, it would be wrong not to use it.",0.7092507,0.7542659,0.7544135,0.76102716,0.75703543,0.7301663,D,0.76102716,0.003991723,D,E
deepseek__deepseek-v4-pro-0813__rep07,deepseek/deepseek-v4-pro-0813,7,2,90,"A central hope is medical relief. Families affected by conditions such as Huntington’s disease, cystic fibrosis, sickle cell disease or Tay-Sachs disease have long lived with pain, disability and early death. For them, genome editing can seem like a long-awaited chance to avoid devastating diagnoses. Somatic therapies are already being developed for blood disorders and some cancers, and many patient advocates argue that too much caution would deny people life-saving treatment. In this view, the ethical imperative is to heal, and editing is simply a more precise form of medicine.",0.7304262,0.7422468,0.7528219,0.7819883,0.73554766,0.7261501,D,0.7819883,0.0291664,D,D
deepseek__deepseek-v4-pro-0813__rep07,deepseek/deepseek-v4-pro-0813,7,3,114,"Safety is the strongest counterweight. Even precise tools can produce off-target changes, meaning unintended edits elsewhere in the genome. In a somatic therapy, an error may harm the patient but remain contained. In germline editing, an error could be inherited by every cell of a future person and then passed down the generations. Because consequences may not appear for decades, some scientists and ethicists argue that heritable editing cannot be considered safe enough for the foreseeable future. They emphasise that we lack the ability to reverse mistakes and that laboratory success in animals does not guarantee human outcomes. This caution is often accompanied by a call for more basic research before any clinical use.",0.707137,0.72585875,0.73508984,0.7009101,0.7122841,0.6928854,C,0.73508984,0.009231091,C,A
deepseek__deepseek-v4-pro-0813__rep07,deepseek/deepseek-v4-pro-0813,7,4,122,"Consent and the rights of future generations are central to debates over germline editing. A patient can consent to a somatic treatment, but an embryo cannot consent to having its genome altered, and future descendants certainly cannot. Some argue that parents already make profound decisions for their children, including medical treatment and education, so choosing to avoid a serious genetic disease is a legitimate extension of parental responsibility. Others worry that germline editing crosses a line because it changes the child’s genetic makeup before the child exists, potentially shaping the child’s identity in ways the child can never reject. This leads to deeper disagreements about whether the human genome is a common inheritance that should not be permanently modified by one generation.",0.70461285,0.7462649,0.7649999,0.73756903,0.76417637,0.7514124,C,0.7649999,0.0008235574,C,F
deepseek__deepseek-v4-pro-0813__rep07,deepseek/deepseek-v4-pro-0813,7,5,92,"Equity and access are recurring concerns. If genome editing is expensive, it may be available only to the wealthy, creating a new form of biological inequality. Even if Australia’s public health system eventually funds some treatments, expensive technologies can still widen gaps within and between countries. Some participants may fear that editing will become a luxury service, reinforcing existing advantages in health, education and appearance. Others argue that unequal access is a reason to regulate and subsidise beneficial uses, not to ban them, because every new medical technology starts out unevenly distributed.",0.7191634,0.7876298,0.757535,0.731371,0.74648607,0.7424127,B,0.7876298,0.030094802,B,B
deepseek__deepseek-v4-pro-0813__rep07,deepseek/deepseek-v4-pro-0813,7,6,114,"A particularly contested area is the boundary between therapy and enhancement. Many people support editing to treat or prevent disease but oppose using it to select or enhance traits such as height, intelligence, strength or appearance. They worry about designer babies and a slippery slope from medical need to parental preference. Yet the line between prevention and enhancement is not always clear. Is editing to remove a genetic variant that increases cancer risk therapy? Is selecting for stronger immunity enhancement? Some people see no moral problem with parents wanting to give their child advantages, while others believe that treating children as products to be designed undermines the unconditional love and acceptance that children deserve.",0.7298366,0.7321328,0.75663996,0.745435,0.7393617,0.7375015,C,0.75663996,0.011204958,C,F
deepseek__deepseek-v4-pro-0813__rep07,deepseek/deepseek-v4-pro-0813,7,7,100,"Disability perspectives add an important voice. Some people with disabilities and their advocates warn that the push to eliminate genetic conditions can devalue the lives of those living with those conditions. They argue that society should focus on removing barriers and improving inclusion rather than assuming that disabled lives are tragedies to be prevented. At the same time, other people with lived experience of disability or serious illness strongly support research that could spare future children from suffering. Both views can be held sincerely, and the assembly may need to hold them together rather than treating one as obviously right.",0.6589725,0.67267025,0.669257,0.6828695,0.65584296,0.6472985,D,0.6828695,0.010199249,D,A
deepseek__deepseek-v4-pro-0813__rep07,deepseek/deepseek-v4-pro-0813,7,8,97,"Religious, spiritual and cultural values also shape public views. Some traditions regard the human genome as sacred or as a gift that should not be fundamentally altered. The language of playing God expresses a caution about human hubris and unintended consequences. Others within the same traditions may argue that healing is a moral duty and that using our intelligence to prevent disease respects the gift of life. Secular perspectives vary too: some emphasise individual reproductive liberty, while others prioritise social justice, precaution or the protection of future generations. These values cannot easily be separated from personal identity.",0.67440766,0.6759345,0.70316035,0.7038777,0.6826209,0.6872856,D,0.7038777,0.0007173419,D,F
deepseek__deepseek-v4-pro-0813__rep07,deepseek/deepseek-v4-pro-0813,7,9,102,"Australia’s current regulatory situation is cautious. Heritable human genome editing for reproduction is not currently permitted, research using human embryos is tightly controlled, and any significant change would require careful public and parliamentary consideration. Some people believe this caution is appropriate and that Australia should be a leader in strong oversight. Others argue that overly restrictive laws will drive research and patients overseas, and that Australia should develop a regulated pathway for safe and ethical uses. International debates reveal similar tensions: some countries have banned germline editing, others have permissive research frameworks, and many are waiting for greater scientific and social consensus.",0.6979347,0.74524134,0.73714685,0.705734,0.71355045,0.69638896,B,0.74524134,0.00809449,B,B
deepseek__deepseek-v4-pro-0813__rep07,deepseek/deepseek-v4-pro-0813,7,10,86,"In the end, this assembly is being asked to deliberate on a question that has no single answer. The task is not to choose between science and ethics, but to weigh competing goods: relief of suffering, safety, consent, equality, inclusion, freedom and responsibility. By recognising the range of views, participants can move beyond slogans and engage with the underlying values at stake. That is the purpose of this report: to open the landscape before you, so that your deliberations can be informed, respectful and genuinely democratic.",0.67481816,0.6692719,0.66711545,0.65709007,0.6491747,0.6429052,A,0.67481816,0.005546272,A,A
deepseek__deepseek-v4-pro-0813__rep08,deepseek/deepseek-v4-pro-0813,8,0,52,"This report offers a broad map of the views that Australians and people around the world bring to the question of human genome editing. It is not intended to recommend a position, but to help assembly participants recognise the range of hopes, concerns, values and arguments that are likely to shape deliberation.",0.77164495,0.79678845,0.80053246,0.77208483,0.79159796,0.720977,C,0.80053246,0.0037440062,C,E
deepseek__deepseek-v4-pro-0813__rep08,deepseek/deepseek-v4-pro-0813,8,1,111,"Human genome editing refers to technologies, such as CRISPR, that allow scientists to make precise changes to the DNA of living cells. Some changes affect only the person being treated and are not passed on to their children. These are called somatic edits and are already being tested for conditions such as some cancers, blood disorders and inherited blindness. Other changes are made to embryos, eggs, sperm or very early reproductive cells. These are called germline edits and can be inherited by future generations. Much of the public debate focuses on germline editing because its effects could permanently alter a family’s genetic inheritance and, over time, the broader human gene pool.",0.69778085,0.73363423,0.7456923,0.7381587,0.73608816,0.705742,C,0.7456923,0.00753361,C,E
deepseek__deepseek-v4-pro-0813__rep08,deepseek/deepseek-v4-pro-0813,8,2,130,"For many people, the strongest hope is that genome editing could relieve profound human suffering. Parents who carry genes for serious conditions such as cystic fibrosis, Huntington’s disease, Tay-Sachs disease or certain inherited cancers often describe the anguish of watching a child become ill or of deciding whether to risk passing a condition on. Some see germline editing as a natural extension of existing reproductive choices, offering families the chance to have children who are biologically related to them without transmitting a devastating disease. Patient advocacy groups sometimes argue that once a technology is safe enough, there is a moral duty to use it to prevent severe illness and premature death. From this perspective, not pursuing a technology that could spare future children from suffering would itself be ethically troubling.",0.76293397,0.7763623,0.7941371,0.7984683,0.77116144,0.7549259,D,0.7984683,0.0043311715,D,D
deepseek__deepseek-v4-pro-0813__rep08,deepseek/deepseek-v4-pro-0813,8,3,139,"A second major theme is safety and scientific uncertainty. Although CRISPR is often described as precise, it can still make unintended changes to other parts of the genome. Even a small off-target edit could cause cancer, developmental problems or other health issues that may not become apparent for many years. In germline editing, these risks would be borne by a child who cannot consent, and would then be passed on to that child’s descendants. Many scientists and bioethicists therefore argue that heritable genome editing should not proceed until there is much stronger evidence that it is safe, and until there is broad social agreement that it is acceptable. Some call for an international moratorium on clinical germline editing while research continues. Others believe that a permanent prohibition is unnecessary if strict oversight and staged, transparent research can be developed.",0.7337227,0.77832997,0.78112775,0.7185299,0.74642795,0.7244142,C,0.78112775,0.0027977824,C,B
deepseek__deepseek-v4-pro-0813__rep08,deepseek/deepseek-v4-pro-0813,8,4,143,"Religious, spiritual and philosophical traditions also shape many Australians’ views. For some, editing an embryo raises deep concerns about the moral status of the embryo and about whether humans are overstepping their proper limits. The language of “playing God” is sometimes used to express a worry that we are treating human life as a manufactured product rather than as a gift. Some religious thinkers, however, interpret the call to heal the sick as supporting therapeutic genome editing, provided it is not used to destroy embryos or to redesign human nature. Others from secular traditions may not appeal to God but still worry about hubris, unintended consequences and the commodification of children. These perspectives remind us that the debate is not only about safety and effectiveness; it is also about what it means to be human, to be a parent and to accept limits.",0.68022454,0.7112307,0.7414881,0.7204422,0.7155995,0.70756114,C,0.7414881,0.021045923,C,C
deepseek__deepseek-v4-pro-0813__rep08,deepseek/deepseek-v4-pro-0813,8,5,145,"Disability communities and their allies contribute a vital perspective. Many disabled people and advocates warn that editing out genes associated with disability can send a powerful message that disabled lives are less worth living. They argue that society often exaggerates the suffering caused by disability while underestimating the barriers created by discrimination, inaccessible environments and lack of support. For some, the push to eliminate conditions such as Down syndrome or deafness is a form of modern eugenics, even if it is carried out through individual parental choice rather than state coercion. At the same time, some people living with serious genetic conditions do support research that could prevent others from experiencing pain, frequent hospitalisation or early death. The key tension is between respecting the dignity and equality of people with disabilities and recognising the genuine desire of parents to avoid serious illness in their children.",0.63474464,0.65522486,0.66959006,0.6699165,0.6530327,0.64615643,D,0.6699165,0.00032645464,D,D
deepseek__deepseek-v4-pro-0813__rep08,deepseek/deepseek-v4-pro-0813,8,6,128,"Social justice and equity concerns are prominent as well. New genetic technologies are often expensive, and if genome editing becomes available only through private clinics, the benefits may flow mainly to wealthy families. This could deepen existing health inequalities, both within Australia and between wealthy and poorer countries. Rural and remote communities, Aboriginal and Torres Strait Islander peoples, and people on low incomes already face barriers to high-quality health care. There is also concern about genetic discrimination: if people are expected to edit their children’s genomes to avoid disease, those who cannot afford it, or who choose not to, may be blamed or penalised. Some fear the emergence of a genetic underclass. Fair access, public funding and protection against genetic discrimination are therefore central issues for many Australians.",0.68194956,0.7737917,0.74072534,0.70096713,0.7166213,0.70984614,B,0.7737917,0.033066332,B,B
deepseek__deepseek-v4-pro-0813__rep08,deepseek/deepseek-v4-pro-0813,8,7,159,"The distinction between therapy and enhancement is often raised but can be difficult to draw. Many people support editing to treat or prevent serious disease, but oppose its use to enhance traits such as intelligence, physical strength, appearance or temperament. Yet the line between prevention and enhancement can blur. Would editing out a gene linked to high cholesterol be therapy, while editing in a gene linked to better memory be enhancement? What about choosing height or eye colour? For some, enhancement is not inherently wrong and could even be seen as a legitimate expression of parental aspiration, much like providing good nutrition or education. For others, enhancement raises the spectre of “designer babies,” a competitive consumer culture and a new form of eugenics in which certain human traits are ranked as superior. Australia’s history, including eugenic practices that targeted Indigenous people and people with disabilities, makes many wary of any social pressure to produce a particular kind of child.",0.6898317,0.6844739,0.7054845,0.70337564,0.6975003,0.67039156,C,0.7054845,0.002108872,C,A
deepseek__deepseek-v4-pro-0813__rep08,deepseek/deepseek-v4-pro-0813,8,8,140,"Consent and the rights of future generations are another recurring concern. A child born after germline editing has not consented to the change, yet will carry it in every cell and may pass it to their children. Some argue that parents already make life-changing decisions for their children, such as where to live, what religion to practise and what medical treatments to accept. On this view, using genome editing to prevent serious disease is not fundamentally different. Others respond that heritable genetic changes are different in kind because they affect not only one child but an entire line of descendants, and because they alter the genetic makeup of future people before they can have any say. This raises deep questions about intergenerational justice and whether the current generation has the right to make permanent genetic decisions on behalf of humanity.",0.69722366,0.7351277,0.7484479,0.74064815,0.7651838,0.7388642,E,0.7651838,0.016735911,E,E
deepseek__deepseek-v4-pro-0813__rep08,deepseek/deepseek-v4-pro-0813,8,9,117,"Australia’s current regulatory setting is also part of the landscape. Somatic gene therapy is regulated as a medical treatment, and some clinical trials are underway. Mitochondrial donation, which involves transferring nuclear DNA to prevent certain rare diseases, was legalised in Australia under strict conditions in 2022. However, heritable genome editing that alters nuclear DNA in human embryos for reproduction remains prohibited. Participants will need to consider whether these arrangements remain appropriate, whether they should be updated, and what kind of oversight, licensing and public consultation would be needed if any changes were made. International bodies such as the World Health Organization have urged caution and called for broad societal dialogue before any country allows heritable genome editing.",0.66545033,0.7434281,0.71578074,0.71185994,0.70553327,0.6869955,B,0.7434281,0.027647376,B,B
deepseek__deepseek-v4-pro-0813__rep08,deepseek/deepseek-v4-pro-0813,8,10,118,"Finally, cultural diversity within Australia means there is no single set of values about genes, inheritance and reproduction. Aboriginal and Torres Strait Islander peoples may bring distinct cultural and spiritual understandings of ancestry, kinship and obligations to future generations. Many migrant communities draw on religious or cultural traditions that shape their views of embryos, family and medical intervention. Any legitimate policy will need to respect this pluralism while protecting people from harm. The task before the assembly is therefore not simply to decide whether genome editing is good or bad, but to weigh competing values: the relief of suffering against the precautionary principle, individual choice against collective responsibility, openness to innovation against respect for human dignity and equality.",0.6870092,0.7484026,0.75545496,0.72807586,0.73199135,0.69620305,C,0.75545496,0.007052362,C,C
deepseek__deepseek-v4-pro-0813__rep09,deepseek/deepseek-v4-pro-0813,9,0,125,"Participants in this citizens’ assembly are being asked to consider one of the most consequential questions in modern science: whether and how Australia should permit and regulate the editing of the human genome. Human genome editing refers to techniques, most notably CRISPR, that allow scientists to make precise changes to DNA in living cells. A key distinction in the debate is between somatic editing, where changes affect only the treated individual and are not inherited, and germline or heritable editing, where changes are made to embryos, eggs, sperm, or the cells that give rise to them and could be passed on to future generations. This distinction shapes much of the moral and regulatory landscape, though it is not always as clear-cut as it first appears.",0.72274864,0.76636034,0.7679303,0.7551849,0.7649942,0.72544795,C,0.7679303,0.0015699863,C,E
deepseek__deepseek-v4-pro-0813__rep09,deepseek/deepseek-v4-pro-0813,9,1,121,"Many people approach genome editing with hope. For those living with genetic disorders, and for their families, the technology can look like a long-awaited form of medicine. Somatic editing is already being trialled or approved for conditions such as sickle cell disease, some forms of blindness, and certain cancers. From this perspective, genome editing is simply the next step in a long history of medical progress, an extension of the compassion that drives us to heal the sick and relieve suffering. Patient advocates often argue that delaying such therapies, once they are shown to be safe and effective, would be unjust and even cruel. Researchers and clinicians tend to share this view, though many also urge caution about moving too quickly.",0.75295454,0.75539285,0.76121587,0.7658068,0.7399652,0.71267164,D,0.7658068,0.0045909286,D,A
deepseek__deepseek-v4-pro-0813__rep09,deepseek/deepseek-v4-pro-0813,9,2,126,"For some people, the hope extends to preventing genetic disease before birth. Parents who know they carry a serious heritable condition may wish to use germline editing to ensure their child is born free of that condition. They may argue that if we can prevent a child from developing a devastating illness, we have a moral reason to do so. This reasoning draws on values such as parental responsibility, compassion, and reproductive freedom. In Australia, the recent legalisation of mitochondrial donation under limited circumstances reflects a cautious willingness to allow some heritable changes in order to prevent severe mitochondrial disease. Supporters of this measure see it as a humane and carefully regulated step, while some critics see it as a movement toward more extensive germline editing.",0.7039505,0.7301678,0.7301116,0.7402489,0.722189,0.7286665,D,0.7402489,0.010081112,D,F
deepseek__deepseek-v4-pro-0813__rep09,deepseek/deepseek-v4-pro-0813,9,3,122,"On the other side of the debate are deep concerns about safety. Gene editing is still a relatively young technology, and off-target changes, unintended genetic disruptions, and long-term health consequences are not fully understood. These risks are especially serious in germline editing, because mistakes could affect not only a single child but that child’s descendants. A precautionary approach suggests that unless we can be confident the technology is safe, we should not use it in ways that could harm future generations. This concern was heightened after the 2018 announcement that a scientist in China had edited the genomes of twin girls. Many scientists and ethicists responded with alarm, calling for stronger international governance and for a temporary moratorium on clinical germline editing.",0.71707946,0.77607816,0.7666843,0.7280591,0.7437757,0.7139058,B,0.77607816,0.009393871,B,B
deepseek__deepseek-v4-pro-0813__rep09,deepseek/deepseek-v4-pro-0813,9,4,144,"Safety is not the only concern. For many people, the human embryo has special moral status, and manipulating its genome raises profound questions about the sanctity of life and the limits of human intervention. Religious and spiritual traditions differ, but many hold that human life at its earliest stages should not be treated as a mere object of experimentation. Even among people who do not share this view, there is unease about the idea of “playing God” or altering the fundamental fabric of human beings. In Australia, Aboriginal and Torres Strait Islander peoples bring distinctive cultural and spiritual perspectives to questions about genetic heritage, kinship, and the relationship between people, ancestors, and future generations. Any serious public conversation about genome editing must make room for these voices, and must recognise that Western scientific frameworks are not the only ways of understanding inheritance and identity.",0.71856064,0.7704426,0.78421366,0.7345539,0.7558274,0.7217825,C,0.78421366,0.013771057,C,C
deepseek__deepseek-v4-pro-0813__rep09,deepseek/deepseek-v4-pro-0813,9,5,138,"A further set of concerns centres on justice and the legacy of eugenics. Some disability advocates worry that editing out genetic conditions sends a message that disabled people’s lives are less valuable or less worth living. They argue that society should focus on removing barriers and improving support rather than trying to remove disabled people from the population. There are also fears that genome editing could widen existing inequalities. If genetic enhancements or even therapeutic edits are expensive, they may be available only to the wealthy, creating new forms of biological privilege. Historical attempts to control human reproduction, often targeting marginalised groups, make this a particularly sensitive issue. People from communities that have experienced discrimination or forced sterilisation may view the promise of genetic improvement with suspicion, seeing echoes of past eugenic ideologies dressed up in scientific language.",0.71891385,0.75815773,0.7543933,0.74255747,0.7546491,0.71625805,B,0.75815773,0.0035086274,B,E
deepseek__deepseek-v4-pro-0813__rep09,deepseek/deepseek-v4-pro-0813,9,6,123,"The line between therapy and enhancement is often invoked in these discussions, but it is contested. Many people support editing to treat or prevent disease but oppose its use for non-medical enhancement, such as increasing height, altering appearance, or boosting intelligence. Others argue that the distinction is hard to maintain in practice, since many traits exist on a spectrum and what counts as disease is shaped by social norms. A small minority, including some transhumanists and libertarians, argues that parents should be free to enhance their children’s genetic endowments, just as they already seek to improve them through education, nutrition, and other means. Most Australians, however, appear cautious about enhancement, and public opinion tends to support therapeutic uses far more than enhancement uses.",0.69942456,0.6914149,0.7091354,0.70901525,0.691406,0.7042427,C,0.7091354,0.000120162964,C,F
deepseek__deepseek-v4-pro-0813__rep09,deepseek/deepseek-v4-pro-0813,9,7,100,"Finally, there are questions about who gets to decide. Because heritable editing affects future generations, no one whose genes are changed can consent. This creates a unique ethical problem: we would be making irreversible choices on behalf of people who do not yet exist. Some argue that this makes germline editing intrinsically unacceptable, while others reply that parents already make countless decisions for their children, including decisions with genetic consequences, such as choosing a reproductive partner or using preimplantation genetic testing. Still, the lack of consent from future generations places a heavy burden of justification on any proposal to proceed.",0.6857714,0.72288847,0.7373264,0.70990103,0.7558193,0.7203693,E,0.7558193,0.018492937,E,E
deepseek__deepseek-v4-pro-0813__rep09,deepseek/deepseek-v4-pro-0813,9,8,77,"In Australia, the current regulatory framework reflects a mix of caution and openness. Somatic gene therapies are regulated as therapeutic goods, while heritable editing of embryos for reproduction is not permitted, and research involving human embryos is tightly restricted. The recent mitochondrial donation law shows that the community and Parliament can, in some circumstances, accept a carefully bounded form of heritable genetic change. But that decision followed years of consultation and ethical debate, and it remains controversial.",0.6494555,0.71353954,0.69028175,0.68251437,0.67403233,0.6797441,B,0.71353954,0.023257792,B,B
deepseek__deepseek-v4-pro-0813__rep09,deepseek/deepseek-v4-pro-0813,9,9,108,"As the assembly deliberates, it may help to remember that people come to this issue with different starting points. Some begin from the experience of watching a loved one suffer from a genetic condition. Others begin from a commitment to protecting the embryo. Still others begin from concern about the power of technology to reshape society, or from hope that it might reduce suffering. These perspectives are not always easy to reconcile. The task is not to decide which worldview is correct, but to consider how a pluralist society like Australia can govern a powerful technology in a way that is safe, just, and deserving of public trust.",0.69112265,0.7362753,0.7274126,0.706321,0.7282494,0.68561244,B,0.7362753,0.008025944,B,E
deepseek__deepseek-v4-pro-0813__rep10,deepseek/deepseek-v4-pro-0813,10,0,82,"As you prepare to deliberate on human genome editing, it may help to step back and survey the landscape of views that Australians bring to this issue. Human genome editing, especially using tools such as CRISPR-Cas9, allows scientists to make precise changes to DNA. Some of those changes affect only the person being treated, while others, if made in sperm, eggs or embryos, could be passed on to future generations. This distinction between somatic and heritable editing shapes much of the disagreement.",0.7193364,0.7648466,0.7771007,0.7535555,0.7642716,0.7145092,C,0.7771007,0.012254059,C,E
deepseek__deepseek-v4-pro-0813__rep10,deepseek/deepseek-v4-pro-0813,10,1,121,"A first body of hope focuses on the relief of suffering. For families affected by serious genetic conditions such as cystic fibrosis, Huntington’s disease or muscular dystrophy, genome editing offers the possibility of correcting the underlying cause rather than merely managing symptoms. Somatic therapies, which modify cells in a patient’s body, are already being developed for some blood disorders and cancers. For families with inherited conditions, heritable editing could mean that children are born free of a disease that has affected generations. Some parents argue that they have a moral obligation to avoid preventable suffering where safe and effective means exist. Researchers also point to potential long-term benefits, including reduced healthcare costs and the easing of burdens on families and carers.",0.733362,0.734243,0.736376,0.76658237,0.7226311,0.72504675,D,0.76658237,0.030206382,D,D
deepseek__deepseek-v4-pro-0813__rep10,deepseek/deepseek-v4-pro-0813,10,2,113,"At the same time, a second perspective stresses scientific caution. Genes rarely act alone, and changing one part of the genome may have unexpected effects elsewhere. There is also the risk of off-target changes, where the editing tool cuts DNA in unintended places, potentially causing new health problems. If heritable changes are made, any mistake could affect not only a child but that child’s descendants. Many scientists and bioethicists have therefore called for a moratorium on heritable editing until safety is better understood and broad social consensus is reached. Even for somatic editing, supporters of this view argue that rigorous trials, long-term follow-up and transparent oversight are essential before treatments become widely available.",0.7696403,0.7875191,0.78134537,0.7524935,0.77279943,0.73214144,B,0.7875191,0.00617373,B,A
deepseek__deepseek-v4-pro-0813__rep10,deepseek/deepseek-v4-pro-0813,10,3,102,"Another set of views focuses on the moral status of embryos and the limits of human intervention. For some faith traditions and philosophical positions, altering the human germline crosses a line into territory that should be left alone, sometimes described as playing God or violating human dignity. Others argue differently: if we have the power to safely relieve serious suffering, refusing to use it could itself be ethically questionable. In this view, genome editing is simply an extension of medicine, provided it is aimed at genuine therapy rather than enhancement. The tension between humility and compassion runs through much of the debate.",0.7455492,0.73606074,0.77073836,0.7810231,0.7689067,0.75372154,D,0.7810231,0.010284722,D,D
deepseek__deepseek-v4-pro-0813__rep10,deepseek/deepseek-v4-pro-0813,10,4,114,"Disability communities offer a particularly important perspective. Some people with genetic conditions strongly support research that could cure or prevent disease. Others warn that the push to eliminate genetic conditions can send a harmful message that disabled lives are not worth living. They point to the long history of eugenics and to the pressures parents already face after prenatal diagnosis. They ask whether genome editing would make society less welcoming of people with disabilities, or reduce support for those living with genetic conditions. At the same time, some disability advocates draw a distinction between relieving medical suffering and eliminating human diversity. The line, they note, is not always clear and needs careful public discussion.",0.7272983,0.75145876,0.7518015,0.747644,0.7402948,0.71805465,C,0.7518015,0.0003427267,C,A
deepseek__deepseek-v4-pro-0813__rep10,deepseek/deepseek-v4-pro-0813,10,5,102,"Social justice and access are recurring concerns across the spectrum. New genetic therapies are often extraordinarily expensive. Even in Australia with Medicare, access to advanced treatments may be uneven. If heritable editing or costly somatic therapies become available privately, they could widen gaps between those who can afford them and those who cannot. Globally, the divide could be even sharper. Some participants may worry about genetic tourism, where Australians travel to countries with looser rules, or about a future in which genetic privilege compounds existing inequalities. These concerns suggest that even if the technology is safe, questions of fairness cannot be ignored.",0.6741917,0.76612353,0.7291031,0.69769025,0.70165074,0.70796627,B,0.76612353,0.037020445,B,B
deepseek__deepseek-v4-pro-0813__rep10,deepseek/deepseek-v4-pro-0813,10,6,136,"The prospect of enhancement rather than therapy intensifies many of these worries. If we allow editing to prevent serious disease, will we eventually allow parents to select traits such as height, intelligence or physical appearance? Some people see no problem in principle with safe, voluntary enhancement. They may argue that parents already shape children through education, nutrition and environment, and that genetic improvement could be a legitimate choice. Others see a fundamental difference: genetic changes are permanent and may create a sense that children are products to be designed rather than persons to be accepted. There are concerns about new forms of social pressure, narrow standards of normalcy, and the loss of valuable human diversity. A smaller number of transhumanist voices welcome the possibility of improving human capabilities, but they remain a minority in public debate.",0.7304788,0.74141103,0.74201614,0.72967654,0.73832417,0.7162151,C,0.74201614,0.00060510635,C,A
deepseek__deepseek-v4-pro-0813__rep10,deepseek/deepseek-v4-pro-0813,10,7,112,"Cultural and religious perspectives add further layers. Many Australians draw on frameworks that emphasise the sacredness of life, the importance of accepting uncertainty, or the responsibility to use knowledge wisely. Some see nature as having moral significance and are cautious about altering the human genome. Others stress stewardship, arguing that using our abilities to heal is a form of care. Indigenous Australians may bring perspectives rooted in kinship, Country and the continuity of ancestral connection. For some, editing the genome could be seen as interfering with relationships that connect people to ancestors and future generations. Any regulatory conversation must make room for these views rather than assuming one secular framework fits all.",0.6735006,0.68592244,0.7190153,0.6943594,0.6966845,0.67159784,C,0.7190153,0.02233082,C,C
deepseek__deepseek-v4-pro-0813__rep10,deepseek/deepseek-v4-pro-0813,10,8,103,"Governance and trust are also central. Australia already has laws and guidelines governing embryo research, assisted reproduction and gene technology. Some people argue that current rules are appropriately cautious and should remain strict, especially for heritable editing. Others argue that as science advances, regulation needs to be flexible enough to allow safe, well-supervised research and, eventually, clinical use where benefits are clear. Many participants are likely to care less about the technical details than about whether the system is transparent, accountable and inclusive. Public trust depends on knowing that decisions are not driven solely by commercial interests or by the curiosity of researchers.",0.7003247,0.72308695,0.6983102,0.6883689,0.6736334,0.6901413,B,0.72308695,0.022762239,B,A
deepseek__deepseek-v4-pro-0813__rep10,deepseek/deepseek-v4-pro-0813,10,9,102,"Underlying these positions are different values. Compassion calls us to relieve suffering. Responsibility calls us to avoid harm to future generations. Equity calls us to ensure fair access and avoid entrenching advantage. Humility calls us to recognise the limits of our knowledge about complex biology and the long-term consequences of altering genomes. Solidarity calls us to stand with people living with genetic conditions and not abandon them in the rush to prevent disability. Respect for choice calls us to protect the freedom of families to make decisions about their own health and reproduction, while also protecting children from being harmed or coerced.",0.6726558,0.67473775,0.68851167,0.7186688,0.67715704,0.6818776,D,0.7186688,0.030157149,D,D
deepseek__deepseek-v4-pro-0813__rep10,deepseek/deepseek-v4-pro-0813,10,10,123,"As you deliberate, you will not be asked to resolve every philosophical disagreement. But it is useful to notice that people can agree on some things while disagreeing on others. Many who support somatic editing for serious disease are still opposed to heritable enhancement. Many who are uneasy about germline editing still want research into better treatments. The challenge is to find a path that is both scientifically informed and ethically grounded. Australia’s response will need to be respectful of diverse worldviews, alert to safety and justice, and humble about our ability to predict the future. The goal is not to choose between hope and caution, but to decide how these values should shape policy in a way that serves the common good.",0.7720206,0.80311155,0.80257654,0.7910154,0.7901365,0.7472185,B,0.80311155,0.0005350113,B,B
moonshotai__kimi-k3__rep01,moonshotai/kimi-k3,1,0,169,"This report is designed to help you, as members of the assembly, see the full landscape of thinking about human genome editing before you begin your deliberations. It does not argue for any particular conclusion. Instead, it maps the hopes, fears, values and arguments that Australians and people around the world bring to this question, so that no important perspective catches you by surprise. Genome editing refers to technologies, most famously CRISPR, that allow scientists to make targeted changes to DNA. The field leapt into public consciousness in 2018 when a Chinese scientist, He Jiankui, announced that twin girls had been born following editing of their embryos, an act widely condemned as reckless. Since then the science has advanced rapidly, and Australian law has already shifted once in this territory: in 2021 the Parliament passed ""Maeve's Law,"" permitting mitochondrial donation to prevent serious mitochondrial disease being passed from mother to child. That debate showed both that views can evolve and that careful public deliberation is possible on these questions.",0.7084858,0.76255816,0.754614,0.72744,0.7450717,0.6988591,B,0.76255816,0.007944167,B,B
moonshotai__kimi-k3__rep01,moonshotai/kimi-k3,1,1,154,"One distinction shapes almost every argument you will hear: the difference between editing that affects only the person treated, and editing that is heritable. Somatic editing changes cells in an existing person, say, to treat sickle cell disease, and those changes die with that person. Heritable, or germline, editing modifies embryos, eggs or sperm, so changes pass to children and to all subsequent generations. Many people who feel comfortable with the first feel deeply uneasy about the second, because the stakes and the irreversibility are so different. A second distinction, between therapy and enhancement, sounds equally clear but blurs quickly on inspection. Editing to prevent Huntington's disease seems plainly therapeutic. Editing for taller stature or chosen eye colour seems plainly enhancement. But what about editing to reduce the risk of Alzheimer's, heart disease or depression? Prevention, therapy and improvement shade into one another, and where people draw the line often reveals their deeper values.",0.69213384,0.68274105,0.70291615,0.72195715,0.6966609,0.67547965,D,0.72195715,0.019041002,D,D
moonshotai__kimi-k3__rep01,moonshotai/kimi-k3,1,2,144,"The hopes invested in this technology are powerful and often personal. Families who have watched children suffer with cystic fibrosis, muscular dystrophy or Tay-Sachs disease see the possibility that such suffering could be prevented altogether, not just managed. Some prospective parents who carry serious genetic conditions hope to have children who are genetically related to them without passing on the condition, something current embryo screening cannot always achieve. Researchers point to Australia's strong record in medical science and argue that responsible participation lets this country shape global norms rather than merely import others' decisions. Others emphasise the long view: that humanity has always used knowledge to reduce suffering, from vaccination to IVF, and that each of those advances was once feared as unnatural. On this view, refusing to act is itself a choice with moral weight, because it consigns future children to preventable pain.",0.680252,0.680251,0.70207846,0.6923876,0.6686012,0.6840355,C,0.70207846,0.009690881,C,A
moonshotai__kimi-k3__rep01,moonshotai/kimi-k3,1,3,129,"Against these hopes stand serious concerns about safety. Editing tools can make unintended changes elsewhere in the genome, embryos can develop as mosaics of edited and unedited cells, and the long-term effects of any alteration may take generations to appear. With heritable editing there is no way to ask the people most affected, future children, for their consent, and mistakes cannot be recalled. Some argue that uncertainty of this magnitude demands a firm precautionary line, at least until the science matures. Others reply that all reproduction involves uncertainty, that nature itself mutates genes constantly, and that demanding perfect knowledge before acting is a standard we apply nowhere else. How much certainty is enough, and who bears the risk of error, are questions you will need to wrestle with directly.",0.71739596,0.765221,0.75721407,0.72379255,0.7649971,0.7218346,B,0.765221,0.00022387505,B,E
moonshotai__kimi-k3__rep01,moonshotai/kimi-k3,1,4,160,"Another cluster of concerns centres on justice and equality. If editing becomes available only to the wealthy, some fear a society stratified not just by money but by biology, in which advantages are literally inherited. Disability communities have offered some of the most searching critiques: many deaf people, people with dwarfism and others argue that their lives are rich and valuable, and that a drive to edit out their conditions sends a painful message that people like them should not exist. They ask whether money spent on editing might be better spent on inclusion, services and cures for suffering rather than elimination of difference. This history carries particular weight in Australia, where eugenic ideas once justified the forced removal of Aboriginal children and other grave injustices. First Nations people also raise distinct concerns about genetic research conducted without consent and about who controls Indigenous genomic data. These memories make many Australians alert to how quickly ""improving"" populations can become oppressive.",0.6532383,0.7038022,0.70573664,0.66934127,0.6943538,0.6786749,C,0.70573664,0.0019344091,C,E
moonshotai__kimi-k3__rep01,moonshotai/kimi-k3,1,5,118,"People also bring divergent moral and religious starting points. Some traditions hold that human life begins at conception, making embryo research inherently problematic. Others, including many Jewish, Islamic and Buddhist perspectives, are more open to editing undertaken for healing. Some people speak of human dignity, of children as gifts to be accepted unconditionally rather than products to be designed, or of the genome as the shared heritage of humanity that no individual should unilaterally alter. Others find those ideas vague and argue that compassion, relieving suffering and expanding parents' choices are the values that deserve priority. You will hear the phrase ""playing God"" used both as a warning and as a description of something medicine does every day.",0.66805464,0.6449218,0.6906242,0.69329673,0.66230327,0.68715954,D,0.69329673,0.002672553,D,F
moonshotai__kimi-k3__rep01,moonshotai/kimi-k3,1,6,93,"Practical governance questions will occupy much of your work. Australia currently prohibits heritable editing under the Prohibition of Human Cloning for Reproduction Act 2002 and the Research Involving Human Embryos Act 2002, with the NHMRC licensing embryo research and the Gene Technology Regulator overseeing other genetic work. Even if Australia keeps strict limits, citizens could travel to permissive jurisdictions, and a single high-profile birth abroad could shift public opinion overnight. Decisions here therefore interact with a global patchwork of laws, commercial pressures from biotechnology companies and the difficulty of enforcing rules across borders.",0.6163955,0.6694019,0.66749585,0.6379612,0.6413347,0.64251477,B,0.6694019,0.0019060373,B,B
moonshotai__kimi-k3__rep01,moonshotai/kimi-k3,1,7,104,"Finally, it is worth noticing that disagreement exists within every group: among scientists, among people with disabilities, among faith communities and among families affected by genetic disease. There is no single ""patient view"" or ""religious view"" to discover. Your task is not to find a technical answer, because the hardest questions here are about values: what counts as a life worth living, what we owe future generations, how free parents should be to choose, and what kind of society Australians want to build. The facts matter, but so does the weighing, and that weighing is precisely what this assembly has been asked to do.",0.64193255,0.6579165,0.66142625,0.6524152,0.6595929,0.657991,C,0.66142625,0.0018333197,C,F
moonshotai__kimi-k3__rep02,moonshotai/kimi-k3,2,0,149,"Human genome editing refers to technologies, most prominently CRISPR-Cas9 and its newer variants, that allow scientists to alter DNA with unprecedented precision. A crucial distinction runs through every debate on this subject: somatic editing changes the genes of a particular patient and affects only that person, while heritable or germline editing changes embryos, eggs or sperm so that the alterations pass to future generations. The first gene-editing therapies, treating blood disorders such as sickle cell disease, have already been approved in several countries, while heritable editing remains prohibited in Australia under the Prohibition of Human Cloning for Reproduction Act 2002 and corresponding state legislation. This report does not argue for any position. Its purpose is to map the terrain of hopes, fears, values and arguments that participants are likely to encounter, so that deliberation can begin with a sense of the whole landscape rather than one corner of it.",0.74348605,0.7880034,0.79160666,0.7794746,0.76566625,0.7384936,C,0.79160666,0.0036032796,C,B
moonshotai__kimi-k3__rep02,moonshotai/kimi-k3,2,1,127,"The most powerful hope animating this field is the relief of suffering. Families who carry serious inherited conditions—Huntington's disease, cystic fibrosis, muscular dystrophy, the thalassaemias that affect many Australians of Mediterranean, Middle Eastern and Asian heritage—know what it means to watch illness pass from parent to child. Somatic editing offers treatments for people already living with such conditions; heritable editing, its advocates argue, could prevent transmission altogether, sparing future children from diseases that no existing therapy can cure. Some frame this as a straightforward moral duty to heal, continuous with all of medicine. Others emphasise the benefits to the health system of preventing chronic disease, the reproductive freedom of parents who want healthy genetically related children, and the opportunity for Australian science to lead rather than follow.",0.6973649,0.70400137,0.7118015,0.74625975,0.697124,0.6993565,D,0.74625975,0.03445822,D,D
moonshotai__kimi-k3__rep02,moonshotai/kimi-k3,2,2,142,"Set against these hopes are serious questions about safety. Editing can miss its target, altering unintended stretches of DNA, or reach only some cells of an embryo, a problem called mosaicism. Genes often influence multiple traits, so a change made to prevent one disease might have effects nobody predicted, and in heritable editing those effects would flow to descendants who had no say in the matter. The 2018 announcement by Chinese scientist He Jiankui that he had created gene-edited babies was condemned worldwide, including by most CRISPR pioneers, as reckless and premature, and he was later imprisoned. Many scientists argue that heritable editing remains far from safe enough and that a moratorium is warranted. Others respond that risk is inherent in all new medicine, that early IVF faced similar warnings, and that rigorous trials and oversight can manage uncertainty better than prohibition.",0.6772604,0.7004862,0.71169686,0.6858908,0.7016208,0.6687068,C,0.71169686,0.010076046,C,E
moonshotai__kimi-k3__rep02,moonshotai/kimi-k3,2,3,124,"A related debate concerns consent and choice. Supporters of liberalisation appeal to reproductive autonomy: parents, they argue, should be free to make decisions about their children's health, just as they do after birth. Critics reply that an edited child cannot consent to irreversible, inheritable changes, though defenders note that no child consents to being born and that parents constantly make consequential decisions on their children's behalf. Some argue that editing is unnecessary because alternatives exist, notably embryo selection through IVF and genetic testing; others point out that selection cannot help couples whose embryos would all be affected. There is also a subtler worry that choice can curdle into pressure: if editing becomes normal, parents who decline it might be blamed for their children's suffering.",0.6789304,0.6978362,0.7133595,0.6889708,0.71777904,0.7409627,F,0.7409627,0.023183644,F,F
moonshotai__kimi-k3__rep02,moonshotai/kimi-k3,2,4,126,"Questions of fairness run through every part of this debate. Gene therapies are among the most expensive treatments ever developed, raising the prospect that genetic health becomes a luxury good, deepening divides between rich and poor, between cities and the bush, and between nations. Australia's history of genetic discrimination—including the use of genetic test results in life insurance, which the federal government has now moved to ban—shows these concerns are not hypothetical. Yet advocates of research turn the justice argument around: abandoning the field, they say, abandons patients, and the right response to cost is public investment and universal access, not prohibition. Whether Australians would accept heritable editing only if Medicare funded it equitably is the kind of question an assembly is well placed to consider.",0.7030406,0.75620127,0.73154664,0.72100395,0.71299756,0.7454582,B,0.75620127,0.010743082,B,F
moonshotai__kimi-k3__rep02,moonshotai/kimi-k3,2,5,127,"The disability community brings an essential and often uncomfortable perspective. Many people with disabilities object that preventing or correcting genetic conditions sends a message that lives like theirs are defective or not worth living—what philosophers call the expressivist objection. Communities such as some Deaf Australians regard their condition not as a deficit but as an identity with its own language and culture, and they worry that editing reflects prejudice more than compassion. Others, including many disability advocates, distinguish sharply between respecting people who live with disability and reducing avoidable suffering, and they support somatic therapies while asking that their voices shape how these technologies are framed and governed. Nearly everyone agrees on one point: people with disabilities must be participants in this conversation, not merely its subject.",0.60640246,0.63455033,0.6746022,0.6509423,0.635857,0.62017447,C,0.6746022,0.023659885,C,C
moonshotai__kimi-k3__rep02,moonshotai/kimi-k3,2,6,133,"Then there is the boundary between therapy and enhancement. Most Australians, like most publics surveyed worldwide, feel differently about preventing a fatal disease and about choosing height, appearance or cognitive traits. Yet the line is harder to draw than it first appears: is boosting resistance to heart disease therapy or enhancement? What about immunity to infection? Some philosophers, including the Australian-born Julian Savulescu, argue that parents have reason to select the traits most likely to give their children the best lives. Others foresee commercialised ""designer babies,"" competitive pressure to keep up with enhanced peers, and a quiet transformation of what it means to accept a child unconditionally. Defenders of regulation respond that slippery slopes are precisely what laws exist to manage: societies can permit some uses and forbid others, as they already do.",0.64094645,0.6421843,0.6586817,0.6474626,0.62520975,0.6474185,C,0.6586817,0.011219084,C,F
moonshotai__kimi-k3__rep02,moonshotai/kimi-k3,2,7,111,"Religious, cultural and Indigenous perspectives add further depth. Faith traditions diverge: some hold that embryos possess full moral status and that editing usurps a divine role, while others see healing as a sacred duty and distinguish therapy from redesign. Secular traditions raise parallel questions about human dignity and whether there is wisdom in limits. For many Aboriginal and Torres Strait Islander peoples, genetic heritage carries collective and ancestral significance that individual consent frameworks may not capture, and past experiences of research conducted on, rather than with, First Nations communities have left justified wariness. Advocates of Indigenous genomic data sovereignty insist that engagement must be early, respectful and ongoing, not an afterthought.",0.6610779,0.6770373,0.7024037,0.6877442,0.66986424,0.6785544,C,0.7024037,0.014659524,C,F
moonshotai__kimi-k3__rep02,moonshotai/kimi-k3,2,8,103,"Finally, there is the question of governance itself. Australia's current prohibition reflects legislation passed before CRISPR existed, and some argue it is due for reconsideration; the legalisation of mitochondrial donation in 2021, after years of review and public consultation, offers one model of cautious, staged reform. Others warn that international rules are a patchwork, that permissive jurisdictions could attract reproductive tourism, and that commercial and competitive pressures may outrun public values. Who should decide—scientists, parliaments, regulators or citizens—and how rules should adapt as the science changes are live questions, as is whether trust in institutions is strong enough to sustain whatever framework emerges.",0.64896375,0.70045656,0.67779934,0.66967386,0.6703993,0.6561413,B,0.70045656,0.022657216,B,B
moonshotai__kimi-k3__rep02,moonshotai/kimi-k3,2,9,79,"Participants might therefore carry a few questions into deliberation: which uses, if any, are worth pursuing; under what conditions and safeguards; who benefits and who bears risk; how access could be made fair; and whose voices must be heard before decisions are made. The task is not to resolve every disagreement but to weigh hopes against concerns honestly, to listen across deep differences, and to arrive at recommendations that Australians can regard as considered, legitimate and worthy of trust.",0.60378414,0.64164853,0.6134057,0.6013275,0.60336274,0.6006842,B,0.64164853,0.028242826,B,B
moonshotai__kimi-k3__rep03,moonshotai/kimi-k3,3,0,170,"Few questions come to a citizens' assembly carrying as much hope and as much unease as human genome editing, and much of the disagreement stems from people talking about different things at once. Two distinctions run through the whole debate. The first is between editing the ordinary body cells of a living person, which affects only that person, and editing embryos, eggs or sperm, which changes every cell of a future child and passes the change on to descendants. The second is between editing to treat or prevent disease and editing to enhance traits such as height, memory or appearance. Since the arrival of CRISPR technology made editing comparatively cheap and precise, the first kind of editing has moved quickly: the first CRISPR-based treatments for inherited blood disorders have now been approved overseas, and many people regard this as simply medicine continuing its ordinary work at a new level of precision. The second kind, heritable editing, is currently prohibited under Australian law, and it is where the hardest questions gather.",0.70311975,0.7398036,0.74799865,0.74049836,0.73419714,0.71591645,C,0.74799865,0.007500291,C,E
moonshotai__kimi-k3__rep03,moonshotai/kimi-k3,3,1,127,"The most powerful argument in favour of editing is compassion. Serious inherited conditions such as Huntington's disease, cystic fibrosis and muscular dystrophy cause real suffering, and families who have watched a condition pass through generations often describe an overwhelming wish to spare the next child. On this view, medicine has always intervened in processes once called natural, from vaccination to IVF, and deliberately withholding a safe means of preventing suffering would be perverse. Some philosophers go further, arguing that parents have a duty to give children the best possible start in life, and that if safe prevention exists, refusing it is itself a moral choice with consequences. For many parents, this is not an abstract debate at all but a question about the people they love most.",0.6756478,0.66743195,0.6982188,0.72249454,0.6826743,0.7187657,D,0.72249454,0.0037288666,D,F
moonshotai__kimi-k3__rep03,moonshotai/kimi-k3,3,2,140,"Voices from disability communities are essential here, and they do not speak with one voice. Some people living with genetic conditions wish prevention had been available; others hear in the prevention agenda a judgement that lives like theirs should not exist. This is sometimes called the expressivist objection: the worry that eliminating a condition expresses something cruel about the people who have it. Critics also point out that disability is produced partly by social arrangements, that a condition's seriousness depends on the world around it, and that most disability arises from accident, age or illness rather than genes. They fear resources shifting from inclusion towards elimination, and counsellors quietly narrowing the range of lives considered worth starting. Those on the other side respond that preventing a disease need not devalue anyone, any more than curing blindness would insult the blind.",0.6195463,0.6352517,0.66836977,0.6473946,0.6372931,0.6282632,C,0.66836977,0.020975173,C,C
moonshotai__kimi-k3__rep03,moonshotai/kimi-k3,3,3,124,"Safety concerns carry particular weight for heritable editing, because mistakes would be permanent and inheritable. Editing can produce unintended changes elsewhere in the genome or reach only some cells, and our understanding of how genes interact remains incomplete. Some find a decisive objection in the fact that future generations cannot consent to being altered. Others push back: no child consents to being born or to its genes, natural conception is itself a lottery, and parents routinely make irreversible decisions for children. If editing a particular condition ever becomes safer than inheriting it, they ask, is declining to edit not also an unconsented imposition? Either way, heritable editing would demand lifelong monitoring of edited children, raising difficult questions about registries, privacy and responsibility across decades.",0.7064613,0.76199514,0.7760262,0.73305774,0.7623503,0.7420355,C,0.7760262,0.0136758685,C,E
moonshotai__kimi-k3__rep03,moonshotai/kimi-k3,3,4,109,"Questions of fairness loom large in any Australian discussion. Advanced genetic therapies are among the most expensive treatments ever sold, and if access tracks wealth, the result could be a society stratified by biology itself. Many Australians will feel that if editing is ever permitted, the fairness principle embodied in Medicare should apply, though public funding would force hard choices about priorities within a stretched health system, and people in regional and remote areas already know that availability on paper is not availability in practice. There are also questions about commercial power: patents, venture capital and the risk that commercial momentum, once established, proves very hard to regulate away.",0.64860314,0.7104211,0.67822725,0.6792386,0.6599869,0.7061948,B,0.7104211,0.0042262673,B,F
moonshotai__kimi-k3__rep03,moonshotai/kimi-k3,3,5,119,"Aboriginal and Torres Strait Islander communities bring perspectives shaped by history that the assembly should hear directly. Scientific research has too often been conducted on rather than with Indigenous communities, genetic data has been taken without meaningful consent, and reference genomes that underrepresent Indigenous peoples make new tools less reliable for them. Beneath this lies the deeper shadow of eugenic policy in Australia, including child removal and the control of Aboriginal reproduction, a history shared uncomfortably with the wider community through forced institutionalisation and sterilisation in the twentieth century. Many Indigenous scholars therefore emphasise collective rather than purely individual consent, kinship, and sovereignty over genomic data, and caution that judgements about which traits are desirable have never been neutral.",0.581635,0.62396425,0.62708086,0.58503264,0.6149132,0.57546705,C,0.62708086,0.0031166077,C,E
moonshotai__kimi-k3__rep03,moonshotai/kimi-k3,3,6,148,"Many people accept editing for serious disease but baulk at enhancement, yet the boundary blurs on inspection: is editing to lower disease risk treatment or improvement, and where do deafness, short stature or memory sit? Some conclude the distinction cannot be policed and prefer a firm prohibition; others believe lines can be drawn case by case, as regulators already do elsewhere in medicine. Beyond line-drawing lie deeper convictions. Religious traditions often speak of human life as a gift and warn of hubris in remaking creation, though many faith voices also honour healing as cooperation with the divine. Secular thinkers express a related unease that a child designed to someone else's specification might be subtly treated as a product rather than accepted as a gift. Replies come readily: parents already shape children profoundly through environment and choice, and refusing available help out of scruple can become its own dogma.",0.69244695,0.69120574,0.72180825,0.735238,0.6911009,0.71333224,D,0.735238,0.013429761,D,D
moonshotai__kimi-k3__rep03,moonshotai/kimi-k3,3,7,99,"Arguments from freedom cut both ways. In a liberal society, some ask, should prospective parents not decide these matters for themselves, especially when the alternative is passing on suffering? Others note that choices are never made in a vacuum: once a technology exists, declining it can come to look irresponsible, option can shade into expectation, and parents who refuse may face blame or discrimination. Australia's recent moves to stop life insurers using genetic test results show these concerns are already live. There is a genuine worry about stigma attaching to people born with conditions that were, in principle, preventable.",0.64694977,0.7063882,0.6987188,0.665755,0.6766505,0.70595455,B,0.7063882,0.0004336238,B,F
moonshotai__kimi-k3__rep03,moonshotai/kimi-k3,3,8,149,"Governance is where all these arguments meet reality. The 2018 announcement by a Chinese scientist of gene-edited twin girls, an act widely condemned and punished with imprisonment, crystallised fears about rogue actors and unenforceable rules. Scientific academies and the World Health Organization have since urged strong oversight, international registries and broad public engagement before any move toward heritable editing, and successive international summits have concluded that heritable use remains unacceptable at present even as somatic research continues. Australia's 2021 mitochondrial donation legislation, known as Maeve's Law, offers a local template for cautious, licensed, staged change. Some argue that prohibition simply drives practice offshore or underground and that regulated permission is the safer course; others respond that a clear national law provides leverage in international governance and a bulwark against commercial creep. Underneath sits a question of trust: can institutions hold agreed lines over decades, and who should hold them?",0.68450665,0.7203319,0.70414734,0.70077604,0.6959623,0.68515503,B,0.7203319,0.016184568,B,B
moonshotai__kimi-k3__rep03,moonshotai/kimi-k3,3,9,98,"Surveys conducted in Australia and comparable countries find a fairly consistent pattern: strong support for editing to treat serious disease, deep ambivalence about enhancement, support rising with the severity of the condition and falling when changes would be heritable. Beneath these positions lie values most people share but weight differently: compassion, fairness, caution, liberty, humility and solidarity with the vulnerable. Beneath them also lie factual beliefs that evidence can inform, including how safe the technology really is today, whether embryo selection through IVF already answers most couples' needs, and how plausible the more dramatic enhancement scenarios actually are.",0.7378504,0.7615716,0.7685336,0.7365622,0.74426764,0.70245713,C,0.7685336,0.0069620013,C,A
moonshotai__kimi-k3__rep03,moonshotai/kimi-k3,3,10,79,"The assembly's task is therefore not to choose between science and ethics, or hope and fear, but to decide which distinctions matter, which safeguards could genuinely work, which risks are worth taking and who would bear them, and what Australians want medicine and reproduction to serve. The hope of this report is that participants arrive seeing the issue as a landscape of sincerely held convictions, most of which deserve serious engagement, and that their recommendations emerge from that breadth.",0.6799184,0.68622786,0.6846994,0.6838875,0.6639138,0.6597331,B,0.68622786,0.0015284419,B,A
moonshotai__kimi-k3__rep04,moonshotai/kimi-k3,4,0,119,"Genome editing refers to technologies, most famously CRISPR, that allow scientists to make targeted changes to DNA. Much of the public debate turns on two distinctions. The first is between somatic editing, which alters cells in a particular patient and is not passed on, and heritable or germline editing, which changes embryos or reproductive cells so that alterations are transmitted to future generations. The second is between editing to treat or prevent disease and editing to enhance traits such as strength, appearance or intelligence. People who welcome somatic therapy may recoil from heritable enhancement, and much of the argument ahead will concern where lines should be drawn. This report surveys the landscape of views without recommending any of them.",0.76376116,0.7930386,0.7999054,0.79046685,0.7944541,0.7385219,C,0.7999054,0.0054513216,C,E
moonshotai__kimi-k3__rep04,moonshotai/kimi-k3,4,1,123,"The strongest current of support flows from medicine's oldest impulse: relieving suffering. Diseases caused by a single faulty gene include sickle cell disease, beta thalassaemia, Huntington's disease, cystic fibrosis and many muscular dystrophies. The first CRISPR-based treatments have now been approved in several countries for blood disorders, and researchers are exploring applications from inherited blindness to dangerously high cholesterol. Advocates argue that editing is continuous with vaccination, surgery and IVF: a tool for sparing children pain and early death. Some go further and speak of a duty, not merely a permission, holding that withholding a safe and effective means of preventing serious disease would itself be a moral failure, and that every generation has an obligation to reduce avoidable suffering where it can.",0.71746314,0.69927704,0.7235186,0.7676648,0.69284683,0.7330958,D,0.7676648,0.034568965,D,D
moonshotai__kimi-k3__rep04,moonshotai/kimi-k3,4,2,124,"Support for heritable editing is thinner but not absent. Some philosophers defend procreative liberty: parents, they argue, should be free to use safe technologies to give children the healthiest possible start, just as they use diet, education and medicine. Others invoke ""procreative beneficence"", the idea that parents have reason to create the best available genetic prospects for a future child. There are also rare situations, such as where both partners carry the same severe recessive condition, in which embryo screening cannot guarantee an unaffected child, and editing would be the only route to a healthy genetically related baby. On this view, refusing even to contemplate heritable editing condemns some families to transmitting disease unnecessarily and hands future generations a genome we could have improved.",0.73123246,0.7182451,0.73150325,0.7420028,0.7256747,0.7818982,F,0.7818982,0.039895415,F,F
moonshotai__kimi-k3__rep04,moonshotai/kimi-k3,4,3,122,"Against this stand worries about safety and consent. Editing tools can cut at unintended sites; embryos can develop as mosaics of edited and unedited cells; and genes rarely do just one thing. The variant that causes sickle cell disease also protects against malaria, and edits made in China in 2018 to confer HIV resistance may carry cognitive effects no one tested for. Because heritable changes pass to descendants, mistakes could propagate irreversibly, and the people most affected, future generations, cannot consent. Defenders reply that parents constantly make fateful choices for children, that nature's mutations are unconsented too, and that the real question is comparative risk: for some conditions, the known harms of the disease outweigh the uncertain risks of a well-characterised edit.",0.70210576,0.746522,0.7657155,0.72690743,0.74756855,0.71529454,C,0.7657155,0.018146932,C,C
moonshotai__kimi-k3__rep04,moonshotai/kimi-k3,4,4,108,"Justice raises a different set of questions. Approved gene therapies currently cost millions of dollars per patient, prompting fears of a divide between those who can afford genetic advantage and those who cannot, within Australia, between cities and regions, and globally between rich and poor countries. Some argue that public funding through schemes like Medicare could spread benefits widely, noting that we do not ban other costly treatments because access is unequal; we subsidise them. Others counter that a market in enhancement would let the affluent buy advantages for their children and harden inequality into biology, and that even the perception of genetic classes could corrode social solidarity.",0.65081227,0.69647944,0.6635378,0.663961,0.6451093,0.68675554,B,0.69647944,0.009723902,B,F
moonshotai__kimi-k3__rep04,moonshotai/kimi-k3,4,5,115,"Disability communities bring an indispensable and internally varied perspective. Many advocates caution that the drive to edit reflects a medical model that locates disability in bodies rather than in inaccessible environments and social attitudes. They press what philosophers call the expressivist objection: systematically selecting against certain conditions sends a message that lives lived with them are worth less. Some Deaf people, for example, describe deafness as culture and identity rather than defect. Others with genetic conditions strongly support research that might spare future children the suffering they have known. The common thread is a demand to be heard: decisions about which conditions count as serious should not be made about people with disabilities without them.",0.6042082,0.5990962,0.6399792,0.62702745,0.6017721,0.615668,C,0.6399792,0.012951732,C,F
moonshotai__kimi-k3__rep04,moonshotai/kimi-k3,4,6,124,"History casts a long shadow. The twentieth century's eugenic programs, including coercive control over Indigenous families in Australia's own past, make many people wary of any project to improve human heredity. Critics warn of a subtler liberal eugenics in which individual parental choices, steered by fashion and prejudice, collectively narrow the range of acceptable lives. Aboriginal and Torres Strait Islander scholars add concerns about genomic data sovereignty and a record of research conducted on rather than with Indigenous people, while also bringing traditions of stewardship and relationality to the question of what is owed to descendants. Supporters of editing respond that voluntary, regulated clinical care differs categorically from coercive state programs: the history is a warning about governance, not a verdict on the science.",0.63814473,0.66478556,0.67914784,0.65518236,0.66150403,0.6421727,C,0.67914784,0.014362276,C,C
moonshotai__kimi-k3__rep04,moonshotai/kimi-k3,4,7,109,"Some objections reach deeper, to ideas about human dignity and our place in nature. Religious voices and others speak of the genome as a gift, or as the common heritage of humankind, and warn against playing God with something imperfectly understood. Related worries concern the commodification of children, babies designed to specification, and a shift in parental love from unconditional acceptance toward quality control. Critics of this view reply that medicine has always reshaped nature, from insulin to organ transplants; that dignity belongs to persons rather than to their DNA; and that refusing a safe intervention is as much a choice, with as much moral weight, as making one.",0.7012235,0.7090349,0.7429592,0.73041177,0.7040351,0.71227175,C,0.7429592,0.012547433,C,C
moonshotai__kimi-k3__rep04,moonshotai/kimi-k3,4,8,115,"Nearly everyone struggles with the boundary between treatment and enhancement. It is clear at the extremes, since repairing a fatal mutation is not the same as choosing eye colour, but hazy in the middle: what of edits affecting immunity, cholesterol, muscle or memory? Many fear a slippery slope in which each step seems reasonable but the destination is a consumer market in children's traits. A minority of bioethicists embrace some enhancements as legitimate, even obligatory, if safe and available to all. Public opinion surveys, in Australia and elsewhere, consistently show strong support for therapy and deep ambivalence about enhancement, though where therapy ends is precisely what assemblies like this one are asked to think about.",0.7226572,0.7292942,0.7298007,0.7124399,0.7097236,0.6910739,C,0.7298007,0.0005065203,C,A
moonshotai__kimi-k3__rep04,moonshotai/kimi-k3,4,9,122,"Questions of governance run through everything. In Australia, federal law currently prohibits heritable modification of embryos, the national research council licenses embryo research under strict conditions, and states and territories maintain corresponding laws; reviews of this framework have counselled caution while keeping it under watch. The 2021 legalisation of mitochondrial donation, known as Maeve's Law, offers a local model of staged, evidence-based change with safeguards. Internationally, rules vary widely, and the announcement of gene-edited twins in 2018 exposed gaps between professional norms and enforceable law; global bodies have since proposed governance frameworks and narrow initial pathways confined to serious disease. Who should decide, how commercial incentives and patents are handled, and how medical tourism is managed are live questions, not technical footnotes.",0.6260315,0.6798096,0.6507704,0.65300775,0.6523148,0.6561008,B,0.6798096,0.02370876,B,F
moonshotai__kimi-k3__rep04,moonshotai/kimi-k3,4,10,89,"The task before the assembly, then, is rarely a simple yes or no. It is which uses, in what order, under what conditions, with what oversight, and how decisions might be revisited as evidence grows. The values in tension are ones most Australians share: compassion and caution, freedom and fairness, hope for children and humility before the unknown. People on every side of this debate are trying to honour some combination of these; the purpose of deliberation is to work out, together, how to honour them all at once.",0.5423599,0.54444736,0.54631615,0.54591846,0.53679925,0.5553805,F,0.5553805,0.009064376,F,F
moonshotai__kimi-k3__rep05,moonshotai/kimi-k3,5,0,174,"Human genome editing refers to a set of techniques, most famously CRISPR-Cas9, that allow scientists to make targeted changes to DNA. Two distinctions organise almost every debate about it. The first is between somatic editing, which alters cells in one person and is not passed on, and germline or heritable editing, which changes embryos, eggs or sperm so that the alteration flows to future generations. The second is between therapy, aimed at preventing or treating disease, and enhancement, aimed at improving traits beyond health. These debates have become urgent because the science has moved quickly: the first CRISPR-based therapy, for sickle cell disease and beta thalassaemia, was approved overseas in 2023, while the 2018 announcement by Chinese scientist He Jiankui that he had created gene-edited babies showed how easily ambition can outrun governance. In Australia, heritable editing is effectively prohibited under federal cloning and embryo research legislation, with somatic therapies treated much like other advanced medical products. This report does not argue for any position; it maps the terrain of views you will encounter.",0.72667783,0.7579125,0.76778793,0.76422864,0.74566543,0.7147962,C,0.76778793,0.0035592914,C,D
moonshotai__kimi-k3__rep05,moonshotai/kimi-k3,5,1,149,"The strongest current of support flows from patients, families and clinicians confronting serious genetic disease. For people watching children suffer with muscular dystrophy, cystic fibrosis, Huntington's disease or inherited blood disorders, editing represents hope where medicine has long offered only management. The argument here rests on beneficence and compassion: if we can safely relieve suffering, refusing to do so is itself a moral failure. Some extend this to heritable editing, arguing that couples who carry devastating mutations should not have to rely on luck, donor gametes or embryo selection if a direct correction is possible. Supporters note that Australia has travelled this road before, permitting IVF, preimplantation genetic diagnosis and, in 2021, mitochondrial donation through Maeve's Law, each time under careful staged regulation. Surveys in Australia and comparable countries consistently find majority support for therapeutic uses of gene technologies, with support falling sharply for enhancement and for heritable changes.",0.741213,0.76056886,0.76505095,0.76068014,0.74036354,0.7259148,C,0.76505095,0.0043708086,C,A
moonshotai__kimi-k3__rep05,moonshotai/kimi-k3,5,2,139,"Against this sits a family of concerns about safety and about consent across generations. Editing can miss its target, alter unintended stretches of DNA, or succeed in only some embryonic cells, and the genome's interactions are so complex that a change judged beneficial now might have effects that surface decades later or only in descendants. Because heritable edits touch people who do not yet exist and cannot consent, and because mistakes are irreversible once they enter the human gene pool, many argue that an especially strong precautionary standard applies. The He Jiankui episode is cited as proof that prohibitions can be evaded and hype rewarded. Others reply that medicine never achieves absolute safety, that we accept risk wherever expected benefit justifies it, and that banning research may simply push it underground or offshore, beyond the reach of careful oversight.",0.7353796,0.7600983,0.7689224,0.7321194,0.7531374,0.7237065,C,0.7689224,0.00882411,C,A
moonshotai__kimi-k3__rep05,moonshotai/kimi-k3,5,3,122,"Even many who accept therapy worry about the boundary with enhancement. If we edit to remove a disease-causing mutation, why not edit to raise disease resistance, lower Alzheimer's risk, or eventually influence height, temperament or cognition? Critics foresee a slide from medicine into consumer genetics, driven by parental anxiety and commercial marketing, in which children become designed products. Defenders of the distinction concede it is blurry at the edges but point out that medicine manages blurry lines constantly: vaccination and cholesterol-lowering drugs enhance resistance and longevity, yet we do not treat them as ethically equivalent to cosmetic surgery. The existence of hard cases, they argue, is a reason to build institutions capable of policing a line, not a reason to abandon one.",0.7052695,0.6844041,0.7128099,0.7248849,0.67158735,0.70702994,D,0.7248849,0.012075007,D,A
moonshotai__kimi-k3__rep05,moonshotai/kimi-k3,5,4,118,"Questions of justice run through every position. Advanced genetic therapies are among the most expensive treatments ever devised, and there is a real fear of a world stratified into the genetically privileged and everyone else, sometimes called a genetic underclass, whether within Australia or between rich and poor nations. Some respond that fairness depends on policy rather than technology: a one-time curative edit could cost the health system less than a lifetime of managing sickle cell disease, and public funding through Medicare could make access equitable, just as it has for earlier innovations. A quieter justice concern asks whose diseases attract research attention, since rare conditions affecting wealthy populations may be prioritised over common burdens of the poor.",0.6295138,0.68626755,0.6597568,0.6781644,0.6445207,0.68442386,B,0.68626755,0.0018436909,B,F
moonshotai__kimi-k3__rep05,moonshotai/kimi-k3,5,5,129,"Disability communities bring perspectives that complicate simple narratives of progress. Many deaf people, some autistic self-advocates and others with genetic conditions argue that selecting against their traits sends a painful message that lives like theirs are not worth living, an idea known as the expressivist objection. On the social model of disability, much of the disadvantage attached to these conditions comes from barriers and prejudice rather than biology itself, so ""fixing"" genes addresses the wrong problem. Yet people living with painful degenerative illnesses often respond that they value their own lives while still wishing to spare children avoidable suffering, and that respecting persons is compatible with preventing pain. Across these disagreements runs a shared demand: that people with disabilities be participants in these decisions, not merely subjects of them.",0.6329672,0.64825684,0.68134207,0.67024547,0.65489525,0.6377154,C,0.68134207,0.011096597,C,C
moonshotai__kimi-k3__rep05,moonshotai/kimi-k3,5,6,120,"Religious and philosophical traditions contribute both caution and encouragement. Some speak of the sanctity of life, the status of the embryo, or a sense that redesigning human inheritance is hubris, a form of playing God; others within the same traditions emphasise stewardship, holding that healing gifts of knowledge are part of humanity's vocation. Secular thinkers voice parallel concerns: that treating human nature as raw material might erode human dignity or the unconditional acceptance parents owe children, and that an edited person's freedom could be constrained by choices made about them before conception. Liberal philosophers reply that autonomy includes reproductive freedom, and some argue for ""procreative beneficence"", the idea that parents should choose the children expected to have the best lives.",0.6304207,0.59892404,0.6212604,0.6447236,0.60661936,0.6928286,F,0.6928286,0.048105,F,F
moonshotai__kimi-k3__rep05,moonshotai/kimi-k3,5,7,106,"Aboriginal and Torres Strait Islander peoples bring perspectives shaped by distinctive experience. Genetic information in Indigenous communities is bound up with kinship, identity and connection to country, and carries collective as well as individual meaning. There is a long history of research conducted on rather than with Indigenous people, and of policies, including child removal, justified by pseudo-scientific ideas about heredity, which understandably sharpens vigilance. The Indigenous data sovereignty movement insists that decisions about genetic research and its applications require genuine partnership, Indigenous governance and free, prior and informed consent, while also holding open the possibility that these technologies, properly directed, could help close health gaps.",0.58676285,0.6410716,0.6374166,0.6107488,0.6072172,0.6025627,B,0.6410716,0.0036550164,B,B
moonshotai__kimi-k3__rep05,moonshotai/kimi-k3,5,8,99,"Behind all of this stands the historical shadow of eugenics. Twentieth-century programs of forced sterilisation and selective breeding, including in Australia, discredited the idea that the state should improve the population's genetic stock. The live debate today is whether a ""liberal eugenics"" of individual parental choice is categorically different from that coercive past, or whether social pressure, the expectation that good parents would prevent avoidable disability, recreates coercion in softer form. Patterns around sex selection and Down syndrome screening are cited by those who fear such drift; others trust that regulation, pluralism and public vigilance can hold the line.",0.58160377,0.59192795,0.60016394,0.59002,0.60676485,0.6031278,E,0.60676485,0.0036370754,E,F
moonshotai__kimi-k3__rep05,moonshotai/kimi-k3,5,9,143,"The governance landscape offers many possible arrangements rather than a simple yes or no. Australia's current framework bans heritable editing while permitting regulated research and somatic therapies; internationally there is a patchwork of prohibitions and permissive regimes, with the World Health Organization urging national oversight, clinical trial registries and attention to equity. Options for this assembly range from maintaining the prohibition, through moratoria with built-in review, to licensed pathways for defined serious conditions under strict conditions. Beneath these lie deeper questions you will need to weigh: who should decide what counts as a serious disease; how to balance duties to existing patients against duties to future generations; and how to keep a powerful technology aligned with solidarity rather than the market. This report has tried to display the arguments and values in play; the task of deliberation, and of judgement, is now yours.",0.6701167,0.7298835,0.71095204,0.7294909,0.68443173,0.6903916,B,0.7298835,0.0003926158,B,D
moonshotai__kimi-k3__rep06,moonshotai/kimi-k3,6,0,137,"Most people who engage with human genome editing agree on at least one thing: the technology is powerful, and power demands careful thought about how it should be used. Tools such as CRISPR now allow scientists to make targeted changes to DNA, and the central distinction that shapes almost every viewpoint is between editing that affects only the person treated (so-called somatic editing, which is not inherited) and editing of embryos, eggs or sperm, which would pass changes to future generations. Your task in this assembly is to weigh a landscape of hopes and fears that often share the same facts but draw different conclusions from them. This report tries to set out that landscape fairly, so that you begin deliberating with a sense of what your fellow citizens, in all their diversity, bring to the question.",0.7513736,0.78809386,0.7937366,0.7705319,0.78377485,0.72556007,C,0.7937366,0.005642712,C,E
moonshotai__kimi-k3__rep06,moonshotai/kimi-k3,6,1,144,"The strongest current of support for genome editing comes from people whose lives are touched by serious inherited disease. Families affected by conditions such as Huntington's disease, muscular dystrophy, cystic fibrosis or thalassaemia often speak not of abstract ethics but of watching children suffer, of funerals, of calculations made before every pregnancy. For them, editing carries a straightforward moral logic: if we can safely prevent such suffering, refusing to do so is itself a moral failure. Some point out that the alternatives now available, such as IVF with embryo testing, donor eggs or sperm, or remaining childless, do not suit everyone and can themselves be emotionally and financially brutal. Australians saw a version of this argument succeed in 2022, when parliament passed Maeve's Law allowing mitochondrial donation for families facing devastating mitochondrial disease, a reform framed as cautious, licensed and compassionate rather than permissive.",0.7486107,0.7734885,0.7879817,0.77628183,0.7722964,0.7552384,C,0.7879817,0.011699855,C,E
moonshotai__kimi-k3__rep06,moonshotai/kimi-k3,6,2,170,"Alongside this hope runs a strong current of scientific caution, and it is important to understand that most cautious voices are not hostile to the technology. Many researchers celebrate the first approved gene-editing treatments for blood disorders overseas, and support somatic research under tight oversight. Their caution concentrates on heritable editing, where mistakes would be permanent and transmissible. They point to the risk of unintended edits elsewhere in the genome, to embryos in which only some cells are corrected, to single genes that have multiple effects we do not fully understand, and to the simple fact that no experiment can reveal consequences appearing two generations later. The case of He Jiankui, the Chinese scientist who announced gene-edited babies in 2018 and was widely condemned, serves as a warning about prestige, competition and weak oversight. Some also note that traits people most fantasise about enhancing, such as intelligence or athleticism, involve thousands of genes interacting with environment, which tempers both the wildest hopes and the wildest fears, at least for now.",0.7276552,0.7347341,0.74125093,0.7136024,0.7077944,0.69118714,C,0.74125093,0.006516814,C,A
moonshotai__kimi-k3__rep06,moonshotai/kimi-k3,6,3,138,"Disability communities offer perspectives that are often misunderstood and far from uniform. Many disability advocates argue that selecting against genetic conditions sends a message that lives lived with those conditions are worth less, and that much of the burden of disability comes not from bodies but from a society built for some bodies and not others. They worry that editing narrows the range of human lives regarded as acceptable, and some communities, such as parts of the deaf community, have long resisted framing their difference as a defect at all. Others with disabilities resent being conscripted into that argument; they experience their condition as real suffering and want the option of sparing their children the same. The disagreement within disability communities mirrors the disagreement in society generally, and it cautions against treating any group as a single voice.",0.567157,0.59966195,0.6246578,0.59969777,0.5911459,0.58867466,C,0.6246578,0.024960041,C,C
moonshotai__kimi-k3__rep06,moonshotai/kimi-k3,6,4,148,"Questions of fairness run through nearly every perspective. Advanced genetic medicine will be expensive, at least initially, and many Australians ask whether it will be available through Medicare or only to those who can pay. The fear is a future stratified by genetics, where the wealthy buy not just better schools and better postcodes but better genomes, a fear that resonates in a country that prides itself on the fair go. Access for rural and remote communities, and for poorer countries, compounds the concern. Yet others reply that inequity is a policy choice rather than a technological inevitability: many medicines began expensive and became universal, and a well-designed public system could make editing a tool for reducing, rather than deepening, inequality. Some add a pragmatic warning that strict domestic bans do not eliminate demand but export it to unregulated clinics abroad, where neither safety nor fairness is protected.",0.6452989,0.7182224,0.6889238,0.6792476,0.663006,0.7003609,B,0.7182224,0.017861485,B,F
moonshotai__kimi-k3__rep06,moonshotai/kimi-k3,6,5,145,"Australia's history gives these debates a particular edge. Eugenic thinking once shaped real policies here, from the control of Aboriginal families and the removal of Indigenous children to the sterilisation of people with intellectual disability, which persisted in some forms into the late twentieth century. That memory makes many people wary of any state-endorsed programme for selecting which kinds of humans should be born, even when framed as voluntary and medical. First Nations Australians also bring experience of genetic research conducted on them rather than with them, and Indigenous scholars have developed principles of data sovereignty and collective consent that any future programme would need to respect. At the same time, genomic medicine holds genuine promise for conditions that burden Indigenous communities heavily, such as kidney disease and diabetes, so the demand is not for exclusion from the science but for inclusion in governing it.",0.65291077,0.69381005,0.69067764,0.6782466,0.66990376,0.6582851,B,0.69381005,0.003132403,B,B
moonshotai__kimi-k3__rep06,moonshotai/kimi-k3,6,6,130,"Religious and philosophical traditions contribute another layer. For some, the human genome belongs to the given order of creation, and rewriting it is a form of overreach, sometimes described as playing God; for traditions that accord full moral status to embryos, the destruction of embryos involved in embryo editing is itself a grave wrong. Yet within the same traditions, other voices emphasise stewardship and healing, arguing that medicine has always been a way of cooperating with, rather than defying, the divine. Secular thinkers voice parallel concerns: that children should be received as gifts rather than manufactured as products, that a person designed to another's specification may struggle to feel the author of their own life, and that some things about human beings should remain outside the market and the workshop.",0.69102085,0.677512,0.7219131,0.7308565,0.6970612,0.7218039,D,0.7308565,0.008943379,D,F
moonshotai__kimi-k3__rep06,moonshotai/kimi-k3,6,7,120,"Countering these worries is a family of arguments built on freedom. Liberal societies generally let parents make far-reaching choices for their children, through diet, schooling, religion and medical care, so why should genetic influence be singled out as uniquely illegitimate? If prenatal screening and embryo testing are already accepted, some ask, is editing not simply a more effective step along the same road? The replies are equally familiar: the edited child cannot consent, the changes flow on to grandchildren who cannot consent either, parental choices can close off a child's future options rather than open them, and millions of private choices can quietly become a social expectation, so that parents who decline editing may one day be seen as negligent.",0.6691734,0.7114877,0.718327,0.6776879,0.7162682,0.7331643,F,0.7331643,0.014837325,F,F
moonshotai__kimi-k3__rep06,moonshotai/kimi-k3,6,8,106,"Finally, there are the questions of governance and trust. Australian law currently prohibits heritable genome editing, and periodic reviews have so far maintained that position while permitting somatic research under strict licensing; Maeve's Law showed that staged, safeguarded change is possible when the case is compelling. Internationally, regulation is a patchwork, commercial pressures from the fertility industry and patent holders are real, and public confidence, once lost, is hard to rebuild, as the experience of genetically modified crops taught many scientists. For some Australians, how the decision is made matters as much as what is decided: transparently, with affected communities at the table, and without hype.",0.66190296,0.7131882,0.6984396,0.6806296,0.6919993,0.6772337,B,0.7131882,0.014748573,B,B
moonshotai__kimi-k3__rep06,moonshotai/kimi-k3,6,9,69,"As you deliberate, you will find the hardest questions sitting at the boundaries. Is correcting high cholesterol therapy or enhancement? Is preventing deafness like preventing disease, or like erasing a community? The values in play, compassion, caution, freedom, equality, dignity, solidarity and humility, are all genuinely held, and no single perspective contains the whole truth. Your work is to find what a fair-minded Australian public could endorse, and why.",0.6271289,0.6361084,0.63203734,0.6523208,0.6127345,0.6443378,D,0.6523208,0.007983029,D,F
moonshotai__kimi-k3__rep07,moonshotai/kimi-k3,7,0,133,"This report is not an argument for any particular position. Its purpose is to sketch the terrain of views that Australians and others bring to human genome editing, so that you can begin deliberating with a sense of the hopes, fears, values and experiences at stake. A useful starting point is a distinction that runs through almost every discussion: editing the genes of a living patient to treat their disease (somatic editing, which affects only that person) is quite different from editing embryos, eggs or sperm so that changes are passed to future generations (heritable or germline editing). A second distinction, between therapy and enhancement, sounds equally clear but often blurs on inspection. Much of the disagreement you will encounter is really disagreement about where these lines fall and who should draw them.",0.731136,0.7646862,0.7764353,0.7736542,0.7622209,0.72702646,C,0.7764353,0.0027810931,C,D
moonshotai__kimi-k3__rep07,moonshotai/kimi-k3,7,1,171,"The strongest hopeful voices come from families and communities affected by serious genetic disease. For parents who have watched a child die of Tay-Sachs disease or Duchenne muscular dystrophy, or who carry Huntington's disease and face a one-in-two chance of passing it on, genome editing can represent not an abstraction but the possibility of sparing children and grandchildren from suffering. Proponents note that the first wave of change is already here: CRISPR-based treatments for sickle cell disease and beta thalassaemia have been approved by regulators including Australia's Therapeutic Goods Administration, and these somatic therapies are widely seen as unambiguous goods. For heritable editing, advocates point to cases where existing technologies fall short. Embryo screening through IVF works only when at least some embryos are unaffected; where both parents carry the same recessive condition, or where a couple objects to discarding embryos on moral grounds, editing could offer something selection cannot. Some add that Australia, with its strong research sector, could lead responsibly rather than leaving the field to less scrupulous actors.",0.7266946,0.7493484,0.74988985,0.74586827,0.7303314,0.73816097,C,0.74988985,0.0005414486,C,F
moonshotai__kimi-k3__rep07,moonshotai/kimi-k3,7,2,151,"Set against these hopes is a deep current of caution about safety and irreversibility. Editing tools can make unintended changes elsewhere in the genome; embryos can end up mosaics of edited and unedited cells; and a single gene can have effects across many traits, so that an edit made to prevent one disease might subtly alter others. With heritable editing, errors would propagate through generations, and the people most affected — descendants who do not yet exist — cannot consent. The 2018 case of He Jiankui, the Chinese scientist jailed after announcing the birth of gene-edited twins, is frequently invoked as evidence of what happens when ambition outruns oversight, and many scientists who support eventual use still argue that the science is nowhere near ready. Others reply that all medicine once faced such unknowns, that standards can be developed, and that indefinite delay has its own moral cost in preventable suffering.",0.70974666,0.70967424,0.72089547,0.7108155,0.7078309,0.67968667,C,0.72089547,0.01007998,C,A
moonshotai__kimi-k3__rep07,moonshotai/kimi-k3,7,3,119,"Questions of justice and access loom large in a country with a mixed public-private health system. If editing becomes available only to those who can pay, critics foresee a genetic divide layered on top of existing inequalities, with advantages concentrating across generations in ways that ordinary inequality does not. Regional and remote Australians, who already struggle to access specialist care, may be left further behind. Defenders of permissive approaches respond that this is an argument for public funding, not prohibition: if editing prevents lifelong illness, Medicare coverage could make it an instrument of fairness rather than division. They also note that Australia already tolerates large disparities in access to reproductive technologies, and ask why editing should be singled out.",0.64745003,0.7182053,0.69857097,0.6834819,0.67727065,0.7067572,B,0.7182053,0.011448085,B,F
moonshotai__kimi-k3__rep07,moonshotai/kimi-k3,7,4,149,"Disability communities bring perspectives that complicate any simple framing. The ""expressivist"" concern holds that screening out or editing away conditions like deafness, achondroplasia or Down syndrome sends a message about the value of people now living with those conditions — that some lives are not worth bringing into being. Many disabled people describe their condition as bound up with identity, community and even pride, and resist the assumption that their lives are tragedies to be engineered away. Yet disability communities are not monolithic. People living with painfully degenerative conditions sometimes resent being cast as arguments against technologies that could have spared them, and draw a sharp line between conditions that shape identity and conditions that cause relentless suffering. Underneath this debate sits a harder question: who decides which conditions are ""serious enough"" to justify intervention, and on what evidence about the quality of lives they may never have lived?",0.5186375,0.5449934,0.5716708,0.5692437,0.55736876,0.5433829,C,0.5716708,0.0024270415,C,D
moonshotai__kimi-k3__rep07,moonshotai/kimi-k3,7,5,161,"Then there is the boundary between healing and improving. Some philosophers, including the Australian bioethicist Julian Savulescu, argue that parents have a moral obligation to choose the best prospects for their children, a principle he calls procreative beneficence, and that if safe enhancement becomes possible it may be not merely permissible but good. Others warn of a ratchet effect: once some families can select for height, cognition or disease resistance, social and economic pressure may make opting out feel like negligence, producing a consumer-driven eugenics with no single coercer. The word eugenics carries heavy historical weight in Australia, where ideas of racial and genetic fitness once informed the White Australia policy and the removal of Aboriginal children, and where people with disabilities were institutionalised and sometimes sterilised. Defenders of parental choice counter that the historical evil was state coercion, not parental decision-making, and that the analogy misleads more than it illuminates. How you weigh that historical resonance may shape much else.",0.62663174,0.6191602,0.6355546,0.64435315,0.634509,0.6415047,D,0.64435315,0.0028484464,D,F
moonshotai__kimi-k3__rep07,moonshotai/kimi-k3,7,6,97,"Aboriginal and Torres Strait Islander perspectives deserve particular attention. Indigenous communities have experienced genetic research as something done to them rather than with them, including the historical collection and use of blood samples without meaningful consent. This history has generated a strong movement for Indigenous data sovereignty and genuine partnership in genomic research. Concepts that loom large in mainstream bioethics, such as individual reproductive autonomy, may sit differently within worldviews emphasising kinship, collective wellbeing and connection to country. Any durable Australian framework will need Indigenous voices at the table from the start, not consulted after the fact.",0.6102168,0.66207314,0.65010715,0.61333144,0.62712723,0.611612,B,0.66207314,0.01196599,B,B
moonshotai__kimi-k3__rep07,moonshotai/kimi-k3,7,7,101,"Religious and cultural viewpoints are similarly diverse. Some traditions see the human genome as part of a created order that humans should steward but not rewrite, and worry about ""playing God""; many place moral weight on the status of the embryo, since heritable editing typically involves creating and sometimes destroying embryos. Yet within the same traditions, others argue that healing is a religious duty and that refusing a safe means of preventing suffering would be its own failure. In a multicultural society, no single doctrine can settle the question, but these visions of human dignity shape how many citizens intuitively respond.",0.7022071,0.7138238,0.7525462,0.7390093,0.74054307,0.71657544,C,0.7525462,0.012003124,C,E
moonshotai__kimi-k3__rep07,moonshotai/kimi-k3,7,8,153,"Australia's existing framework is a restrictive but evolving one. Heritable genome editing is currently prohibited under the Prohibition of Human Cloning for Reproduction Act 2002, and embryo research is tightly licensed through the NHMRC. The 2021 passage of ""Maeve's Law"", permitting mitochondrial donation under a staged, licensed regime after extensive review and community consultation, is often cited as a model of how Australia can liberalise cautiously: begin with research, build evidence, then permit clinical use under close supervision. Whether that precedent should extend to genome editing, or whether it is the exception that proves the rule, is itself contested. Practical questions press in regardless of the legal line chosen: Australians can already travel overseas for treatments unavailable at home, international governance remains fragmented, and public trust — fragile after episodes like He Jiankui's — may be the scarcest resource of all. Some argue legislation should lead; others prefer professional self-regulation with statutory backstops.",0.6667483,0.71561086,0.6964858,0.6770572,0.6802098,0.67932177,B,0.71561086,0.019125044,B,B
moonshotai__kimi-k3__rep07,moonshotai/kimi-k3,7,9,153,"What emerges from this landscape is less a set of sides than a set of values in tension: compassion for suffering, respect for reproductive freedom, fairness between generations and within this one, precaution in the face of irreversibility, solidarity with those whose conditions society might prefer to eliminate, and humility about what humans can wisely control. As you deliberate, you might keep returning to a few questions. What counts as a disease serious enough to justify intervention, and who gets to say? Can therapy and enhancement be separated in practice, or only in principle? What would a fair system of access look like in Australia? Whose consent matters when the affected parties do not yet exist? And what does Maeve's Law suggest about whether Australia can move carefully, or whether caution means staying still? The participants around you will answer these differently; the task ahead is to find what can be said together.",0.595611,0.62273777,0.6255761,0.63205856,0.6060369,0.6167572,D,0.63205856,0.006482482,D,F
moonshotai__kimi-k3__rep08,moonshotai/kimi-k3,8,0,166,"Human genome editing is not one thing but a family of techniques, and much of the disagreement about it turns on distinctions that are worth holding clearly in mind. Editing the genes of a living patient to treat their disease, known as somatic editing, leaves no trace in the next generation, and therapies of this kind for sickle cell disease and beta thalassaemia have now been approved overseas. Editing embryos, eggs or sperm, by contrast, produces changes that can be inherited by all future descendants, and it is this heritable, or germline, editing that provokes the sharpest debate. There is a further distinction between using editing to prevent or treat disease and using it to enhance traits such as height, memory or appearance. In Australia, heritable editing is currently prohibited under laws dating from 2002, while somatic therapies are regulated as medical products, and the 2022 decision to permit mitochondrial donation, known as Maeve's Law, shows that positions can shift through careful public and parliamentary deliberation.",0.69540095,0.7560847,0.7484461,0.75938034,0.7444565,0.7250586,D,0.75938034,0.00329566,D,D
moonshotai__kimi-k3__rep08,moonshotai/kimi-k3,8,1,108,"The most powerful hopes attached to this technology come from medicine and from families. For people who carry serious inherited conditions such as Huntington's disease, cystic fibrosis or muscular dystrophy, and who have watched children, siblings or parents suffer, editing holds out the possibility of raising healthy children who are genetically their own. Supporters speak of compassion, of the relief of preventable suffering, and of parental love, and some argue that there is a positive moral obligation to use safe technologies to spare future children from devastating illness. On this view, choosing not to act is itself a choice with consequences, and caution can carry its own cruelty.",0.7342179,0.7323257,0.7666518,0.77323204,0.7294019,0.74741805,D,0.77323204,0.0065802336,D,D
moonshotai__kimi-k3__rep08,moonshotai/kimi-k3,8,2,89,"Many scientists and clinicians add a further argument about research and opportunity. Australia has strong capacity in genomics, and some warn that an overly restrictive stance risks driving talent and investment overseas, or leaving Australian patients dependent on other countries' decisions. Research on embryos, they note, could deepen understanding of early development, infertility and miscarriage. Yet it is worth knowing that the scientific community is itself divided: many researchers are among the strongest voices for caution, insisting that what can be done is not always what should be done.",0.69130874,0.6886072,0.6864157,0.64790094,0.6593043,0.6703024,A,0.69130874,0.002701521,A,A
moonshotai__kimi-k3__rep08,moonshotai/kimi-k3,8,3,101,"Safety concerns are the most immediate ground for caution. Editing tools can make unintended changes elsewhere in the genome, effects may only emerge years later, and errors in heritable editing would pass, irreversibly, to future generations who never consented. The case of He Jiankui, the Chinese scientist who announced the birth of gene-edited twins in 2018 to widespread condemnation, is often cited as a warning about rogue actors and premature use. Those who are less alarmed respond that all medicine involves uncertainty, that risks can be progressively reduced through research, and that people routinely accept far greater uncertainties in ordinary reproduction.",0.7083937,0.7455902,0.74457884,0.7102505,0.7230777,0.6885547,B,0.7455902,0.0010113716,B,B
moonshotai__kimi-k3__rep08,moonshotai/kimi-k3,8,4,157,"Disability communities bring perspectives that complicate any simple story about preventing suffering. Some people living with genetic conditions strongly welcome technologies that might spare others their pain. Others raise what philosophers call the expressivist objection: that selecting against a condition sends a hurtful message to people now living with it that their lives are less worth living. On the social model of disability, much of the hardship associated with a condition comes from exclusion and inaccessible environments rather than from biology itself, and communities such as some parts of the Deaf community regard their way of life as an identity to be celebrated, not an error to be corrected. Many disabled people therefore fear that editing could narrow society's acceptance of difference and erode support services, while others reject any implication that valuing a person means valuing their disease. A common thread is the demand that disabled people be at the table: nothing about us without us.",0.6014862,0.63408315,0.663422,0.63352895,0.6233005,0.6136501,C,0.663422,0.029338837,C,C
moonshotai__kimi-k3__rep08,moonshotai/kimi-k3,8,5,117,"Questions of justice cut in both directions. The gene therapies approved overseas cost millions of dollars per patient, raising hard questions about who would gain access in Australia, whether through Medicare and the public system or only through private wealth, and whether regional and remote communities would be left behind. If heritable enhancement ever became available to the affluent, some fear a durable genetic stratification of society. Others reply that many medical advances begin expensive and become cheaper, that denying a benefit to everyone because not everyone can have it is levelling down rather than lifting up, and that universal public provision could make editing a force for equality by preventing disease regardless of a family's income.",0.65558445,0.69954544,0.66705716,0.67364794,0.6536676,0.6817982,B,0.69954544,0.017747223,B,F
moonshotai__kimi-k3__rep08,moonshotai/kimi-k3,8,6,108,"Aboriginal and Torres Strait Islander peoples bring distinctive and important considerations. There is a long history, in Australia and elsewhere, of genetic research conducted on Indigenous people rather than with them, and movements for Indigenous data sovereignty now insist on community control over genetic information. Because eugenic ideas once influenced Australian policy, including policies that devastated First Nations families, state involvement in heredity carries a particular historical weight. At the same time, some Indigenous scholars and health leaders see potential benefits if the technology is governed properly, given the disease burdens their communities carry, and emphasise holistic understandings of health, kinship and connection that should shape any engagement.",0.59838754,0.6416048,0.63171226,0.626008,0.6111712,0.5960092,B,0.6416048,0.009892523,B,B
moonshotai__kimi-k3__rep08,moonshotai/kimi-k3,8,7,110,"Religious and philosophical traditions contribute further layers. For some, any research that creates and destroys human embryos is wrong whatever its purpose, because of the moral status of the embryo; others within the same faiths disagree. The phrase ""playing God"" expresses a worry about human hubris and about remaking human nature, though many theologians read the same traditions as calling humans to heal and to act as stewards or co-creators. Thinkers such as Jürgen Habermas have worried that a person designed by another might feel their freedom and equality diminished, while others argue that a person's dignity depends on how they are treated, never on how they came to be.",0.5882856,0.57598174,0.61408514,0.6157258,0.5905551,0.6081361,D,0.6157258,0.0016406775,D,F
moonshotai__kimi-k3__rep08,moonshotai/kimi-k3,8,8,113,"Perhaps the deepest public anxiety concerns enhancement: the image of designer babies chosen from a catalogue of traits. Critics foresee parental pressure, consumerism, a loss of openness to children as they arrive, and a slide from therapy into improvement that history, including the eugenics movements of the twentieth century, warns us to fear. They ask where any line could hold, since even resistance to disease could be called an enhancement. Those less troubled point out that Australia already draws and polices lines in IVF and embryo screening, that many enhancement fantasies may be technically unachievable, and that parents already confer advantages on children through education, diet and circumstance without anyone calling it eugenics.",0.6329275,0.6433487,0.6559586,0.6200127,0.6591451,0.6275345,E,0.6591451,0.003186524,E,E
moonshotai__kimi-k3__rep08,moonshotai/kimi-k3,8,9,114,"Governance itself raises its own arguments. Some observe that embryo screening and donor gametes already let most couples avoid passing on serious disease, making heritable editing unnecessary in almost all cases; others note rare situations, such as when both parents are affected or carry dominant disorders, where editing may be the only path to a healthy genetically related child, and ask whether rarity justifies prohibition. The options range from maintaining bans to moratoria to tightly licensed regimes, and each raises questions about who should decide, how the Commonwealth and the states should coordinate, how rules could be enforced if Australians simply travel overseas, and how much weight public deliberation of this kind should carry.",0.6920087,0.75320756,0.74360764,0.72967494,0.73081964,0.72537345,B,0.75320756,0.009599924,B,B
moonshotai__kimi-k3__rep08,moonshotai/kimi-k3,8,10,110,"Across this whole landscape, certain values recur: compassion, autonomy, safety, justice, human dignity, diversity, humility in the face of uncertainty, and trust in institutions. Most people hold several of these at once, which is why views often cannot be reduced to simple positions for or against. There is broad sympathy in most quarters for carefully regulated somatic therapies, deep division over heritable editing, and near-universal wariness of enhancement. The task before the assembly is less to choose a side than to weigh these hopes and concerns honestly, to listen for what matters most to the people behind each position, and to consider where a diverse society might find common ground.",0.68894625,0.6819572,0.68461245,0.697689,0.6675274,0.6585721,D,0.697689,0.00874275,D,A
moonshotai__kimi-k3__rep09,moonshotai/kimi-k3,9,0,109,"This report offers a map of the terrain you are about to enter. Human genome editing—the use of tools such as CRISPR-Cas9 to make targeted changes to DNA—is not a single question with a yes-or-no answer. It is a cluster of questions: which conditions might be treated, at what stage of life, by whom, with whose consent, at whose expense, and under whose oversight. People who agree on some of these questions disagree sharply on others, and the purpose of this briefing is to show you the range of perspectives, values and experiences that Australians and others bring to the debate, rather than to steer you toward any conclusion.",0.7229713,0.7759433,0.77805316,0.7527623,0.7625078,0.71545047,C,0.77805316,0.0021098852,C,B
moonshotai__kimi-k3__rep09,moonshotai/kimi-k3,9,1,143,"Two distinctions organise much of the discussion, though both are contested. The first is between somatic editing, which alters cells in one person and is not passed on, and germline or heritable editing, which alters embryos, eggs or sperm so that changes flow to descendants. Somatic editing is already arriving: a CRISPR-based treatment for sickle cell disease and beta thalassaemia has recently been approved by the Therapeutic Goods Administration. Heritable editing, by contrast, is prohibited in Australia under the Prohibition of Human Cloning for Reproduction Act 2002 and related legislation. The second distinction is between therapy—treating or preventing disease—and enhancement—improving traits beyond the normal range. Most people find these lines useful, but they leak. Is editing that raises resistance to infection therapy or enhancement? Is preventing short stature? Part of your task may be to test whether these boundaries can bear regulatory weight.",0.6845727,0.7153288,0.7168154,0.73650724,0.70459217,0.696862,D,0.73650724,0.019691825,D,D
moonshotai__kimi-k3__rep09,moonshotai/kimi-k3,9,2,104,"The hopeful case rests on suffering that might be prevented. Families living with Huntington's disease, Duchenne muscular dystrophy, cystic fibrosis or fatal childhood conditions speak of a moral imperative to heal, and argue that refusing to develop safe therapies is itself a choice with victims. Australia has strong biomedical research capacity, and proponents see an opportunity to lead in responsible translation. Some point to Maeve's Law, the 2021 legislation permitting mitochondrial donation under strict licensing, as proof that Australia can move carefully toward novel genetic interventions with safeguards—though others read the same history as evidence that each concession becomes the platform for the next.",0.6513522,0.6743835,0.6683366,0.6855919,0.6396832,0.6699541,D,0.6855919,0.011208355,D,F
moonshotai__kimi-k3__rep09,moonshotai/kimi-k3,9,3,116,"Against the hope stands uncertainty. Editing can miss its target or hit unintended sites; a single gene often affects many traits; some harms may not appear for years or may emerge only in the next generation. The 2018 case of He Jiankui, the Chinese scientist who announced gene-edited babies and was imprisoned, is invoked both as a warning about technical immaturity and as proof that governance can fail even amid near-universal condemnation. Precaution-minded voices argue that when the stakes include the human gene pool, restraint is the rational default. Others respond that precaution is not cost-free: delay entrenches avoidable suffering, and risk should be weighed against the risks of doing nothing, not against an imaginary zero.",0.7123205,0.737229,0.7492577,0.71830386,0.72839683,0.69605505,C,0.7492577,0.012028694,C,C
moonshotai__kimi-k3__rep09,moonshotai/kimi-k3,9,4,102,"Consent sharpens the dilemma. Adults can consent to somatic therapy; embryos cannot, and future generations cannot. Critics hold that making irreversible, inheritable decisions for people who do not yet exist is a category error. Defenders reply that parents already make irreversible choices for children simply by conceiving them, through preimplantation genetic diagnosis, which is already permitted in Australia, and through every environmental exposure; the child who would otherwise be born with the disease cannot be consulted either. Whether a future person can be wronged by the manner of their coming into existence is a genuine philosophical puzzle on which thoughtful people disagree.",0.6379895,0.6687411,0.69314474,0.66959625,0.68427336,0.6985084,F,0.6985084,0.005363643,F,F
moonshotai__kimi-k3__rep09,moonshotai/kimi-k3,9,5,102,"Equity is a further fault line. The newly approved CRISPR therapies carry price tags in the millions of dollars, raising hard questions about Medicare and the Pharmaceutical Benefits Scheme, about private clinics and reproductive tourism, and about the gap between city and bush. Some fear a ""genetic divide"" in which wealth purchases heritable advantage, converting social inequality into biology. Others note that many technologies began expensive and later diffused, and argue that inequitable access is a reason for public provision rather than prohibition. For Aboriginal and Torres Strait Islander communities, where health disparities are already stark, these questions arrive with particular force.",0.6263104,0.68724287,0.67654425,0.64168584,0.63875806,0.6678762,B,0.68724287,0.0106986165,B,F
moonshotai__kimi-k3__rep09,moonshotai/kimi-k3,9,6,119,"Disability communities bring an indispensable and often uncomfortable perspective. Some argue that programmes to eliminate genetic conditions send a message that lives lived with those conditions are less worth living—the so-called expressivist objection. Deaf communities, people with dwarfism and some autistic self-advocates describe conditions as identities and cultures, not simply afflictions, and note that much disadvantage flows from social arrangements rather than biology. Others within the same communities want cures and reject being conscripted into either camp; the long-running debate over cochlear implants shows how internally divided such questions can be. Many insist that pursuing treatment and honouring the dignity of people who live with disability are compatible, provided the conversation does not proceed as though they were absent.",0.5882015,0.5927763,0.6326383,0.61600804,0.5951186,0.6015749,C,0.6326383,0.016630232,C,C
moonshotai__kimi-k3__rep09,moonshotai/kimi-k3,9,7,106,"History shadows the debate. Twentieth-century eugenics—including in Australia, where racist science, institutionalisation and policies targeting Indigenous people caused lasting harm—makes any talk of improving the human stock radioactive. Critics warn of ""consumer eugenics"": no state coercion, only market and social pressure converging on uniformity, with soft coercion in the question ""what parent would choose not to?"" Defenders distinguish coercive state programmes from free parental choice aimed at disease. It is also worth knowing that most prized traits—intelligence, height, temperament—are shaped by thousands of genes plus environment, so ""designer babies"" are far harder than headlines suggest; yet even modest enhancement possibilities raise fairness questions worth taking seriously.",0.62091565,0.6326135,0.6464631,0.62323916,0.6461515,0.6169259,C,0.6464631,0.00031161308,C,E
moonshotai__kimi-k3__rep09,moonshotai/kimi-k3,9,8,105,"Religious, cultural and philosophical traditions frame the issue differently again. Some speak of human dignity, of the genome as shared heritage, or in the older language of ""playing God""; the Council of Europe's Oviedo Convention, though not binding on Australia, restricts interventions that would modify descendants' genomes. Faith communities are internally diverse: some oppose any destruction of embryos, while others see healing as a religious duty. Indigenous perspectives are likewise not one view, and given a history of extractive genetic research, genuine consultation rather than assumption is essential; concepts of kinship, continuity and connection to Country may reframe questions that Western bioethics treats as settled.",0.64133835,0.65423465,0.70619756,0.6773224,0.67529005,0.66138726,C,0.70619756,0.028875172,C,C
moonshotai__kimi-k3__rep09,moonshotai/kimi-k3,9,9,93,"Finally, there is the question of governance itself. Some favour continued prohibition of heritable editing; some a moratorium; some a regulated pathway modelled on mitochondrial donation. The World Health Organization has proposed global governance standards, but national laws diverge, creating pressure from scientific competition, offshore research and medical tourism. Trust in regulators such as the NHMRC and the TGA is itself a variable to be weighed. Many argue that processes like this assembly are part of legitimate governance—that on questions touching what it means to be human, technical expertise alone should not decide.",0.6719253,0.69181645,0.67530817,0.6836832,0.65693456,0.67750794,B,0.69181645,0.008133233,B,F
moonshotai__kimi-k3__rep09,moonshotai/kimi-k3,9,10,78,"Surveys suggest Australians broadly support editing to treat serious disease, are divided about heritable uses, and strongly oppose enhancement, while wanting firm oversight. Beneath the disagreements lie shared values—relieving suffering, protecting children, fairness, freedom, caution—differently weighted. As you deliberate, some questions may be worth carrying with you: What counts as a serious disease, and who decides? Who bears the risks, and who reaps the benefits? Who speaks for future generations, and for those whose voices are least heard?",0.69806266,0.7384589,0.7296362,0.73375475,0.71599185,0.6936887,B,0.7384589,0.004704118,B,D
moonshotai__kimi-k3__rep10,moonshotai/kimi-k3,10,0,133,"Genome editing refers to a family of techniques, most famously CRISPR, that allow scientists to change DNA with unprecedented precision. For your deliberations, one distinction matters above all. Somatic editing alters the genes of a living person and affects only that person; several such therapies are now reaching clinics overseas, including treatments for sickle cell disease. Heritable or germline editing alters embryos, eggs or sperm, and the changes pass to future generations. It is heritable editing that generates the deepest disagreement, and it is currently prohibited in Australia under the Research Involving Human Embryos Act and the Prohibition of Human Cloning for Reproduction Act, though our laws are periodically reviewed and were amended in 2021 to permit mitochondrial donation. You are being asked, in effect, whether that prohibition should hold, soften or evolve.",0.70196664,0.75734127,0.75553405,0.74264354,0.75187296,0.7137352,B,0.75734127,0.0018072128,B,E
moonshotai__kimi-k3__rep10,moonshotai/kimi-k3,10,1,119,"The most powerful hope driving this technology comes from families who know genetic disease intimately. Cystic fibrosis, Huntington's disease, spinal muscular atrophy, Duchenne muscular dystrophy and countless rare conditions cause suffering that medicine can often only manage, not cure. For parents who carry a serious mutation, each pregnancy can be a lottery. Editing could, in principle, remove a disease-causing variant from a family line forever. Proponents speak of compassion and of a duty to heal: if we can spare a child a short and painful life, they ask, how could we refuse? They note that Australians already accept embryo screening in IVF, and some argue editing is simply a more capable version of a choice we have already made.",0.6775023,0.6896586,0.7133289,0.7229314,0.69830143,0.7020192,D,0.7229314,0.009602487,D,D
moonshotai__kimi-k3__rep10,moonshotai/kimi-k3,10,2,112,"Against this sits a cluster of safety concerns. Editing tools can cut unintended parts of the genome; embryos can develop as mosaics of edited and unedited cells; and single genes often influence many traits, so removing one risk may create others. The Chinese scientist He Jiankui's secret creation of gene-edited babies in 2018, condemned worldwide, showed both that the technology is usable now and that scientific self-restraint can fail. Because germline changes are permanent and propagate across generations, critics argue the burden of proof should be extraordinarily high, perhaps unattainable. Supporters counter that all medicine involves uncertainty, that techniques improve rapidly, and that demanding certainty is a way of deciding by default.",0.719617,0.7351678,0.756799,0.7125932,0.7335271,0.7108453,C,0.756799,0.021631181,C,C
moonshotai__kimi-k3__rep10,moonshotai/kimi-k3,10,3,131,"A second major fault line concerns the boundary between therapy and enhancement. Many people who accept editing to prevent catastrophic disease recoil at editing for height, appearance or intelligence. Yet the line is notoriously hard to draw. Is deafness a disease or an identity? What about short stature, or a predisposition to obesity? Some fear a slippery slope on which each small step seems reasonable until society slides into consumer eugenics. Others think the slope has firm footholds and that regulation can hold the line, as it arguably has with IVF. The deepest version of this worry is not about any single edit but about what kind of people we become: whether children would be treated as products designed to specification, and whether parental love might become conditional on genetic quality.",0.706982,0.7218688,0.7357784,0.7227719,0.7233463,0.7215013,C,0.7357784,0.012432098,C,F
moonshotai__kimi-k3__rep10,moonshotai/kimi-k3,10,4,113,"Disability communities bring perspectives that deserve particular attention. Many disabled people hear talk of eliminating genetic conditions as talk of eliminating people like them, and they point to the expressivist concern that screening and editing send a message that some lives are not worth living. Australia's own history lends weight here: eugenic ideas once shaped policy, and forced sterilisations and the removal of Aboriginal children are living memory, not ancient history. At the same time, disability communities are not monolithic; some people with genetic conditions would dearly spare their children the same suffering. Listening to this diversity, rather than treating any one voice as representative, will matter to the legitimacy of your conclusions.",0.5545846,0.6134348,0.61733764,0.6087318,0.6040073,0.5732526,C,0.61733764,0.0039028525,C,E
moonshotai__kimi-k3__rep10,moonshotai/kimi-k3,10,5,115,"Questions of justice cut across everything else. If editing becomes available, who gets it? Advanced reproductive technology is expensive, and Australia already has a two-tier pattern in which access to IVF varies with income and postcode. Critics foresee a genetic class divide, in which the affluent buy resilience and advantage while others cannot, hardening inequality into biology itself. Some respond that the answer to inequitable access is public provision, not prohibition, just as we fund expensive medicines through the PBS. There are also global dimensions: would Australian rules simply export the practice to clinics overseas, and do we have obligations to people in countries where diseases like sickle cell anaemia are common and treatments scarce?",0.5777895,0.6479744,0.63381743,0.6043289,0.5961355,0.6418572,B,0.6479744,0.006117165,B,F
moonshotai__kimi-k3__rep10,moonshotai/kimi-k3,10,6,96,"Aboriginal and Torres Strait Islander perspectives add further depth. Indigenous Australians have experienced medical research as something done to them rather than with them, and there is growing emphasis on Indigenous data sovereignty, community consent and the right to control how genetic information is collected and used. Any framework for genome editing in Australia would need genuine partnership with First Nations communities from the outset, not consultation after the fact. More broadly, public trust in institutions is itself a value at stake: a technology introduced without social licence could corrode confidence in science and medicine generally.",0.67431146,0.727937,0.7162546,0.6900728,0.68771243,0.66942793,B,0.727937,0.011682391,B,B
moonshotai__kimi-k3__rep10,moonshotai/kimi-k3,10,7,118,"Religious and philosophical traditions offer varied resources. The phrase ""playing God"" captures a widespread intuition that some powers exceed human wisdom, and that humility before life's givenness is a virtue. Catholic teaching objects to procedures that create or destroy embryos; many Jewish and Islamic scholars have been more open to editing for serious therapeutic purposes under strict conditions, seeing healing as a duty. Secular thinkers make parallel arguments about naturalness, hubris and the instrumentalisation of human life. On the other side, some bioethicists argue for ""procreative beneficence"", a principle that parents should choose the best prospects for their children, and see editing as an extension of parental freedom that liberal societies should protect unless it clearly harms others.",0.6512039,0.61044604,0.6546451,0.6735436,0.6201985,0.6862246,F,0.6862246,0.012681007,F,F
moonshotai__kimi-k3__rep10,moonshotai/kimi-k3,10,8,91,"There are also arguments about alternatives. Preimplantation genetic testing already lets prospective parents select embryos free of known mutations, which some say achieves most of editing's therapeutic goals without rewriting DNA. Others reply that screening fails when all embryos are affected, or when parents object to discarding embryos, and that editing could help precisely those families. Questions of consent loom too: future generations cannot agree to the changes made to their genomes, though defenders note that children never consent to any of their genetic inheritance, or to being born at all.",0.71908695,0.7309344,0.74459815,0.7189676,0.7430567,0.74037623,C,0.74459815,0.0015414357,C,F
moonshotai__kimi-k3__rep10,moonshotai/kimi-k3,10,9,145,"Finally, there is the question of who should decide. Options range from maintaining the current prohibition, through time-limited moratoria with review mechanisms, to tightly licensed case-by-case approval, to permitting somatic therapies freely while barring heritable changes. Some would entrust these judgements mainly to scientists and clinicians; others insist that because heritable editing changes the human commonwealth, it is a democratic question in which every citizen has standing. As you deliberate, you will encounter recurring values on all sides: compassion for those who suffer, caution in the face of irreversibility, fairness in the distribution of benefit and risk, freedom for parents and researchers, humility about what we can foresee, and solidarity with the vulnerable, including generations not yet born. The task before you is not to pick a single winner among these values, but to ask what arrangements could honour the most important of them together.",0.7175864,0.76105756,0.7455809,0.76158524,0.72875404,0.74087954,D,0.76158524,0.0005276799,D,F
z-ai__glm-5.2__rep01,z-ai/glm-5.2,1,0,192,"Welcome to the citizens' assembly. Over the coming weeks, you will be asked to deliberate on one of the most profound scientific and ethical questions of our time: whether and how human genome editing should be permitted and regulated in Australia. This report is designed to serve as your initial map of the terrain. It does not advocate for a particular outcome but rather seeks to illuminate the diverse perspectives, deeply held values, and competing arguments that surround this technology. Human genome editing involves making precise changes to the DNA within a human cell. To understand the debates, it is helpful to distinguish between two types of editing. Somatic editing modifies the genes in a patient's existing body cells to treat a disease, and these changes are not passed on to the patient's children. Germline editing, on the other hand, alters the DNA in sperm, eggs, or early embryos, meaning the changes are hereditary and will be passed down to all future generations. Furthermore, the public conversation often divides between using these tools for therapy—restoring normal health to treat or prevent disease—and using them for enhancement—augmenting human traits beyond typical human functioning.",0.7207837,0.7753357,0.77008235,0.76097745,0.7524407,0.7120012,B,0.7753357,0.0052533746,B,B
z-ai__glm-5.2__rep01,z-ai/glm-5.2,1,1,160,"At the heart of the arguments in favor of genome editing is a profound sense of hope and the desire to alleviate human suffering. For many people, particularly those living with devastating genetic conditions and the families who care for them, this technology represents a long-awaited cure rather than a futuristic concept. Conditions such as Huntington’s disease, cystic fibrosis, muscular dystrophy, and certain inherited cancers cause immense physical and emotional distress. Proponents argue that we have a moral imperative to use our scientific knowledge to cure disease and improve the human condition. From this perspective, withholding a treatment that could end generational cycles of disease is ethically indefensible. There is also a strong current of scientific optimism within the Australian community. Many citizens take pride in our nation’s history of medical innovation and believe that carefully regulated research can yield enormous public health benefits, reducing the long-term burden on the healthcare system and allowing individuals to live fuller, healthier lives.",0.7864072,0.77341676,0.7850436,0.7986245,0.7610758,0.73872036,D,0.7986245,0.012217343,D,A
z-ai__glm-5.2__rep01,z-ai/glm-5.2,1,2,148,"However, the transition from curing disease to enhancing human capabilities introduces widespread anxiety. A major fault line in the public debate centers on the boundary between therapy and enhancement. While there is broad public consensus that treating a severe illness is a worthy goal, the prospect of designer babies engineered for higher intelligence, athletic prowess, or specific physical traits triggers deep discomfort. Critics argue that pursuing enhancement risks reigniting the dark history of eugenics, where the definition of a good or desirable human is dictated by societal prejudices rather than medical necessity. This perspective emphasizes that human diversity, including variations in ability and appearance, is a vital component of a rich, resilient society. Altering the fundamental building blocks of human nature to fit arbitrary aesthetic or cognitive ideals is viewed by many as a dangerous overreach that commodifies human life and undermines the intrinsic value of the individual.",0.6148869,0.62546617,0.642983,0.64543974,0.62406397,0.60456866,D,0.64543974,0.0024567246,D,D
z-ai__glm-5.2__rep01,z-ai/glm-5.2,1,3,155,"Tied closely to the fear of enhancement is a profound concern about social justice and equity. Australia prides itself on the ethos of a fair go, a cultural commitment to egalitarianism and universal access to healthcare through systems like Medicare. Many citizens worry that genome editing could become a luxury available only to the wealthy, creating a permanent biological divide between the rich and the poor. If affluent parents can purchase genetic enhancements for their children, social inequality could become literally encoded in our DNA, giving rise to a genetic underclass that cannot compete on a level playing field. This perspective demands that any regulatory framework must aggressively protect equitable access. It raises challenging questions about whether the government should subsidize genetic therapies and whether private enhancements should be banned entirely to prevent the wealthy from gaining biological advantages. The dialogue here focuses on how to prevent a revolutionary medical technology from fracturing social cohesion.",0.68022394,0.7508922,0.72293824,0.70173323,0.70973486,0.6979962,B,0.7508922,0.027953982,B,B
z-ai__glm-5.2__rep01,z-ai/glm-5.2,1,4,143,"Beyond the social implications, there are significant concerns regarding safety and the limits of human knowledge. The natural world is highly complex, and genes often have multiple, overlapping functions. Scientists caution that editing one gene to eliminate a disease might inadvertently trigger unforeseen health problems, a phenomenon known as off-target effects. When it comes to germline editing, the stakes are dramatically higher. Because these genetic changes are hereditary, any unintended mutations introduced today will be passed down to all future generations, irreversibly altering the human gene pool. Those who hold this view invoke the precautionary principle, arguing that we should not release potentially irreversible changes into human biology until we are absolutely certain of the long-term consequences. This perspective suggests that a strict moratorium on germline editing is necessary until the science is proven safe and society has thoroughly debated the ethical implications.",0.6583315,0.7140862,0.7078622,0.67889184,0.6923779,0.65381455,B,0.7140862,0.0062239766,B,B
z-ai__glm-5.2__rep01,z-ai/glm-5.2,1,5,157,"The ethical and philosophical landscape also features profound moral and religious objections. For some, editing the human genome crosses a fundamental line, representing an unacceptable hubris often described as playing God. This view holds that human life possesses a sacred or natural integrity that should not be artificially manipulated, even with the best of intentions. Furthermore, germline editing raises unique issues of consent. Future generations cannot consent to the genetic alterations made by their ancestors, potentially locking them into biological trajectories chosen for them without their input. Within this moral framework, there are also vital voices from the disability rights community. Some advocates argue that framing certain genetic conditions as defects to be edited out devalues the lives of people currently living with disabilities. They raise concerns that a rush to eliminate genetic differences could diminish societal support for disability and erode the acceptance of neurodiversity, promoting a narrow, medicalized view of what constitutes a normal life.",0.70877993,0.73172283,0.7729158,0.7408117,0.7500101,0.7222748,C,0.7729158,0.022905707,C,C
z-ai__glm-5.2__rep01,z-ai/glm-5.2,1,6,159,"Finally, the global dimension of this issue presents a regulatory puzzle. Science transcends national borders, and Australians are aware that what we decide here may be undermined by actions taken elsewhere. If Australia bans genome editing entirely, citizens with means might simply travel to countries with lax regulations to access the technology, a phenomenon known as medical tourism. This raises the question of whether a strict domestic ban would merely push the practice into unregulated, potentially dangerous black markets. Conversely, taking a more permissive approach might position Australia as a hub for international biotechnology research, attracting investment and talent, but also accepting the ethical risks associated with pioneering such work. The regulatory debate therefore grapples with how to balance national sovereignty and local values with the necessity of international cooperation. Some argue for binding international treaties modeled on nuclear non-proliferation agreements, while others believe that flexible, locally accountable regulatory bodies are better suited to navigate this rapidly evolving field.",0.6534582,0.70463246,0.6890543,0.67151845,0.6684805,0.65288043,B,0.70463246,0.015578151,B,B
z-ai__glm-5.2__rep01,z-ai/glm-5.2,1,7,132,"As you begin your deliberations, you will find that these perspectives do not exist in isolation; they overlap, conflict, and challenge one another. The hope of curing a child’s illness collides with the fear of unforeseen evolutionary consequences. The desire to alleviate suffering competes with the necessity of respecting human diversity. The pride in scientific ingenuity must be weighed against the commitment to social equity. There are no simple answers or predetermined paths. Your task is to navigate this complex landscape, balancing the profound promises of genome editing with its equally profound risks, to determine what the best path forward is for Australia. This assembly represents a unique opportunity to shape a regulatory framework that reflects our shared values, our respect for science, and our commitment to a fair and compassionate society.",0.73111314,0.76766974,0.7558161,0.7604451,0.74901676,0.7152034,B,0.76766974,0.0072246194,B,B
z-ai__glm-5.2__rep02,z-ai/glm-5.2,2,0,134,"The convergence of biology and technology has brought humanity to a profound crossroads. Human genome editing, once a figment of science fiction, is now a tangible reality, largely due to advancements like CRISPR-Cas9, which allows scientists to alter DNA sequences with unprecedented precision. As you prepare to deliberate on whether and how this powerful technology should be permitted and regulated in Australia, it is essential to first survey the vast and varied landscape of public opinion. This briefing aims to map the diverse perspectives, deeply held values, hopes, and concerns that surround the prospect of rewriting the human genetic code. The conversation is not merely a technical one; it touches the very core of what it means to be human, how we view disability, and how we collectively shape the future of our species.",0.6669995,0.7179651,0.7105878,0.68823576,0.6901825,0.64163035,B,0.7179651,0.0073773265,B,B
z-ai__glm-5.2__rep02,z-ai/glm-5.2,2,1,153,"At the heart of the enthusiasm for genome editing lies a profound medical hope. For families affected by devastating hereditary conditions such as Huntington's disease, cystic fibrosis, or sickle cell anemia, the ability to correct genetic errors represents a beacon of light. Proponents argue that we possess a moral imperative to alleviate suffering and cure disease when the means to do so are within our grasp. This perspective emphasizes the difference between somatic cell editing, which treats genetic conditions in an existing individual, and germline editing, which alters embryos, sperm, or eggs, thereby passing changes to future generations. Many view somatic therapies as a natural extension of traditional medicine, akin to a highly targeted drug or surgery. For patient advocacy groups, the slow pace of regulatory approval often feels like a barrier separating vulnerable patients from life-saving treatments, fostering a strong desire for accessible, well-regulated pathways that prioritize compassionate use and medical breakthroughs.",0.6764411,0.67740875,0.6865076,0.72311544,0.6645096,0.6660985,D,0.72311544,0.03660786,D,D
z-ai__glm-5.2__rep02,z-ai/glm-5.2,2,2,128,"However, the optimism surrounding medical cures is tempered by significant safety concerns and technical apprehensions. The human genome is immensely complex, and our understanding of how genes interact is still evolving. Critics and cautious scientists point to the risk of off-target effects, where the editing tools inadvertently alter the wrong parts of the DNA, potentially causing new diseases or triggering cancers. The fear is that in our rush to fix one biological flaw, we might introduce unpredictable, cascading consequences. This anxiety is amplified when discussing germline editing, as any unintended mutations will be permanently woven into the human gene pool, affecting not just the edited individual, but all of their descendants. From this viewpoint, proceeding without absolute certainty is an unacceptable gamble with the biological heritage of humanity.",0.6588778,0.69140834,0.7028262,0.6826569,0.66723436,0.64233893,C,0.7028262,0.011417866,C,C
z-ai__glm-5.2__rep02,z-ai/glm-5.2,2,3,152,"Beyond the laboratory risks lies a dense thicket of ethical and moral concerns. A primary fear is the slippery slope from therapeutic editing to genetic enhancement. If we can cure a disease, can we also increase height, enhance intelligence, or alter physical appearance? The prospect of designer babies evokes dark historical memories of eugenics, where the concept of improving the human race was weaponized to justify horrific discrimination and atrocities. Many worry that allowing any form of enhancement could exacerbate societal inequalities, creating a world where the wealthy can literally buy better genetics for their children. Furthermore, there is the fundamental issue of consent. Future generations cannot consent to the genetic modifications made to their embryos, raising profound questions about autonomy and the rights of the unborn. Those who hold these concerns argue for stringent, perhaps even absolute, prohibitions on germline editing to protect future generations from the hubris of the present.",0.67389965,0.7157539,0.71443874,0.6860903,0.70640725,0.674822,B,0.7157539,0.0013151765,B,E
z-ai__glm-5.2__rep02,z-ai/glm-5.2,2,4,138,"The question of equity is particularly resonant within the Australian context, a society that prides itself on the ethos of a fair go and relies on a universal healthcare system like Medicare. If genome editing therapies become available, will they be accessible to all, or will they become luxury goods reserved for the privileged few? There is a genuine concern that a two-tiered society could emerge, not just based on wealth or education, but on fundamental biology. If only the affluent can afford to eradicate genetic diseases or enhance their offspring, the gap between the rich and the poor could become insurmountable, encoded into the very DNA of the populace. Assembly participants will need to grapple with how to structure regulations and funding models to ensure that the benefits of this technology do not deepen existing social divides.",0.6884599,0.7752858,0.7259635,0.7115715,0.7330234,0.70196176,B,0.7752858,0.042262375,B,B
z-ai__glm-5.2__rep02,z-ai/glm-5.2,2,5,125,"Complicating the landscape further are philosophical and religious perspectives that question the very act of altering human DNA. For many, the human genome represents the natural order or a divine creation, and tampering with it is seen as playing God. This view holds that there is an inherent dignity in human vulnerability and that the unpredictability of genetics is a fundamental part of the human experience. Some disability advocates also raise a critical voice, arguing that framing certain genetic conditions as diseases to be eradicated devalues the lives of people currently living with those conditions. They warn that a societal push to eliminate genetic differences could lead to a less tolerant, more homogenized world where diversity is no longer celebrated but engineered out of existence.",0.69979507,0.7020695,0.72988635,0.7288995,0.7160704,0.68837374,C,0.72988635,0.0009868741,C,D
z-ai__glm-5.2__rep02,z-ai/glm-5.2,2,6,120,"Finally, there are pragmatic and geopolitical considerations regarding regulation and innovation. Some argue that overly restrictive regulations will drive research underground or to other countries with looser laws, potentially resulting in unsafe, unregulated procedures. They suggest that Australia should position itself as a leader in ethical genome editing, creating a robust but permissive framework that allows for scientific advancement while maintaining strict oversight. This perspective highlights the economic benefits of biotechnological leadership and the importance of keeping Australian medical researchers at the forefront of global innovation. Conversely, others warn against rushing to commercialize these technologies, fearing that profit motives could compromise safety and ethical standards. They advocate for a precautionary approach, prioritizing global consensus and international treaties over national competitiveness.",0.63850474,0.66743684,0.6450786,0.6512642,0.6215742,0.6341823,B,0.66743684,0.016172647,B,A
z-ai__glm-5.2__rep02,z-ai/glm-5.2,2,7,125,"As you begin your deliberations, you will find that these perspectives frequently overlap and sometimes directly conflict. The desire to cure disease clashes with the fear of unintended consequences. The drive for scientific innovation is checked by concerns for equity and the preservation of human dignity. There are no simple answers, and the choices you make will help shape the trajectory of medicine and society in Australia for generations to come. Your task is not merely to weigh the scientific evidence, but to arbitrate between competing values and visions for the future. By understanding the depth and breadth of these hopes and fears, you are well-equipped to navigate this complex moral terrain and forge a path that reflects the collective conscience of the Australian community.",0.67526674,0.66854864,0.6720182,0.69234455,0.65233237,0.6465478,D,0.69234455,0.017077804,D,A
z-ai__glm-5.2__rep03,z-ai/glm-5.2,3,0,117,"Welcome to the citizens' assembly. As you prepare to deliberate on the future of human genome editing in Australia, this report aims to map the diverse landscape of perspectives, arguments, and values that surround this profound issue. Human genome editing allows scientists to make precise changes to DNA, and while the science is groundbreaking, the ethical terrain is complex. Our goal is to present a balanced overview of the hopes and fears that people hold, without advocating for a specific outcome. By understanding the full spectrum of views, you will be better equipped to weigh the trade-offs and reach a considered collective judgment on whether and how this technology should be permitted and regulated in our society.",0.7441566,0.7788658,0.7743714,0.74192166,0.7686985,0.7024415,B,0.7788658,0.0044944286,B,E
z-ai__glm-5.2__rep03,z-ai/glm-5.2,3,1,119,"To navigate these views, it is helpful to understand a few key scientific distinctions that shape the debate. The first is the difference between somatic and germline editing. Somatic editing targets the cells of an individual to treat a disease, and those changes are not passed on to the person's children. Germline editing, however, alters embryos, sperm, or eggs, meaning the changes are inherited by all future generations. The second distinction is between therapy and enhancement. Therapeutic editing aims to cure or prevent disease, while enhancement seeks to improve traits beyond normal human function, such as increasing intelligence or physical strength. People often hold very different views depending on whether the editing is somatic or germline, therapeutic or enhancing.",0.7126864,0.7135727,0.72653925,0.75058746,0.73338073,0.7078217,D,0.75058746,0.017206728,D,D
z-ai__glm-5.2__rep03,z-ai/glm-5.2,3,2,119,"For many, the primary argument in favor of genome editing is rooted in compassion and the desire to alleviate human suffering. Genetic diseases such as cystic fibrosis, Huntington’s disease, and sickle cell anemia cause immense pain and shorten lives. Proponents argue that if we have the tools to eliminate these conditions, we have a moral obligation to use them. From this perspective, editing a gene to cure a devastating illness is simply a more precise extension of traditional medicine, much like developing a vaccine or performing surgery. The hope here is that genome editing could not only save lives but also reduce the immense emotional and financial burden placed on families, ultimately allowing individuals to live healthier, unencumbered lives.",0.75040275,0.73425376,0.75748646,0.79162955,0.7361163,0.7307646,D,0.79162955,0.03414309,D,D
z-ai__glm-5.2__rep03,z-ai/glm-5.2,3,3,126,"However, the idea of eliminating genetic diseases raises profound concerns for many in the disability community. A central argument from this perspective is that the concept of fixing a genetic condition often stems from a narrow, medicalized view of what constitutes a good life. Disability advocates argue that many genetic differences, including those that lead to neurodiversity, are natural variations of the human experience rather than defects that must be eradicated. There is a deep fear that normalizing genome editing could lead to a modern form of eugenics, where society deems certain lives as less valuable or inherently flawed. For these individuals, the focus should not be on editing out disabilities, but on building a more inclusive society that supports people with all types of abilities.",0.70378023,0.7238585,0.73301184,0.7552005,0.7352699,0.7080143,D,0.7552005,0.019930601,D,D
z-ai__glm-5.2__rep03,z-ai/glm-5.2,3,4,118,"Beyond philosophical debates, there are significant practical concerns regarding safety and unintended consequences. Genome editing is still a relatively new field, and the technology is not yet perfect. Scientists acknowledge the risk of off-target effects, where the editing tool accidentally alters the wrong part of the genome, potentially causing new diseases or unforeseen health problems. When it comes to germline editing, these risks are magnified because any unintended mutations will be passed on to future generations, permanently altering the human gene pool. From this viewpoint, the precautionary principle is paramount: the potential risks of causing irreversible genetic harms outweigh the immediate benefits, and we should proceed with extreme caution until the science is proven safe over multiple generations.",0.6874523,0.7443326,0.7289413,0.705081,0.7161386,0.6793593,B,0.7443326,0.01539129,B,B
z-ai__glm-5.2__rep03,z-ai/glm-5.2,3,5,121,"Another major source of anxiety centers on issues of equity and justice. Critics worry that these technologies will be expensive and initially accessible only to the wealthy. If only the rich can afford to edit out genetic diseases or enhance the traits of their children, society could become increasingly stratified. This could lead to a genetic divide where socioeconomic inequalities are literally written into our DNA. In the Australian context, where universal healthcare and the principle of a fair go are deeply cherished, the prospect of a medical advancement that exacerbates inequality is highly troubling. People who hold this view argue that unless we can guarantee equitable access to genome editing, permitting it could undermine the fabric of our egalitarian society.",0.70348465,0.76211584,0.75179386,0.71785754,0.74154633,0.73024523,B,0.76211584,0.010321975,B,B
z-ai__glm-5.2__rep03,z-ai/glm-5.2,3,6,123,"The fear of inequality is closely tied to the slippery slope argument regarding genetic enhancement. Even if we begin with the best intentions of curing disease, the line between therapy and enhancement is notoriously blurry. For instance, editing a gene to prevent a child from having stunted growth could transition into editing genes to ensure a child grows exceptionally tall. The concern is that a market for designer babies could emerge, where parents select for preferred traits like athletic prowess or cognitive abilities. Critics argue that embracing enhancement would commodify human life and place impossible expectations on children to be perfect. This perspective values human authenticity and humility, suggesting that we should accept our natural limitations rather than engineering better versions of ourselves.",0.67615557,0.6844397,0.7054439,0.69361216,0.67585427,0.6848646,C,0.7054439,0.01183176,C,F
z-ai__glm-5.2__rep03,z-ai/glm-5.2,3,7,122,"Deeply held moral, religious, and philosophical views also form a crucial part of this landscape. For some, the human genome is sacred, and altering it represents an unacceptable overreach into the natural order. This perspective is often framed as a concern about playing God. Proponents argue that human beings do not have the wisdom to safely and ethically manipulate the fundamental code of life, and that doing so exhibits dangerous hubris. They might argue that we should accept the genetic hand we are dealt as part of the human condition or a divine plan. While this view does not necessarily oppose all medicine, it draws a line at the permanent alteration of the human blueprint, emphasizing the need for reverence and restraint.",0.7153102,0.6943174,0.73419183,0.72868884,0.7176173,0.7019893,C,0.73419183,0.005502999,C,A
z-ai__glm-5.2__rep03,z-ai/glm-5.2,3,8,111,"Conversely, others approach the issue from a stance of scientific optimism and human agency. They argue that humans have manipulated nature for millennia through agriculture and medicine, and that genome editing is simply the next logical step. From this perspective, halting scientific progress out of fear is to deny our capacity for ingenuity and moral reasoning. They believe that with robust democratic oversight and strong regulatory frameworks, we can harness the benefits of genome editing while mitigating its risks. This view places high value on autonomy, suggesting that individuals should have the right to make reproductive and health choices using the best available science, provided they do not directly harm others.",0.77611375,0.75476295,0.7563168,0.76263607,0.75240695,0.721407,A,0.77611375,0.013477683,A,A
z-ai__glm-5.2__rep03,z-ai/glm-5.2,3,9,121,"As you begin your deliberations, you will find that these perspectives frequently overlap and collide. A desire to cure disease must be weighed against the risk of exacerbating inequality. The promise of scientific progress must be balanced against the need for caution and safety. Respect for human diversity must be considered alongside the autonomy of parents who want the best for their children. There are no simple answers. The task before you is to thoughtfully navigate these competing values. By listening to the hopes and fears of your fellow citizens, and by bringing your own lived experiences to the table, you will help shape a regulatory approach for Australia that reflects our shared commitment to a just, compassionate, and responsible future.",0.67157096,0.6908766,0.6729678,0.7011677,0.65396273,0.66330975,D,0.7011677,0.0102911,D,D
z-ai__glm-5.2__rep04,z-ai/glm-5.2,4,0,124,"As we convene this citizens' assembly to deliberate on the future of human genome editing in Australia, it is essential to recognize the profound complexity and deeply personal nature of this topic. The advent of technologies like CRISPR-Cas9 has transformed science fiction into scientific reality, offering the unprecedented ability to rewrite the very code of human life. This report aims to map the broad landscape of perspectives, arguments, values, hopes, and concerns that surround this issue. It does not advocate for a particular outcome but seeks to equip assembly members with a comprehensive understanding of the diverse viewpoints held by people across the country. We must explore the scientific possibilities, the ethical dilemmas, the societal implications, and the regulatory challenges that these technologies present.",0.6859258,0.7306315,0.7311947,0.6986891,0.71380043,0.66405314,C,0.7311947,0.0005632043,C,B
z-ai__glm-5.2__rep04,z-ai/glm-5.2,4,1,121,"At the heart of the debate are the profound medical hopes that genome editing inspires. Many approach this technology through the lens of alleviating human suffering and combating inherited diseases. Somatic cell editing, which alters the genes of an existing person to cure a condition, has already shown promise in treating disorders like sickle cell anemia. From this perspective, genome editing is a continuation of humanity's long quest to heal the sick, akin to the development of vaccines or antibiotics. Proponents argue that we possess a moral imperative to use these tools to treat devastating genetic conditions. For families touched by these conditions, the hope is that editing could eliminate the burden of disease, allowing individuals to live longer, healthier lives.",0.74410427,0.7425476,0.7490216,0.7877305,0.73739845,0.7190824,D,0.7877305,0.038708925,D,D
z-ai__glm-5.2__rep04,z-ai/glm-5.2,4,2,123,"The conversation becomes significantly more complex when considering germline editing, which involves modifying embryos, sperm, or eggs. Changes made here are heritable, meaning they will be passed down to future generations. The primary hope for germline editing is the eradication of severe hereditary diseases from a family lineage. Supporters argue that preventing a child from being born with a debilitating condition is a compassionate and rational use of science. However, this introduces profound concerns about the boundaries of human intervention. Altering the human gene pool carries irreversible consequences, raising the specter of unintended genetic effects that could echo through generations. Critics worry that we lack the wisdom to safely direct human evolution, emphasizing the hubris of making permanent changes to our shared biology.",0.6762742,0.6910248,0.7071072,0.71126544,0.7038491,0.67391104,D,0.71126544,0.0041582584,D,D
z-ai__glm-5.2__rep04,z-ai/glm-5.2,4,3,114,"A major thread running through the public discourse is the concern for equity, access, and social justice. In a society that values egalitarianism, there is deep apprehension that genome editing could exacerbate existing disparities, creating a genetic divide between the rich and the poor. If therapies are prohibitively expensive, they may only be available to the wealthy. This concern extends to germline editing, where fears of designer babies are prevalent. If the wealthy can purchase genetic enhancements for their children—increasing intelligence, physical prowess, or cosmetic traits—the resulting social stratification could be unprecedented. Participants must grapple with whether regulation can effectively prevent a future of biological inequality, or if the commercialization of genetics is inevitable.",0.7282257,0.80386436,0.78009343,0.74784267,0.77931833,0.75258577,B,0.80386436,0.023770928,B,B
z-ai__glm-5.2__rep04,z-ai/glm-5.2,4,4,128,"The perspectives of the disability rights community form a crucial part of this landscape. Many disability advocates express deep unease with the narrative that certain genetic conditions need to be edited out of the human genome. They argue that this rhetoric devalues the lives of people currently living with disabilities, framing their existence as a defect to be corrected rather than a natural variation of the human experience. For these advocates, the push toward genome editing evokes historical traumas associated with eugenics. They worry that a societal expectation of perfect babies will lead to decreased support and accommodation for people with disabilities, as society begins to view disabilities as preventable mistakes. This perspective challenges the assembly to balance the desire to cure disease with a commitment to inclusivity.",0.67301273,0.7028092,0.7175098,0.718662,0.7055919,0.6724733,D,0.718662,0.0011522174,D,D
z-ai__glm-5.2__rep04,z-ai/glm-5.2,4,5,115,"The distinction between therapy and enhancement is another area of intense debate. While there is broad consensus that curing a disease is a worthy goal, the line between treatment and enhancement is often blurry. For instance, using gene editing to boost a child's immune system or improve memory could be framed as a preventative health measure or an unfair advantage. Some argue that society should embrace human enhancement, viewing it as the next step in human advancement and a way to adapt to future challenges. Others vehemently oppose enhancement, arguing that it commodifies human life, undermines the virtue of acceptance, and places undue pressure on parents to engineer their children to meet arbitrary societal standards.",0.7010772,0.6694131,0.68256533,0.699895,0.6715233,0.666045,A,0.7010772,0.0011821985,A,A
z-ai__glm-5.2__rep04,z-ai/glm-5.2,4,6,114,"Religious and deeply philosophical perspectives also shape the landscape of genome editing. For some, the human genome possesses a sacred quality, and altering it represents an overstep of human bounds, often described as playing God. This viewpoint holds that the randomness of genetic inheritance is a fundamental aspect of the human condition that should not be overly controlled. Conversely, other traditions argue that humanity has been granted the intellect to shape the world, including our biology, and that failing to use our tools to alleviate suffering would be a moral failing. The assembly will need to navigate these deeply held beliefs, recognizing that concepts of natural law, human dignity, and moral responsibility vary widely.",0.69592005,0.7013083,0.73058724,0.7338807,0.7161496,0.69272536,D,0.7338807,0.0032934546,D,D
z-ai__glm-5.2__rep04,z-ai/glm-5.2,4,7,113,"From a scientific and regulatory standpoint, there are competing concerns about managing this emerging technology. Some argue for stringent regulation or outright bans on certain applications, particularly germline editing, citing safety concerns and the inability to obtain consent from future generations. They point to the risks of off-target mutations, where the editing tool inadvertently alters the wrong part of the genome. Others advocate for a more permissive environment, arguing that overly strict laws will drive the practice to the black market or to nations with lax oversight. This perspective emphasizes that regulated research is the safest way to understand the technology. Australian participants must consider how domestic regulations interact with global scientific trends.",0.7152049,0.7540753,0.7472341,0.7123349,0.72110903,0.7112417,B,0.7540753,0.0068411827,B,B
z-ai__glm-5.2__rep04,z-ai/glm-5.2,4,8,111,"The deliberation before this assembly is not merely a technical exercise but a profound reflection on our collective values. It requires balancing the undeniable desire to heal and prevent suffering against the potential for irreversible changes to human biology and society. As you engage with these perspectives, you will encounter arguments that pull in opposite directions, championing both human ingenuity and natural boundaries. You will be asked to weigh the individual right to access potentially life-saving treatments against the collective risk of genetic inequality. You will consider the stories of those who desperately seek cures, alongside the voices of those who fear being marginalized by a society striving for genetic perfection.",0.6130995,0.64914936,0.6395244,0.6468612,0.61593676,0.61506313,B,0.64914936,0.0022881627,B,D
z-ai__glm-5.2__rep04,z-ai/glm-5.2,4,9,105,"This report is intended to serve as a starting point for your collective journey. By understanding the broad array of hopes for eradicating disease, the fears of exacerbating inequality, the concerns of the disability community, and the profound ethical questions regarding human enhancement, the assembly can approach the deliberation with empathy and nuance. The choices made in this room will reflect not only the current state of science but also the kind of society we aspire to be. It is through carefully weighing these diverse perspectives that a balanced, thoughtful, and democratic consensus on the regulation of human genome editing in Australia can be achieved.",0.74442965,0.77939606,0.7643796,0.7681799,0.7476233,0.7014856,B,0.77939606,0.011216164,B,B
z-ai__glm-5.2__rep05,z-ai/glm-5.2,5,0,125,"Welcome to this citizens' assembly. As we prepare to deliberate on the future of human genome editing, it is essential to recognize that we are engaging with a technology that strikes at the very heart of what it means to be human. Human genome editing involves making precise changes to the DNA within our cells, and while the underlying science is complex, the questions it raises are profoundly human. This briefing material is designed not to provide definitive answers, but to map the diverse landscape of perspectives, arguments, and values that surround this issue. By understanding the varied hopes and concerns that people hold, you will be better equipped to navigate the complexities of whether and how Australia should permit and regulate this powerful technology.",0.686607,0.7281353,0.72461843,0.7102028,0.7084695,0.66263616,B,0.7281353,0.0035168529,B,B
z-ai__glm-5.2__rep05,z-ai/glm-5.2,5,1,156,"For many, the most compelling argument in favor of genome editing is the profound hope to alleviate human suffering. The technology holds the potential to correct genetic mutations that cause devastating, often fatal, hereditary conditions such as cystic fibrosis, Huntington’s disease, and sickle cell anemia. From this perspective, the moral imperative is clear: if we possess the ability to cure a child of a painful disease before they are even born, or to prevent a family from passing on a tragic genetic legacy, we have a duty to do so. Proponents argue that genome editing is simply the next step in the long history of medical innovation, a tool to improve human health and extend lives. They emphasize the concept of therapeutic benefit, focusing on how editing the genomes of individual patients—known as somatic editing—can be used as a targeted treatment much like any other medical intervention, affecting only the patient and not their future offspring.",0.74946487,0.7453963,0.75574726,0.7838778,0.74114525,0.7276583,D,0.7838778,0.028130531,D,D
z-ai__glm-5.2__rep05,z-ai/glm-5.2,5,2,145,"However, the landscape of opinion shifts dramatically when considering germline editing, which involves altering the DNA of embryos, sperm, or eggs. These changes are heritable, meaning they will be passed down to all future generations. Those who urge caution or outright prohibition of germline editing point to the unknown and potentially irreversible consequences. The human genome is an intricate ecosystem, and altering one gene might inadvertently trigger unforeseen health issues down the line, a phenomenon often described as off-target effects. From this viewpoint, the precautionary principle must guide our actions. We simply do not have the foresight to safely engineer the human gene pool, and the risks of causing new genetic diseases in future generations are too great to justify the procedure. There is a deep concern about taking risks on behalf of future people who cannot consent to the alterations made to their biology.",0.65841395,0.71724486,0.7164535,0.6966429,0.71578974,0.66157216,B,0.71724486,0.00079137087,B,E
z-ai__glm-5.2__rep05,z-ai/glm-5.2,5,3,131,"Beyond the immediate medical risks, profound social and ethical concerns are woven into the fabric of this debate. One of the most prominent fears is the specter of eugenics and the creation of so-called designer babies. If the technology can be used to cure disease, it could theoretically be used to enhance human traits like intelligence, athletic ability, or physical appearance. Critics argue that allowing genome editing for enhancement purposes could exacerbate existing social inequalities, creating a genetic divide between the wealthy, who could afford to upgrade their children, and those who cannot. This raises fundamental questions about equity and justice. If these technologies become available, how do we ensure they do not lead to a new form of biological aristocracy, where socioeconomic advantages are permanently inscribed into the human genome?",0.70320326,0.7619967,0.75035477,0.71487635,0.7470939,0.7038935,B,0.7619967,0.01164192,B,B
z-ai__glm-5.2__rep05,z-ai/glm-5.2,5,4,130,"The disability rights community brings a crucial and often challenging perspective to this deliberation. Many activists argue that framing certain genetic conditions as defects to be eradicated devalues the lives of people currently living with disabilities. They point out that the challenges associated with disabilities are often the result of a society that is not accommodating, rather than the condition itself. From this perspective, the push to edit away conditions like deafness or dwarfism is a form of eugenics that enforces a narrow definition of what constitutes a normal or valuable human life. This viewpoint challenges the assembly to consider the difference between preventing suffering and preventing the existence of certain types of people, urging us to build a society that celebrates neurodiversity and genetic variation rather than eliminating it.",0.6023108,0.6275138,0.64355165,0.657663,0.63779724,0.62780803,D,0.657663,0.01411134,D,D
z-ai__glm-5.2__rep05,z-ai/glm-5.2,5,5,136,"Philosophical and religious viewpoints also deeply inform the public’s stance on human genome editing. For some, the idea of altering the fundamental building blocks of human life represents an unacceptable overreach, a modern-day version of playing God. These perspectives often emphasize the sanctity of the natural order and the inherent dignity of human life in its unmodified state. They caution against the hubris of believing we can improve upon nature, warning that such attempts often lead to unforeseen moral and societal decay. On the other hand, some theological and philosophical traditions argue that humans have been given the capacity to reason and to heal, and that using our intellect to cure disease is a fulfillment of our moral duty to care for one another. From this angle, editing genes is an act of compassion and stewardship.",0.7535101,0.75052667,0.78509843,0.7920859,0.7634032,0.7358133,D,0.7920859,0.0069874525,D,D
z-ai__glm-5.2__rep05,z-ai/glm-5.2,5,6,124,"As you deliberate, you will also need to consider the practical realities of regulation and governance. A complete ban might push the practice underground or to jurisdictions with less oversight, creating dangerous black markets and medical tourism. Conversely, a highly permissive approach could accelerate the use of the technology before its long-term implications are fully understood. The challenge for the assembly will be to find a path that reflects Australian values, balancing the drive for medical innovation with the need for ethical boundaries and equitable access. You must weigh where the line should be drawn: should editing be allowed only for life-threatening diseases, for any medical condition, or not at all? How do we define what is a serious disease versus a mere trait?",0.5927949,0.64949673,0.6369711,0.6464945,0.6150017,0.62369406,B,0.64949673,0.0030022264,B,D
z-ai__glm-5.2__rep05,z-ai/glm-5.2,5,7,130,"Ultimately, the question of human genome editing is not just a scientific or regulatory one; it is a question of what kind of society we want to build. It asks us to balance the profound compassion we feel for those suffering from genetic diseases against the fear of unintended consequences and social division. It requires us to listen to the diverse voices of patients, scientists, ethicists, and everyday citizens. As you begin your deliberations, keep in mind that there are no simple answers or absolute certainties in this landscape. Your task is to navigate these competing values, to find common ground where possible, and to help shape a framework that is both humane and prudent, ensuring that this powerful technology is used in a way that benefits all of humanity.",0.7048546,0.7426479,0.7365334,0.73086834,0.7107173,0.6663451,B,0.7426479,0.006114483,B,B
z-ai__glm-5.2__rep06,z-ai/glm-5.2,6,0,131,"Welcome to this citizens' assembly. As you prepare to deliberate on the future of human genome editing in Australia, this report aims to map the broad landscape of perspectives, arguments, and values surrounding this profound issue. Human genome editing involves altering the DNA within human cells, and the debate generally distinguishes between somatic editing, which changes only the individual treated, and germline editing, which alters sperm, eggs, or embryos, passing changes down to all future generations. Additionally, discussions often differentiate between therapeutic uses, aimed at treating or preventing disease, and enhancements, aimed at improving traits like intelligence or physical strength. The views you will encounter are deeply felt and often rooted in fundamentally different visions of what it means to be human and what kind of society we wish to build.",0.71490395,0.75716746,0.75638187,0.75269127,0.758821,0.70167845,E,0.758821,0.001653552,E,E
z-ai__glm-5.2__rep06,z-ai/glm-5.2,6,1,151,"At the heart of enthusiastic support for genome editing is a profound hope for healing. Proponents argue that we have a moral imperative to alleviate human suffering when we possess the technological means to do so. For families touched by severe genetic conditions like Huntington’s disease, cystic fibrosis, or certain inherited cancers, gene editing offers the promise of permanently eradicating these burdens. From this perspective, the technology is a natural extension of modern medicine, much like antibiotics or vaccines, representing humanity’s ongoing triumph over the cruelties of nature. Supporters emphasize the values of compassion, biomedical progress, and autonomy, arguing that individuals should have the right to access cutting-edge treatments to secure their own health and the health of their children. In the context of somatic gene therapies, where changes are not inherited, many see the risk-to-benefit ratio as highly favorable, viewing overly cautious regulations as an active barrier to life-saving interventions.",0.7646003,0.7718422,0.7766043,0.80041873,0.7509527,0.7450701,D,0.80041873,0.02381444,D,D
z-ai__glm-5.2__rep06,z-ai/glm-5.2,6,2,130,"However, the prospect of germline editing introduces profound concerns about intergenerational ethics and unintended consequences. Because germline modifications alter the DNA of future generations who cannot consent to the procedure, critics argue that we are treating unborn people as subjects of an irreversible experiment. There are significant worries about the long-term safety of these edits, including the possibility of off-target effects where the genetic scissors inadvertently alter the wrong parts of the genome, potentially causing new diseases or developmental disorders years or decades down the line. From this viewpoint, the precautionary principle must prevail. Critics stress that our understanding of the human genome is still evolving, and removing a gene associated with a disease might inadvertently strip away unknown beneficial traits, fundamentally compromising the biological resilience of the human species.",0.65797955,0.6950767,0.7158504,0.6906508,0.698093,0.66664153,C,0.7158504,0.017757416,C,C
z-ai__glm-5.2__rep06,z-ai/glm-5.2,6,3,135,"The Australian commitment to a fair go is heavily tested when discussions shift from therapy to genetic enhancement. A major anxiety within the community is that genome editing could create a biological divide, exacerbating existing social inequalities. If only the wealthy can afford to engineer taller, stronger, and smarter children, social stratification could become encoded in our DNA, leading to an irreversible genetic aristocracy. This concern taps into deep values of egalitarianism and social justice. Opponents of enhancement argue that allowing market forces to dictate human traits commodifies human life and resurrects the dark specter of eugenics, where society judges the worth of a person based on their genetic makeup. From this perspective, the line between curing disease and optimizing human performance is ethically critical, and crossing it threatens the very foundation of human equality.",0.65709215,0.70143175,0.7030883,0.682415,0.69723254,0.6603136,C,0.7030883,0.0016565323,C,E
z-ai__glm-5.2__rep06,z-ai/glm-5.2,6,4,130,"Deeply intertwined with these social concerns are the voices advocating for disability rights and neurodiversity. Many disability advocates warn that framing certain genetic conditions as errors to be edited out devalues the lives of people currently living with those conditions. They argue that many challenges associated with disabilities are not inherent to the condition, but rather a result of a society that refuses to accommodate neurodivergent and physically diverse individuals. From this perspective, a rush to eradicate genetic differences threatens to narrow the human gene pool and eliminate the rich tapestry of human experience. These advocates stress the value of acceptance and accommodation over elimination, warning that a society focused on genetic perfection might become less tolerant of imperfection, increasing stigma against those who do not fit the engineered mold.",0.64627165,0.67513436,0.68329686,0.6712775,0.65538156,0.65250146,C,0.68329686,0.0081624985,C,C
z-ai__glm-5.2__rep06,z-ai/glm-5.2,6,5,141,"Beyond the clinical and social arguments, the debate is profoundly shaped by philosophical, spiritual, and religious worldviews. For many, the human genome holds a sacred or natural status that should not be tampered with, viewing genetic manipulation as humanity overstepping its bounds. This perspective often emphasizes humility, suggesting that we lack the wisdom to safely rewrite the code of life. Conversely, others approach the issue from a secular humanist framework, arguing that humans have always shaped our environment and ourselves, and that using our intellect to conquer genetic disease is the highest expression of our humanity. In the Australian context, it is also vital to consider Indigenous perspectives, which often view kinship, bloodlines, and connection to ancestors in ways that clash with the concept of manipulating human DNA, raising unique questions about sovereignty over the genetic heritage of First Nations peoples.",0.66121864,0.6894993,0.710115,0.681953,0.6816559,0.6522321,C,0.710115,0.020615697,C,C
z-ai__glm-5.2__rep06,z-ai/glm-5.2,6,6,142,"As you deliberate on how Australia should respond to these possibilities, you will need to grapple with the question of regulation and governance. Some argue for strict, globally aligned bans on germline editing and enhancements, fearing that permissive regulations in one nation could spur a dangerous international biological arms race or lead to rogue actors exploiting the technology. Others advocate for a regulated but permissive approach, suggesting that a blanket ban would simply drive the practice to unregulated black markets or offshore clinics, putting patients at greater risk. They argue that Australia, with its robust medical regulatory frameworks, could lead by example, establishing strict ethical guardrails that allow for therapeutic innovation while prohibiting enhancements. The challenge lies in enforcing these regulations in an era of global medical tourism and rapidly democratizing biotechnology, where the tools to edit genes are becoming increasingly accessible.",0.62761855,0.68880385,0.6730465,0.6712744,0.6484596,0.63518405,B,0.68880385,0.015757322,B,B
z-ai__glm-5.2__rep06,z-ai/glm-5.2,6,7,120,"Ultimately, there are no simple answers to the questions you are confronting. The landscape of human genome editing is a complex terrain of competing rights, profound responsibilities, and uncertain futures. As you begin your deliberations, you will be asked to weigh the promise of eradicating terrible diseases against the risks of irreversible biological harm. You must consider how to foster scientific innovation while protecting the egalitarian values that Australians hold dear. By listening to these diverse perspectives, engaging with the underlying values, and respecting the deeply held concerns of your fellow citizens, you can help chart a course that reflects the kind of future we want to build, ensuring that this powerful technology serves the common good of all Australians.",0.73898685,0.7889578,0.7749294,0.7740528,0.7671924,0.73109794,B,0.7889578,0.01402837,B,B
z-ai__glm-5.2__rep07,z-ai/glm-5.2,7,0,123,"Welcome to the citizens' assembly. You are entrusted with a profound responsibility: to deliberate on the future of human genome editing in Australia. This technology allows scientists to alter the very blueprint of human life. Before diving into the hard work of deliberation, it is essential to survey the broad landscape of perspectives, hopes, and fears surrounding this issue. The debate is not simply a matter of being for or against the science; it is a complex web of competing values, ethical dilemmas, and visions for the future of humanity. By understanding the diverse viewpoints that exist in our society, you will be better equipped to navigate the nuanced questions of whether and how Australia should permit and regulate these powerful new capabilities.",0.66045856,0.69956625,0.6881355,0.67786866,0.687872,0.6472799,B,0.69956625,0.01143074,B,B
z-ai__glm-5.2__rep07,z-ai/glm-5.2,7,1,129,"At the heart of the optimism surrounding genome editing is the profound hope of alleviating human suffering. For families burdened by devastating hereditary conditions, such as Huntington's disease or cystic fibrosis, this technology represents a beacon of hope. Proponents argue that if we possess the tools to correct the genetic mutations that cause immense pain and early death, we have a moral imperative to use them. This perspective emphasizes compassion and the progressive march of medical science. It draws parallels to previous medical revolutions, such as vaccines or antibiotics, suggesting that genome editing is merely the next logical step in our quest to conquer disease and improve the human condition. Proponents also point to the potential long-term benefits of reducing the burden of chronic disease on public health infrastructure.",0.71449304,0.68128115,0.6925801,0.74661255,0.68069696,0.67080456,D,0.74661255,0.032119513,D,D
z-ai__glm-5.2__rep07,z-ai/glm-5.2,7,2,121,"However, the distinction between treating disease and enhancing human traits forms one of the most contentious battlegrounds in this debate. While many agree on the desirability of curing a fatal illness, the prospect of using genome editing for enhancement—selecting for greater intelligence, physical strength, or specific characteristics—raises profound anxieties. Critics warn of a slippery slope leading to designer babies, where children are treated as commodities engineered to meet parental expectations. This concern taps into deep-seated values about the unconditional acceptance of children and the intrinsic worth of human beings regardless of their genetic makeup. The challenge for regulators and ethicists is determining where the line between therapy and enhancement lies, a boundary often blurred by societal definitions of normality and disability.",0.7057188,0.7245851,0.7462504,0.74298805,0.72278124,0.7083871,C,0.7462504,0.003262341,C,D
z-ai__glm-5.2__rep07,z-ai/glm-5.2,7,3,126,"The disability rights community brings a crucial and often overlooked perspective to this conversation. Many advocates express concern that the push to eliminate genetic conditions stems from a societal prejudice that devalues the lives of people currently living with disabilities. From this viewpoint, the framing of certain genetic variations as errors to be edited out suggests that disabled lives are somehow less valuable. This perspective urges the assembly to consider the social model of disability, which posits that people are often disabled more by societal barriers than by their physical or genetic conditions. The fear is that a societal embrace of genome editing could diminish diversity and lead to a less tolerant society, pressuring parents to conform to a narrow genetic ideal of a perfect child.",0.6368438,0.69235545,0.6924324,0.6777529,0.68267214,0.6479565,C,0.6924324,7.69496e-05,C,E
z-ai__glm-5.2__rep07,z-ai/glm-5.2,7,4,132,"Equity and access represent another major pillar of the debate. In a society that already grapples with socioeconomic disparities, the introduction of highly sophisticated and likely expensive genetic technologies threatens to widen the gap. If genome editing is accessible only to the wealthy, it could create a permanent biological divide, resulting in a genetic underclass. This concern is particularly resonant in Australia, where the egalitarian ethos and the principle of universal healthcare are deeply cherished. Participants must consider whether a technology that fundamentally alters human biology can be equitably distributed, or whether its commercialization will inevitably lead to a stratified society where genetic advantages are bought and sold. The question of whether public funds should support access to these technologies to ensure equity is bound to be a point of significant deliberation.",0.6773153,0.7651782,0.7337911,0.7050745,0.72191274,0.70743006,B,0.7651782,0.03138709,B,B
z-ai__glm-5.2__rep07,z-ai/glm-5.2,7,5,137,"The distinction between somatic and germline editing adds another layer of complexity. Somatic editing alters the genes in a patient's body to treat a disease, affecting only that individual. Germline editing involves altering the DNA of embryos, sperm, or eggs, meaning those changes are passed down to all future generations. The prospect of germline editing evokes fears of irreversible consequences and the law of unintended outcomes. Opponents argue that we do not yet understand the full ecological and evolutionary impacts of permanently altering the human gene pool. Furthermore, there is the profound ethical issue of consent, as future generations cannot consent to the genetic modifications made by their ancestors. Those who advocate caution argue for prioritizing somatic therapies while placing strict moratoriums on heritable edits until the science is proven safe and a societal consensus is reached.",0.6433892,0.6940022,0.7047241,0.6885695,0.6958639,0.66456765,C,0.7047241,0.008860171,C,E
z-ai__glm-5.2__rep07,z-ai/glm-5.2,7,6,116,"Woven throughout these practical concerns are deeply held philosophical and religious beliefs. For some, altering the human genome crosses a fundamental line, amounting to playing God and usurping the natural order of creation. This perspective values the human genome as an inheritance to be respected and protected, not treated as software code to be rewritten. Conversely, others argue that humanity has always shaped its own evolution through technology and medicine, and that our capacity to reason and intervene is itself a natural part of who we are. Reconciling these diverse worldviews requires a tolerance for ambiguity and a recognition that in a pluralistic society like Australia, there is no single moral authority to which everyone defers.",0.7237806,0.7379954,0.76207733,0.7482039,0.74981457,0.7191103,C,0.76207733,0.012262762,C,E
z-ai__glm-5.2__rep07,z-ai/glm-5.2,7,7,123,"The regulatory landscape cannot be viewed in isolation from the global context. Even if Australia decides to heavily restrict or ban certain forms of genome editing, the technology will be available elsewhere. This raises the specter of medical tourism, where individuals travel overseas to access unregulated procedures, potentially returning with altered genetics or embryos. This global reality places pressure on policymakers to find a balance. An outright ban might drive the practice underground, removing the ability to ensure safety and ethical oversight. Conversely, a permissive approach might inadvertently encourage a commercial market that prioritizes profit over ethics. The assembly must consider how Australia can engage with the international community to establish norms and standards, while also crafting domestic regulations that reflect Australian values.",0.56310093,0.62073785,0.6117091,0.601783,0.5916701,0.5744785,B,0.62073785,0.009028733,B,B
z-ai__glm-5.2__rep07,z-ai/glm-5.2,7,8,113,"As you prepare to deliberate, remember that the goal is not to eliminate these conflicting perspectives but to weigh them against one another. You will be asked to balance the profound desire to cure disease with the imperative to protect human dignity and diversity. You must consider how to foster scientific innovation while safeguarding against exploitation and inequity. There are no predetermined right answers, and consensus may be difficult to achieve. By engaging thoughtfully with the hopes, fears, and values outlined here, you can help chart a course for Australia that navigates the profound ethical waters of human genome editing with wisdom, compassion, and a deep respect for the complexities of human life.",0.7171828,0.73307073,0.74140686,0.7440698,0.7118672,0.6872149,D,0.7440698,0.0026629567,D,D
z-ai__glm-5.2__rep08,z-ai/glm-5.2,8,0,123,"As you prepare to deliberate on the future of human genome editing in Australia, this report aims to map the complex landscape of perspectives surrounding this profound technological advancement. Human genome editing, particularly using technologies like CRISPR, allows scientists to alter DNA sequences, offering the potential to correct genetic defects. The debate is not a simple binary of being for or against science; rather, it is a rich tapestry woven from diverse ethical commitments, hopes for healing, fears of unintended consequences, and questions about what it means to be human. By understanding the wide array of arguments and values that people bring to this issue, you will be better equipped to navigate the difficult trade-offs that lie at the heart of your deliberations.",0.6862701,0.7166908,0.72708994,0.704422,0.7031996,0.66351473,C,0.72708994,0.010399163,C,C
z-ai__glm-5.2__rep08,z-ai/glm-5.2,8,1,128,"To understand the varying perspectives, it is first necessary to grasp the fundamental scientific distinction that shapes the debate: the difference between somatic and germline editing. Somatic editing targets the cells of an existing individual to treat a disease, such as sickle cell anemia, and those changes are not passed on to the person's children. Germline editing, however, alters the DNA of embryos, sperm, or egg cells, meaning the modifications are heritable and will be passed down to all future generations. Because somatic editing affects only the individual being treated, many people view it through a similar lens to conventional medicine. Germline editing, conversely, raises entirely different and far more profound ethical alarms because it permanently alters the human gene pool without the consent of those future generations.",0.65946347,0.6905882,0.7073469,0.7207208,0.705095,0.68012094,D,0.7207208,0.013373911,D,D
z-ai__glm-5.2__rep08,z-ai/glm-5.2,8,2,121,"One of the most compelling and universally recognized perspectives in favor of genome editing is the profound hope it offers for eliminating devastating hereditary diseases. Proponents of this view argue that if humanity possesses the tools to eradicate conditions like cystic fibrosis, Huntington's disease, or muscular dystrophy, there is a strong moral imperative to do so. From this perspective, preventing suffering and disease is a fundamental good, and parents should have the right to ensure their children are born healthy. For families who have watched loved ones suffer from genetic conditions, genome editing is not an abstract scientific curiosity but a tangible promise of relief. This perspective is grounded in values of compassion, medical progress, and the alleviation of human suffering.",0.75225705,0.74579465,0.76489615,0.7936612,0.7539691,0.735633,D,0.7936612,0.028765023,D,D
z-ai__glm-5.2__rep08,z-ai/glm-5.2,8,3,129,"However, the pursuit of eliminating genetic diseases is met with a powerful counter-narrative from the disability rights community. Many advocates within this movement express deep concern that framing certain genetic traits as errors to be edited out reflects a eugenic mindset that devalues the lives of people currently living with disabilities. This is often referred to as the expressivist objection, which suggests that editing out a condition sends a societal message that a life with that condition is not worth living. From this viewpoint, the focus should be on improving societal support, accessibility, and inclusion for people with disabilities, rather than attempting to eliminate the conditions themselves. This perspective champions the values of neurodiversity, bodily variation, and the inherent dignity of all human beings regardless of their genetic makeup.",0.62984616,0.64169854,0.6727815,0.6778223,0.65428877,0.63814074,D,0.6778223,0.005040765,D,D
z-ai__glm-5.2__rep08,z-ai/glm-5.2,8,4,136,"Closely related to the disability rights perspective is the widespread concern regarding the slippery slope from therapy to enhancement. While there is broad public sympathy for curing disease, the line between treatment and enhancement is notoriously blurry. If genome editing can be used to cure a genetic immune deficiency, could it also be used to boost the immune system of a healthy child? Could it be used to select for increased height, enhanced intelligence, or specific physical traits? Many people fear the emergence of designer babies, where children are treated as consumer products tailored to their parents' specifications. This perspective is rooted in a desire to preserve the givenness of human nature, valuing the authenticity of unscripted human life and the unconditional acceptance of children as they are, rather than as they are engineered to be.",0.7500979,0.76446015,0.782316,0.78590417,0.7533802,0.75119114,D,0.78590417,0.00358814,D,D
z-ai__glm-5.2__rep08,z-ai/glm-5.2,8,5,117,"The prospect of genetic enhancement also brings acute concerns about social justice and equity to the forefront. Genome editing is an incredibly complex and expensive medical procedure. Many citizens worry that if enhancements become possible, they will initially be accessible only to the wealthy. This could lead to a genetic divide, where socio-economic inequality is permanently entrenched in the biology of the population. The wealthy would not only be able to provide their children with the best education and resources but also with superior genes. This perspective emphasizes the values of fairness, egalitarianism, and equal opportunity, warning that unregulated genome editing could create a biological aristocracy, fundamentally undermining the democratic ideal that all humans are created equal.",0.6401003,0.70500267,0.6818872,0.66443235,0.68404347,0.6598695,B,0.70500267,0.020959198,B,B
z-ai__glm-5.2__rep08,z-ai/glm-5.2,8,6,111,"Beyond the societal impacts, there are profound philosophical and religious objections rooted in the belief that humanity should not play God. For many individuals and faith traditions, the human genome is sacred, an intricate masterpiece that should not be tampered with. This viewpoint holds that humans lack the wisdom to safely redesign our own biological blueprint and that doing so exhibits a dangerous hubris. It emphasizes the sanctity of life, the intrinsic value of natural biological processes, and the humility required to accept human limitations. From this perspective, the risks of unintended evolutionary consequences or unforeseen health impacts down the generational line far outweigh the potential benefits of altering the germline.",0.6850988,0.70939124,0.734262,0.695828,0.7120335,0.67437464,C,0.734262,0.02222848,C,C
z-ai__glm-5.2__rep08,z-ai/glm-5.2,8,7,123,"The global and borderless nature of science introduces another layer of complexity regarding how genome editing might be regulated. There is a genuine concern about genome tourism, where individuals travel from countries with strict regulations to those with lax oversight to access these technologies. This creates a dilemma for national policymakers. If Australia were to implement a strict ban on certain types of editing, it might not prevent determined individuals from seeking those services abroad. This perspective highlights the tension between national sovereignty and the need for international consensus, raising questions about whether Australia should aim to lead by example with robust ethical standards, or whether it should attempt to regulate the technology domestically to keep it within a transparent and controlled framework.",0.5804361,0.6382714,0.63257766,0.61244994,0.6149634,0.58285207,B,0.6382714,0.0056937337,B,B
z-ai__glm-5.2__rep08,z-ai/glm-5.2,8,8,123,"The unpredictability of the technology itself is a major source of anxiety. Science is rarely perfect, and early applications of genome editing have shown the potential for off-target effects, where the editing tool alters unintended parts of the genome, potentially causing new diseases or disrupting healthy genes. When dealing with somatic editing, these risks are confined to the patient who has consented to the treatment. But with germline editing, a mistake is permanent and is passed down through the generations. Many argue that the precautionary principle must be heavily applied here, suggesting that the burden of proof should be on those wishing to proceed, and that humanity should not gamble with the genetic heritage of future generations until the technology is virtually flawless.",0.7230861,0.770083,0.7598205,0.73457336,0.74403846,0.72311807,B,0.770083,0.010262489,B,B
z-ai__glm-5.2__rep08,z-ai/glm-5.2,8,9,123,"As you sit together in this citizens' assembly, you are being asked to weigh these deeply held, and often conflicting, values. You must decide how to balance the hope of eradicating terrible diseases against the fear of devaluing the disabled. You must consider how to prevent the nightmare of genetic inequality while navigating the philosophical questions of human nature and the limits of scientific intervention. There are no purely objective or scientific answers to these questions; they require collective moral judgment. Your task is to reflect the diverse values of the Australian public, finding a path that either prohibits, permits, or carefully regulates this technology in a way that maximizes its benefits for human flourishing while protecting society from its most profound risks.",0.66626126,0.72444993,0.71049476,0.70211947,0.679816,0.6651614,B,0.72444993,0.013955176,B,B
z-ai__glm-5.2__rep09,z-ai/glm-5.2,9,0,122,"The rapid advancement of biotechnology has brought humanity to a profound threshold, placing tools in our hands that were once the exclusive domain of nature. As members of this citizens' assembly, you are being asked to deliberate on one of the most consequential scientific and ethical questions of our time: whether and how human genome editing should be permitted and regulated in Australia. To assist you in your deliberations, this report maps the diverse landscape of perspectives, arguments, values, hopes, and concerns that surround this complex issue. It is not designed to steer you toward a particular conclusion, but rather to lay out the wide array of societal views so that your discussions can be as informed, empathetic, and comprehensive as possible.",0.70992064,0.7648146,0.7505624,0.71675205,0.74083304,0.68500525,B,0.7648146,0.014252186,B,B
z-ai__glm-5.2__rep09,z-ai/glm-5.2,9,1,115,"At the heart of this debate is a scientific breakthrough that acts like molecular scissors, allowing scientists to alter DNA sequences with unprecedented precision. The applications of this technology fall into two distinct categories, vital for understanding the differing ethical stances. The first is somatic editing, which modifies the genes of existing patients to treat disease, with changes not passed on to their children. The second is germline editing, which alters the DNA of embryos, sperm, or eggs, meaning the modifications will be inherited by all future generations. While somatic editing is widely viewed as an extension of traditional gene therapy, germline editing raises deeper ethical alarms because it permanently alters the human gene pool.",0.70896244,0.7201677,0.73323935,0.73526484,0.72307545,0.709934,D,0.73526484,0.002025485,D,D
z-ai__glm-5.2__rep09,z-ai/glm-5.2,9,2,121,"For many, the most compelling argument in favor of genome editing is rooted in compassion and the deep desire to alleviate human suffering. Proponents argue that we have a moral imperative to use this technology to cure devastating hereditary diseases, such as Huntington’s disease, cystic fibrosis, sickle cell anemia, and muscular dystrophy. From this perspective, failing to use a safe and effective tool to prevent a child from being born with a painful, life-shortening condition is itself ethically questionable. The hope here is a future where families are freed from the burden of genetic diseases, where the first months of a child's life are not spent in a hospital, and where the emotional and financial toll of chronic illness is reduced.",0.7684357,0.7596544,0.7809238,0.7981899,0.75688815,0.7504987,D,0.7981899,0.017266095,D,D
z-ai__glm-5.2__rep09,z-ai/glm-5.2,9,3,116,"However, even among those who champion the medical benefits of genome editing, a significant boundary is often drawn between therapy and enhancement. Therapeutic editing aims to restore a person to a baseline of normal health, correcting genetic anomalies that cause illness. Enhancement, on the other hand, seeks to improve upon normal human traits, such as increasing intelligence, altering physical appearance, or boosting athletic ability. Many express deep unease about crossing this line, fearing a world of designer babies where children are engineered to meet parental specifications. This concern is tied to the value of unconditional love and acceptance, suggesting that children should be welcomed for who they are, rather than treated as products to be optimized.",0.7369729,0.7268522,0.7397896,0.7537668,0.7214325,0.7106334,D,0.7537668,0.01397717,D,A
z-ai__glm-5.2__rep09,z-ai/glm-5.2,9,4,114,"Safety and the precautionary principle form another major pillar of the public's concerns. Despite the precision of modern gene-editing tools, scientists acknowledge the risk of off-target effects, where unintended parts of the genome are accidentally altered, potentially causing new diseases or triggering cancer. When it comes to germline editing, these risks are magnified because any errors will be passed down through generations, becoming a permanent part of human evolution. Many argue that the long-term consequences of altering the human genome are simply too unpredictable, and that humanity lacks the wisdom to safely engineer its own biological future. This perspective emphasizes humility and urges caution, suggesting that our scientific capabilities have outpaced our ethical maturity.",0.7050059,0.742564,0.7397089,0.7200002,0.73093295,0.6909257,B,0.742564,0.002855122,B,E
z-ai__glm-5.2__rep09,z-ai/glm-5.2,9,5,126,"Closely linked to the fear of enhancement is a profound concern about social justice and equity. In a world where healthcare is unevenly distributed, there is a legitimate fear that genome editing could create a biological divide. If only the wealthy can afford to edit their children’s genes to prevent disease or enhance their traits, existing social inequalities could become entrenched in our biology, creating a genetic underclass. In the Australian context, where universal healthcare is a cherished value, citizens worry about how such expensive treatments would fit into the Medicare system. Would the wealthy buy superior health and traits, while those relying on public health systems are left behind? This perspective demands that the regulation of genome editing consider issues of access, affordability, and fairness.",0.69492733,0.77231574,0.74565315,0.7295171,0.72784024,0.7114855,B,0.77231574,0.026662588,B,B
z-ai__glm-5.2__rep09,z-ai/glm-5.2,9,6,117,"There is also a historical and cultural sensitivity that colors the debate, particularly the shadow of eugenics. The idea of selecting for desirable traits and editing out undesirable ones evokes memories of dark chapters in human history where governments attempted to improve populations through coercive means. Disability advocates, in particular, raise important concerns about the message that gene editing sends to people living with disabilities. If society views certain genetic conditions as something to be edited out of existence, does that implicitly devalue the lives of people currently living with those conditions? This perspective asks us to balance the desire to cure disease with a deep respect for neurodiversity and the inherent dignity of all human beings.",0.67725384,0.7131766,0.73364574,0.7179544,0.7189215,0.67421454,C,0.73364574,0.014724255,C,E
z-ai__glm-5.2__rep09,z-ai/glm-5.2,9,7,115,"Beyond secular and pragmatic arguments, the genome editing debate also touches upon fundamental philosophical and religious values. For some, altering the human genome represents an unacceptable overreach, a modern form of playing God that violates the sanctity of the natural order. This view holds that human life has an intrinsic value that should not be subjected to technological manipulation. Conversely, others argue that humans have always altered their environment and themselves to survive and flourish, and that using our intellect to cure genetic disease is simply the next step in human evolution. This viewpoint frames scientific progress as a noble expression of human ingenuity and a moral duty to ease the burdens of mortal life.",0.7603865,0.72540295,0.7578256,0.7655476,0.7501507,0.73260325,D,0.7655476,0.005161047,D,A
z-ai__glm-5.2__rep09,z-ai/glm-5.2,9,8,121,"Finally, there is the challenge of the global context and regulatory enforcement. Australia does not exist in a vacuum, and decisions made here will be influenced by, and have implications for, the rest of the world. Some countries have banned human germline editing outright, while others have more permissive research environments. There is a concern that if Australia bans genome editing, researchers and patients will simply travel to more permissive jurisdictions, leading to medical tourism and a brain drain of scientific talent. Conversely, if Australia is too permissive, it risks becoming a haven for unregulated and potentially dangerous genetic experimentation. This global dynamic means that domestic regulation must consider international treaties, the need for cross-border scientific collaboration, and enforcing Australian standards.",0.59473544,0.6442801,0.6277666,0.60609853,0.6023527,0.5854553,B,0.6442801,0.016513467,B,B
z-ai__glm-5.2__rep09,z-ai/glm-5.2,9,9,124,"As you prepare to begin your deliberations, it is important to recognize that these perspectives do not exist in isolation; they overlap, conflict, and challenge one another. You will be asked to weigh the profound hope of curing disease against the risks of unintended consequences and social division. You will need to consider the rights of parents to protect their future children against the rights of future generations to an unmanipulated genetic heritage. There are no simple answers or easy compromises in this debate. By engaging with this landscape of views, bringing your own values and experiences into the room, and listening to your peers, you will help shape a path forward for Australia that reflects the collective wisdom and conscience of our society.",0.66198605,0.7063118,0.6917121,0.68737847,0.69536334,0.67714185,B,0.7063118,0.010948479,B,E
z-ai__glm-5.2__rep10,z-ai/glm-5.2,10,0,128,"Welcome to the citizens' assembly. As you prepare to deliberate on the future of human genome editing in Australia, this report aims to provide a map of the diverse and deeply felt perspectives surrounding this technology. Human genome editing, particularly using tools like CRISPR, allows scientists to alter the very blueprint of human life. It carries immense promise and profound risk, sparking a global conversation about who we are and who we want to become. Before you begin your deliberations, it is helpful to understand the landscape of arguments, values, hopes, and concerns that people bring to this issue. This is not a simple binary of proponent versus opponent; rather, it is a complex tapestry of competing ethical commitments, practical worries, and visions for the future of humanity.",0.6923815,0.73692095,0.7401113,0.71082693,0.72522765,0.66992897,C,0.7401113,0.0031903386,C,B
z-ai__glm-5.2__rep10,z-ai/glm-5.2,10,1,163,"For many, the most compelling argument in favor of genome editing is the deeply human desire to alleviate suffering. Proponents point to the devastating impact of severe genetic diseases, such as Huntington’s disease, cystic fibrosis, and sickle cell anemia. Families affected by these conditions often view genome editing not as a scientific curiosity, but as a beacon of hope. In this light, the technology is seen as a moral imperative: if we have the power to prevent a child from enduring a life of pain or a premature death, we arguably have a duty to use it. This perspective often draws a distinction between somatic editing, which only affects the individual being treated, and germline editing, which alters sperm, eggs, or embryos and therefore passes changes on to future generations. While somatic editing is generally viewed similarly to traditional medical treatments, germline editing is where the ethical debates truly intensify, as it offers the permanent eradication of a disease from a family’s bloodline.",0.7514939,0.7613745,0.7785395,0.7952179,0.7640269,0.74024063,D,0.7952179,0.016678393,D,D
z-ai__glm-5.2__rep10,z-ai/glm-5.2,10,2,119,"Despite these hopes, significant concerns about safety and scientific uncertainty temper the enthusiasm of many. The human genome is an incredibly complex ecosystem, and making precise edits without unintended consequences remains a technical challenge. Critics and cautious scientists worry about off-target effects, where editing machinery mistakenly alters healthy genes, potentially causing new diseases. When it comes to germline editing, these risks are magnified because any mistakes are passed down to future generations, effectively using unborn children as subjects in an irreversible experiment. This leads many to invoke the precautionary principle, arguing that we should not proceed with clinical applications until we are absolutely certain of the long-term generational impacts, a standard of certainty that may be impossible to reach.",0.72170776,0.7536654,0.7591973,0.72221804,0.7316134,0.7091955,C,0.7591973,0.005531907,C,C
z-ai__glm-5.2__rep10,z-ai/glm-5.2,10,3,135,"Beyond safety, one of the most contentious battlegrounds is the line between therapy and enhancement. While there is broad consensus that curing a disease is desirable, the prospect of using genome editing to enhance normal human traits provokes widespread anxiety. If we can edit genes to cure a disorder, could we also edit them to increase intelligence, enhance physical strength, or alter appearance? The fear of designer babies looms large. Critics argue that embracing enhancement could lead to a loss of human authenticity and a hyper-competitive society where people are pressured to genetically optimize their children just to keep up. Drawing a legal and ethical line between preventing disease and enhancing traits is one of the most difficult tasks facing policymakers, as the definition of a normal human trait is highly subjective and constantly shifting.",0.7225206,0.74035704,0.7587589,0.7491029,0.7384607,0.7081661,C,0.7587589,0.009656012,C,C
z-ai__glm-5.2__rep10,z-ai/glm-5.2,10,4,142,"Closely tied to the enhancement debate are profound concerns about social equity and justice. In a society that prides itself on a fair go, the prospect of genetic advantages being available only to the wealthy strikes at the heart of Australian egalitarianism. If genome editing therapies are exorbitantly expensive, they could exacerbate existing inequalities, creating a biological divide between the genetically enhanced rich and the unenhanced poor. While Australia’s universal healthcare system might mitigate some of these disparities, the global context is stark. Many worry that without equitable access frameworks, genome editing will become a tool of elite privilege, both within our borders and internationally, widening the gap between the Global North and developing nations. The challenge for the assembly is to consider how the benefits of this technology can be shared broadly, rather than becoming a mechanism for entrenched social stratification.",0.668368,0.7366652,0.7057146,0.69073135,0.70324826,0.671949,B,0.7366652,0.030950606,B,B
z-ai__glm-5.2__rep10,z-ai/glm-5.2,10,5,146,"The perspectives of disability rights advocates introduce another vital layer to this landscape. Many people within the disability community express deep unease about the narrative that genome editing is a straightforward cure. They warn of the slippery slope from eliminating severe genetic diseases to eradicating disabilities, which they argue devalues the lives of people currently living with those conditions. This perspective challenges the medical model of disability, which frames difference as a defect to be fixed, and promotes instead a social model that focuses on accommodating and valuing human diversity. For some, the drive to edit away certain traits resonates uncomfortably with the dark history of eugenics, raising the alarm that society might be trying to breed out diversity rather than building a world that includes everyone. This view asks us to carefully consider whether we are alleviating suffering or simply eliminating the people who suffer.",0.70393014,0.73911095,0.74896264,0.7589667,0.74349725,0.7076793,D,0.7589667,0.010004044,D,D
z-ai__glm-5.2__rep10,z-ai/glm-5.2,10,6,111,"Intertwined with these social and medical arguments are profound philosophical and religious objections. For some, the human genome possesses an intrinsic sanctity, and altering it represents an unacceptable overreach into the natural order. This playing God argument suggests that humanity lacks the wisdom to safely and ethically manage the power to rewrite our own genetic code. Various faith traditions may view the genome as a divine creation that should not be tampered with, while secular philosophies might caution against a hubristic faith in technological progress. These viewpoints remind us that the debate involves fundamental questions of human nature, our relationship with the natural world, and the ethical limits of human ambition.",0.704635,0.7052641,0.74148905,0.7160916,0.71234894,0.69111305,C,0.74148905,0.02539748,C,C
z-ai__glm-5.2__rep10,z-ai/glm-5.2,10,7,148,"Finally, there is the practical challenge of regulation and governance. Even if Australia decides to permit certain forms of genome editing, enforcing those boundaries is fraught with difficulty. As technologies advance rapidly, rogue actors in jurisdictions with lax oversight could ignore international consensus. This raises questions about whether strict prohibitions in Australia might simply drive the practice underground or offshore, depriving local patients of potential cures while doing nothing to prevent the technology’s misuse elsewhere. Conversely, a too-permissive approach might make Australia a haven for unregulated experimentation. As you begin your deliberations, you are stepping into this complex landscape. You must weigh the profound desire to cure terrible diseases against the risks of irreversible biological changes, social inequality, and the erosion of human diversity. Your task is to reflect on these competing values and help shape a regulatory framework that genuinely serves the best interests of all Australians.",0.6348462,0.69658875,0.6802679,0.6850338,0.65896606,0.6527583,B,0.69658875,0.011554956,B,B
